dur,spkts,dpkts,sbytes,dbytes,rate,sttl,dttl,sload,dload,sloss,dloss,sinpkt,dinpkt,sjit,djit,swin,stcpb,dtcpb,dwin,attack_cat,label
-0.06803038331277844,-1.4530389860738773,0.5442499468647505,3.600291166019279,-2.6109557077159704,1.243997785642801,-1.3121020445854275,2.113712025180279,1.4544526717955992,0.06409317010565685,-0.5813073883399602,0.3193992377224194,0.17237085508723138,-0.22706516564371237,3.0279357773478783,-3.8942691566235585,3.019825115905838,-0.4616477458590575,1.8282955970284678,7.42497689958487,Analysis,1
-1.3856641974338435,-1.4241262346846608,-0.9271128306463181,4.503057993568748,-4.755284325424642,-2.9390002927527665,2.4977004467894526,-2.500040903945444,0.14556948043974274,0.8375707462399764,1.5150263841047142,2.3851925247887107,-11.966703808818906,-0.754717836942107,-0.43541597401264265,0.5151000509790855,4.4023404729188504,-0.7324100363594926,-2.0317236449659637,-0.6816962802682609,Normal,0
-1.9444543265574294,1.9309608494930979,3.961469369678377,-0.3854780154467159,1.3105277106517432,0.8284046354426837,-0.8372927419415053,3.119179683527485,-0.05130812440863104,-2.1743033847351185,-0.7778127881608037,0.8410322475778236,5.231625262211516,1.3712713963032201,-2.5495374315388624,-2.435577420838298,0.3968997278218085,-0.13536004063207652,0.07355171786571502,1.8178131261331858,Generic,1
3.5522626409082982,-4.968769119764541,-2.335409567763904,2.9644906767274053,-5.900068313408498,1.5026840019175722,-1.2923835183976664,0.37779012051622884,-0.697631905399534,-0.26150571501174846,-0.05289232502541122,1.1262169344838335,-3.2924235630497605,1.527185144183875,2.562318879225721,-1.6191936520453916,3.527344416974581,-0.2843463574743425,2.6645442029111264,3.395867732218635,Exploits,1
0.8647942326818115,0.3126032605694957,5.064507840207643,2.990339947331067,3.2650761161240425,1.0838815398319324,2.4858375753113533,3.486410076856795,-1.3558930257612087,-0.5407229816324284,-0.10330701666649811,-0.7359925622689203,14.390279356985912,-0.42143224839021776,-3.390506156289799,-2.1987693768077508,-0.3002382542332851,0.5535059868540404,0.5073583809946867,1.119575571419165,Exploits,1
-1.5761758174414346,0.4585549934156381,-1.675414441789051,0.7215818884088767,2.629023828418562,3.554003075957117,5.934247233755414,-1.8814239636329764,0.7423329335252394,0.29258102638406325,0.8973517023216558,-3.478411532295758,6.3070312786427145,-0.8084963992003955,-0.21269557816907714,1.4655628101812184,-1.976898310186067,0.17598818952546053,-0.1670875326252741,5.720150887766727,Normal,0
0.22806648615807656,-2.3744442400386996,-3.2514427950031255,-0.2930756786972073,-0.7006755772439088,-2.6416211095723474,4.291819070064377,1.4972365355072292,0.8724057467581466,1.8519855440148252,0.3856859266804977,1.030814181049233,-4.195562527986978,1.3157491868740676,-2.7974040524746986,0.49676735863710575,5.3597588704725565,-1.1823769376187656,1.5220306705284545,-1.3035228830097605,Analysis,1
-2.8705097785734415,3.340229022912138,-5.684375978449806,1.1912703177991677,3.8870231220540097,4.212431184925752,2.3030920686152525,-0.5341842679905998,-0.19655168210386603,0.16619189811255208,-0.5248496518491927,-1.091885025700544,3.8935495575581935,-0.6406557262793336,1.421058071345886,2.270307538761391,0.31356063850005755,-0.8935221249933404,1.2271834288328611,6.161014066604291,Normal,0
-0.6186069668085296,2.23409330850332,5.584184742871374,2.603503216815106,-1.325828394127606,-1.4623996345884067,0.29605412015062355,-3.141459519816639,0.22141059728852408,-0.18407372491165752,-0.3060162593896654,-3.2266579382904634,3.1524823267037942,1.6680284385448894,-1.649579333704997,0.32943058759650135,-2.65815960694212,0.932683609622001,-0.4571135549923879,-1.136161409562095,Normal,0
-3.063855914690326,3.5306756008103575,-8.648639593302837,-1.6715411925151435,-0.8087174555477343,2.9725675927490296,2.8302706600671543,-3.677605077728379,0.9845090725367348,2.2580889790380407,-0.43961482255903966,1.4004354396829024,-3.81993539471232,-1.0849213054775788,-2.7689684626274005,3.042017012026392,-0.14683601322853113,-0.014436018759578981,-0.12960821326215988,-1.7114258876844,Normal,0
-2.321634133470666,-0.19739648655636266,-7.794289670658653,-0.2290391385372188,-1.0532258393423073,2.377621656264872,1.7363267942358338,-1.685124484674176,2.6292382021284117,1.702702068367376,0.83589415114035,1.6921937349509681,-6.836692936431599,-0.6069179674999988,2.330776230646972,0.6384552578199527,1.1430930962499644,-0.05281424781697,-0.41189159073744464,3.5345407063167933,Fuzzers,1
-0.44755986850184415,4.0998806267241985,-5.911236623547479,-2.7864167106313262,-0.9827303279750388,1.5681358840711355,-3.908918262858252,-3.1832506845221054,1.331746056956171,0.771055592142144,-0.889738750373621,0.612463727961716,-1.938294512039941,0.8746341114616556,0.16755109943714963,0.2795735019088925,0.4341403512497086,0.08191091339751748,4.025539530327638,0.21462657094993137,Normal,0
-2.54223287619227,2.621101012097812,-0.5717543896259993,-1.8104077771640443,0.11611501851577177,0.9114537827975074,-3.0931958791325123,-1.631988708738648,-0.36516508141544946,-1.813293991982356,-0.13231491652930216,-1.8012688644590933,5.198330886101743,0.22545637737145813,-0.6113244576173047,-1.2065460863722022,-2.926124788407617,0.2141300436889329,4.119754474913116,2.41754805664721,Normal,0
-2.830648184129751,3.581662301624466,3.498689856419931,-3.3743760700346366,0.5174383301359844,3.405980357099297,1.479109546824669,1.8572160522937633,1.419302649277867,-0.9847844086115751,-0.02237733411017302,-3.636602667116874,1.648240128995628,1.7950589674972575,-1.1590781822078644,-0.1566259917192332,-0.24700516297580744,1.4161423815417427,-0.9327837801127741,5.937624327796836,Reconnaissance,1
2.3351455493307616,1.8582578723312997,-2.991671084719557,0.0639093518864462,3.5484094978849323,-1.0770832084214628,-2.2209391260493616,-1.6136561173531434,-0.7357455536280098,0.271502858798076,1.200996333626334,-0.3982696111768238,0.6212216888134069,1.0896024673459852,2.072200226235936,2.9907988760259316,0.9096833362948606,1.2956237825925556,2.3311383008271314,-1.8485338273767353,Normal,0
-0.7557000897212724,0.27825807102150746,-1.9180858413579664,3.7110837118971207,-0.06587663775488739,-2.974108271635692,3.2177356729608135,-2.844913269301089,-0.5738805396610188,1.153677276343716,0.4965738871826296,-1.8583927935732856,-2.769731278467357,0.9728676418083031,-1.2888003236342205,5.258637648913752,0.5472940796747623,0.018803012825838537,0.009056560983346396,-4.325145603701712,Normal,0
4.202621651906166,-0.701028940172184,-2.9109106002633647,1.0236622067602659,-2.7782409395768375,-0.9884374105830287,-9.267576340313894,-3.2520457925881425,-1.995013484671699,-1.6737033652213542,-0.5308739961123049,2.22705460665656,-10.381670867268342,-0.816481306964039,6.297892726909999,4.934393605141606,-1.8498879106782633,1.8231391320249368,-0.6458217646194266,-7.319087832836173,Fuzzers,1
-1.0882592525287307,1.603152750189134,-1.396887892489255,-1.3520698966812983,-2.768980376830615,1.9407902231817444,-1.6611259338581044,-0.9294706162381201,-0.4509938670467188,0.45069257911131977,0.13294893361066681,0.945574870604978,-5.831970801107003,-0.9755105863005183,1.5371430823458416,-2.02775970780565,1.5339785681401454,0.4009481381080697,-0.14182893242130956,4.09477630570899,Backdoor,1
-1.0004171329266014,2.0201833643519125,-7.518065583512792,2.5548872912324754,-0.3841524949679913,2.1475921809842533,-1.0280033815890723,-2.253375776559526,-2.2290281873998135,4.410472554804329,-1.0491553410602337,0.20584371711273208,2.939656559269249,0.4601201871158502,2.2388946035652078,0.04613324821278075,-2.3898526901967783,-0.9308282094389763,1.8609871582689714,0.03437480692301342,Normal,0
-0.013103744429938669,-0.8874429154304071,0.18381492507493508,-1.595808977496464,0.504340033979038,-0.9014390850537648,3.2953632442413103,-1.2314814312945082,-0.15029167852068678,0.23868793067761107,1.0160303936045114,-1.1070472695609672,-5.046490066152807,-0.21516087319502553,0.4800314385168093,0.39761729936499046,1.965433144893315,0.21644850949344063,-1.0282814335768546,2.6340527713119934,Fuzzers,1
-1.8109322276282143,-0.6020818054743526,-3.880992531059416,-1.2653834353437867,-0.007823474279746723,1.6570588898768013,4.189448977001067,-1.23731200860227,-0.4670784718230585,3.430275472999956,0.32894947683816733,-2.054302287603588,5.125895252061709,-0.8252982988286389,-1.551003125045848,-0.5229827497784785,-3.786353579914628,-0.0036568029911966345,0.504063796622246,0.22589357767299112,Normal,0
0.37180276838415205,2.6621066213970885,-9.73698119608038,-2.2029025117665593,0.8344995674716494,-0.7416400921607924,-1.3701180087427123,-4.393468471220599,1.5582729897346623,3.363396718135668,-0.3456114159169913,0.20509526625153995,0.5628420138479882,-1.8302562104126654,-0.8563339295801997,1.924033166475471,-0.3463080423704571,0.12687474079670522,5.482603693264373,-3.992880330794243,Normal,0
-1.123333146638421,-0.06324522094665785,2.374381025094622,3.64581760190443,-1.312512723620179,0.5594880470780407,1.5485343532259868,5.231712965548937,-1.6182671890502973,0.040750285494988825,1.7882156399829787,0.8415777380854009,13.10682546427495,-0.5430191352459328,-6.665234465866615,-3.4980669880023836,1.992182856601074,-1.129612361808736,3.6192886770417143,-0.3877181007049294,Backdoor,1
1.1530842016485856,1.947518498747828,4.101811762967548,-1.5205141646150813,-1.0936787291535826,0.5182411386237242,-3.8751944986236664,1.5954841711546526,-0.4266362434566224,-0.5524662148286179,0.9879437541091474,-1.1392882659303356,-1.4674266814279884,0.4095207618629686,1.4564795618589583,-0.8301391920600787,0.45987868269133725,0.736326867412079,-0.37288286140249294,1.0066745055448405,Worms,1
-1.5546466722686119,1.963416508632673,-1.0473724875590187,-3.2097208976848917,1.299111261191005,2.6805906161590847,0.8308392797083763,0.22879300687675985,0.2423142574513812,0.4052850050777731,-0.01693858290554884,-2.9869129617251318,5.839621781240657,-1.059668557457832,-0.4476436953122368,-1.6991660153245172,-1.1081075396709188,0.9005367329806482,2.931461441070616,5.608366400214391,Normal,0
1.6991751611777448,2.9548028286594663,7.128734388966913,-0.07389138370598047,-1.1134648290086129,1.855860500761561,-6.197353639456341,-0.9836099336381021,-1.3527348851099972,-4.277801037133251,1.6979655193513756,0.9475887066496209,-3.4218622930985143,2.1868009974432265,2.4813850258627568,-0.11130146293706256,-1.02271578830061,-1.436211925529107,-3.3436766592643674,0.7138919197868359,Normal,0
0.43017941450979313,-1.384628153724973,-0.8882098829171334,1.2482195530187807,0.8426919766081165,-0.5234799410600828,1.0461721867926108,2.437255128301122,0.08870358310773845,2.490128574263661,1.8869092859122965,0.45173976794596316,5.019697406474793,1.1755239713559191,-0.09419385587999907,-2.8141048114212315,0.6202012447355765,-1.1949378259506007,1.337568909893699,0.7997737345656968,Exploits,1
-1.4784665152455925,2.2292749204325393,2.7711712574717255,3.211965704677497,-0.43100329625018674,-2.1584331907889514,0.7070746223538266,-2.679226907907679,0.5669309652814761,0.7686821003381739,2.7509485335216635,-1.6478685891639802,-3.2576059531127024,0.8535519082398223,0.37593700069497715,2.0393411421030794,-0.9563047422323674,1.6129713899394713,-2.404465515404203,-1.6255634575196773,Normal,0
1.2635723897007223,2.237468647034821,-5.8497484752974955,-2.5556118159062136,4.612101784518662,-0.5967424035469409,2.0851823722985743,-3.818455259519248,0.5126717660618848,-0.8588185956708232,0.1782864895135976,-0.46884661388765314,0.16474098391359815,0.20869630408367235,-1.872785316853525,4.8788479807026155,2.2576848862383363,0.8677984994352393,3.4452937825792382,-1.8472714803959986,Normal,0
-3.8520198895601685,-0.47806657539177366,-7.053415288252641,1.5821090632854586,1.8268658245887819,-0.745199709257532,3.5323522361909165,-1.7591431006124778,0.02690518329032648,-0.5716621940053386,-0.1812987856697749,3.3986410460084073,-3.914483702366674,0.12748158779368524,-1.4183609710582283,2.4029876291321277,1.200542438388342,2.1585006059162986,-0.29308336571576366,-1.0583946518036185,Normal,0
-2.3944406035279333,2.3185515946388384,-10.902020086552225,0.623635372732787,1.6778548553346564,5.714271900667675,0.008640211234330009,-1.1137072805661936,1.430619554227438,1.9688732622939291,-0.5409090036835561,1.185273277918042,3.375700604505985,-0.30330182219937346,2.545856378834083,0.8197814841803095,-1.0110163236892737,1.186687477227967,2.525087539436312,4.819070727584037,Fuzzers,1
0.3626672859245119,1.1511951780693366,0.3959775575915224,-3.829388186631091,-2.7991728777927163,0.9137141833371087,-2.652858952651453,2.3720115327190765,-0.3963838730215868,1.0709288863329516,-0.017950294686128927,0.4667893188158514,-6.910718481773679,-0.01203689282592103,0.4973355412867797,-0.447469843771677,1.679854365297551,-0.4474482845167523,-1.2536847245904692,-0.6716053849975283,DoS,1
-1.5052254258684936,1.0678733128663955,-12.194236808294395,1.7872941181306037,1.2075674910890586,0.15680936184376804,4.41234567041744,-2.7927048630294173,-1.0154626260364303,6.530370935152399,1.8761402076818212,0.4034153927995747,2.454687566743109,1.6491817165266383,-1.955573037121373,3.769042234915424,-1.3575530432010405,-1.3476858205266178,2.0488379137432062,-5.758744945666898,Normal,0
-1.3908786623776233,3.645973844586203,1.750299757515967,0.8341881217204868,-0.6576597753010753,-2.066217479720848,-7.690105382500157,-1.2587323128199566,0.9639177026338356,-2.117338333011783,-0.9015912589117553,2.0814499735631697,-7.0344666090910515,-0.05126961473433782,2.6838942104905565,1.491548416709482,-1.2888685840161718,-1.6211363541203592,-1.4456965883235742,-3.9755489216412627,Normal,0
-2.408119430461734,1.2968465048493774,-4.424745223847411,-4.070536691877326,1.336450708749542,1.5079194228222792,2.6309919112996556,0.13098818448226224,-0.38426816929256485,0.4592529382330156,-1.1139625648251814,-0.43682202244630886,-1.276216603755973,1.0842592868027388,-2.24930959928073,2.263773656799312,-0.1842348712419557,0.5462331917883374,0.22723003536691744,-0.4406287585805069,Normal,0
1.8849168522579016,-0.20178090636292523,2.86381016180152,0.5251738421016626,-1.0406273693447674,3.560316742401856,-5.0329299697599845,1.0665702849797365,0.7715085378154345,-3.4255308596715697,-0.21329152514805583,-0.07413357297028589,-3.0984046912398444,0.5858914313698134,6.619563783927524,-2.1516544004595053,1.76074834781524,0.5004910936423804,-0.094058641864603,9.28566421581417,Analysis,1
-0.17964058699595453,-1.902663893782894,5.848357814318904,-5.9540996462135585,-2.810220031133068,0.6164470840992825,-1.6121272721316477,-1.041073631124375,0.411109055030255,-4.024905363831268,0.2421642119817752,-0.6472282184667631,-4.063358224216066,-0.10226079483646565,-0.851928734103448,-1.3104874272106395,-4.050107024269462,0.25077200972984653,-2.8728149523470705,-0.5684601364212125,Normal,0
-0.598343730014194,1.181953061055814,3.0521351442490037,-0.10105567458488895,-1.4393437340205253,-0.8850938280918128,-0.43473183780566493,0.5034104535046335,0.45932259905221073,1.4116397597563113,-0.8577969791329284,-2.2152892837121887,5.194859602889362,1.3471297675692413,-2.6138743897706425,-1.0927147554372327,-2.4981264548023487,-0.09820827963886006,0.8885394205063641,-2.603084756110629,Normal,0
-0.3168388851150117,1.9381423350707607,0.9881360309425534,1.6624912267705532,-0.9823758186227729,-1.4190031990737149,-4.803087266020109,-1.0454493416395192,0.31956178916793554,-2.75700109575725,-1.5078459640913198,1.4347340901433903,-7.031564577763826,1.743439820030832,2.002710607964759,2.4049052733099376,1.41934156042936,-0.27557078359166426,-0.4440693676111209,-1.6553561349995887,Normal,0
1.3873720829501963,0.8934320510125127,2.3597199463874974,3.1966719746163657,-1.9224745794292462,2.8786051846151643,-6.200934020267878,1.9481870791024862,1.3100412066568037,-1.1178263380671307,1.2852852123783778,-0.7955803472522511,4.648839456158267,2.0722772906590694,4.878352430633162,-3.9370992771154407,0.6560756168658956,0.9039541128711349,3.126169123063142,7.632227462742108,Generic,1
-2.8451582884729723,4.115201314082441,-4.143642390113005,2.0615891571577953,0.02174772760738075,3.0591460500024303,-1.8432794193022184,-3.973819424271205,-1.2491903372179358,0.055066574432010684,2.0614172089667857,0.22842506709184995,5.659574272189603,0.4616693028013537,0.2327916875117062,-1.4893345565781115,-2.4404589123769957,-1.7896734567528172,3.1790995776956805,3.8948769571267956,Normal,0
-3.756786832569293,7.046666060223924,3.3935559509634725,1.0744570435732936,0.7690724674617098,2.7034453427980436,1.1288522603274853,-4.408695363039075,0.45026372105796786,0.41856713187898753,-0.27509172017931244,-3.3097612636217666,9.940905115110898,-2.4608895751718785,-2.8014408096153653,-3.5671865703165375,-2.9782094529608605,0.5574194011240288,1.7677700757552763,6.52076376800434,Reconnaissance,1
1.393700322989515,1.5082204363002056,1.028670596295494,2.586510583355296,-3.104284790191604,0.27163564806622764,-2.274821142191117,-0.6776150520764772,-1.5740329630187886,0.627712169726258,1.0995834452105484,1.3022656366566476,-4.797306529928149,1.2191288665415394,0.11847392897616249,2.253896356986532,0.5380079363717614,-0.6695913936398925,-2.56468465192253,-4.561318808522161,Normal,0
-2.4027386246648748,1.9375080584183952,-0.9321543233083248,-3.2742741224374323,-0.15867796508828524,0.9616487679569478,0.35747157439429333,-0.7936903051460081,0.9931008206116275,-0.48897227080943817,-0.9236317026379648,-1.8321450054074968,1.7333385236288192,-0.30464321402114414,-2.30097308711354,0.3814894581584862,-1.7394059550302434,-1.7408596894949795,1.6719163690693009,0.5250571206141896,Normal,0
-1.642203373511548,-1.0019047464088917,-5.884912904704798,0.8155477116843786,0.651939305075579,-0.44538469166343964,2.3408808649853263,-1.0348528461813506,0.10636316488252315,2.3874078608367,-0.402266534187666,2.587501845176316,2.118241219068472,-0.5179257981707803,-2.5092529589822234,1.2093015653446453,-2.8260990329961198,3.019653142338043,-0.634938959165557,-6.242105406356747,Normal,0
-0.66837079711557,0.9651206031570548,-6.320536640447013,-0.8937486774149526,2.004457271390133,3.1104417025242035,4.899343895917872,-3.9429509225376993,-1.1035572022322389,1.2835735390796028,0.06175846681022597,-2.991248213290125,4.075393673327716,-0.5008128647598523,-0.5033430055650476,2.623600661916,-1.0840349861558747,0.23585808107660516,2.5098350637190827,3.717447673545537,Normal,0
-4.087608708300123,-1.921681409578384,-3.364999719738351,-0.7028717442131653,0.6879022617902393,-4.635960266379479,1.8157263159849484,-3.935029946456413,-0.04800273167768038,-2.78972849422661,-0.5671882986127629,2.2546001846526806,-12.157178580567635,-0.8787856804858949,1.110592276407291,0.3906269411983403,2.558482632879027,2.3902945049506954,0.39187900213578564,2.3994658336401655,Normal,0
0.5618013045400052,3.6627454122775553,-3.749803492651794,-3.2109068005392998,1.3349018271283792,-0.560506675336157,-3.947446869182757,-0.9732292238878225,2.2279714645380406,1.2321879428655638,-1.3159074006951113,-2.0252705663738557,-0.6488949724378067,-1.8175918389495744,1.335793053984704,1.8402607934753306,0.6989681094393665,-0.04877411658967404,4.43286789906764,-0.6105072083026941,Normal,0
-0.3926279548932785,-4.243010236173833,-5.0526730614702196,-4.049718568707424,-1.3196969101672429,-1.5454338440838211,3.7878822368486316,-1.8756485415814348,0.6151793284289413,-1.0688614912276213,-1.5982523594990603,2.9450931041739286,-13.398347159620704,1.651311760495838,-0.3688563711206052,1.4331212327969927,3.4156091062596046,0.15184765723289315,-1.4495159021961355,-0.4227401744510788,Reconnaissance,1
0.78976404422004,1.6331749173995853,-0.6078484462026884,-4.107946749577132,-2.366337693512069,-1.640117616838085,-2.677684701555586,-2.7309264412263463,-0.4037699000588062,1.4445170085505068,-1.1228149627385904,-1.512490309041215,-1.429238405869613,-0.33041081268219746,-1.7453844666814458,-0.1348266244398284,-1.827775826965133,0.9213787921206403,2.5442587231290372,-4.2962444920515725,Normal,0
-2.844312173857058,2.5628643706964436,-6.017360758269952,-3.8748454749668615,-1.2435131812678368,3.76328253895376,-0.7578301368912717,-2.0269926845316695,0.0946198977847677,1.521368251625625,1.0606458181492784,-0.24972904311979427,-5.751171972723985,-0.36527538958389244,2.0271505781351684,1.0319337646231128,-2.0235033836067737,0.2399966717186017,-0.774376817253803,2.4839883818249717,Normal,0
-0.4806623316835684,0.5917735499285608,-2.6351115113965093,-5.373791048660766,3.8736098356487396,5.616598745127513,4.938746827199328,0.5143428483066199,0.3142920698075796,-1.0189805598232753,1.623674283789194,-4.735991750690372,2.4401084675788414,1.127283639233051,1.8526888202406284,1.4023292629691673,1.0987702304265072,0.11892501717787173,1.2747842192083936,11.14079098482353,Normal,0
1.4209438904397929,2.252583569082386,-11.51455743467161,-3.353682915941288,5.572949253721639,0.05465937487295225,-1.9562000913705386,-2.612721396240378,-0.2163197070377801,-0.11445473770340375,-0.7348169742325424,2.5862336600765943,-5.562698850624612,1.450766640023374,2.594835897030811,5.68418961508442,3.0257301912169208,0.569745102057063,3.271246825411856,-2.3584411916778443,Normal,0
-3.9010027511118075,0.6087091765950565,-0.0540453747970453,-1.8519552160516368,-2.5005946814644187,-1.347920579171534,3.2131771876505946,-3.408466031177493,0.35504860659615634,-1.0431842800831448,0.41077033919289613,1.6763721099383533,-10.806068392003489,0.0840648111958523,-1.888642177357569,-1.9801624102601072,2.9118196845174356,-1.0105908273937865,-1.6384923902805109,3.7894608420589098,Normal,0
0.6122984629775434,7.062469115233813,3.2011177811586196,0.43597082709279533,-4.091841029374728,-1.2317172617803553,-7.459238932398778,-0.6888072195078362,-0.7378331977174909,3.985925851025538,0.8193380303955696,-1.521781019017571,-2.3081787992077,-0.12851749066503051,-0.7729925077754518,2.1074210882208835,-2.9514457029260193,-0.7977006664410287,-1.3025142040633209,-9.842149953193658,Normal,0
-2.8582520286304223,2.3624777227021965,-2.797470105768901,-0.1878200842725226,6.677663097739836,3.029487656085744,3.0271294117160457,1.7664171269646478,0.1376278637080844,-1.7988992232277474,1.4010465079946839,-1.7484817324947948,7.16427138943935,-0.26881061174257165,0.5170509656073472,1.9785955449662187,0.6060918237266124,-0.42253130948399986,1.5873928325098146,6.735987182372618,Normal,0
1.5108293846684635,0.4898993758359822,-5.332105744696998,2.781404407756434,-3.9010868707288098,-1.9209120408352454,-6.832188669104367,-0.14556599923866642,0.7645189085160549,2.312429599224195,0.6230347539913936,2.3691111561774414,-2.841783628653496,0.8419066256011948,1.428736387449824,1.075643565927554,0.62425643515656,-2.010432295688648,3.7180299375399173,-6.776216219046496,Fuzzers,1
2.1206807745938896,-5.187044065631532,-6.3381813166985435,2.0731026614165486,-0.14947688132945047,0.30909272820828726,2.060671398713886,-1.2655368490177414,1.518775005491651,2.428773879430046,-0.1863438621466802,1.4022314929579536,-4.45903753582315,-0.27473948935922676,6.057722727989124,-2.0931607802207726,2.428003079575422,-1.0025550405807153,0.9365526756484541,6.088508710470068,Backdoor,1
0.3679643697253068,3.1285839544219503,0.15004195658210165,-3.455189903504233,2.545097742712099,0.6934711501103032,-0.489984054021117,1.9784158514676542,0.07602968664895711,-0.3466438912506946,0.5342657703813887,-1.3084784801398395,-5.5673480121235315,-1.896893594497059,0.9747552521409268,3.959823187959849,2.8425398704507376,-1.1170019091117969,-1.5354183068667635,0.09393210802024707,Normal,0
-1.833065865180499,0.025361791814911383,-1.2829363309706519,2.2669836068149176,-0.8775609525535886,1.9713959313841216,4.619999774063287,-5.3592340535935215,0.9911531319470703,0.8910495415221247,-0.4369213240594682,-0.8167041326184373,-4.207281365505514,-1.7270575328396187,3.393239058889634,-3.7571400926355425,1.8263213945339005,-1.1475636788775472,-0.6658971442117817,12.042397213438798,Reconnaissance,1
-0.16653264980135107,1.2133742407935486,-2.0291134562384943,-0.3537554030697544,-1.4875047453379295,3.0698929555495167,-0.9149005248913273,-0.5812129188416221,0.16807143897726065,0.9481234638896006,-0.6193557462112576,1.0794786254032869,-3.124431695375045,1.3034463001058052,2.3492142894883656,-1.980739327730475,1.2131391851320257,1.6476439522251198,-0.5427969248500478,4.821235374948472,Worms,1
-0.6410716228921232,2.7450691762039163,-2.3300749027659267,3.8902578793663563,0.14367613222372055,-2.32564999634779,-2.3468785745649527,-1.1702924127880634,-1.4234923662063474,2.4051627117112493,-1.0437630982675843,0.21622148646946338,-2.041878940969781,0.3043625584676616,0.5519903801241948,4.719510252319042,-1.6775349009444955,-1.071986386385109,-1.079137108033406,-8.056417162108401,Normal,0
-4.948810191384434,1.5985459228528762,-0.9769584798722208,0.3848717227183984,-0.866938095282789,0.9101275975726846,6.915057609030658,-5.553019400597122,0.15384532167798443,1.4763816418761062,0.32147833530758796,-1.449393698581733,-10.213089553955296,-0.9565938866318474,1.8362020034918949,-1.5192538201069392,1.486494553680164,1.0660354540063073,-3.7193013405752593,10.044200478690259,Exploits,1
1.7769675899077737,4.351705384395221,6.992507634383548,-0.12316716163927888,-3.1594035119523474,0.669621121651512,-6.422481272397689,-0.9696074153545371,0.12333075761887453,-1.4667565373088152,0.6137659938071383,-0.2708212885954535,-4.9695171218422045,1.4731915129757585,1.587809202272195,-0.38822062456603446,0.062380527509047656,0.13655117171933262,-2.394688750650998,-0.7620656774309131,Normal,0
1.5033774088544045,2.443415112977702,10.40189979184526,-4.070106213436823,-2.375013697567482,-0.2659230339586076,1.1066534193706827,0.6900479386272085,0.8439437918172945,1.8840409183372748,-0.8182093081258587,-5.479461924613206,0.3874320844082637,0.5134081209875093,-1.5197566308761932,-3.9512962456856795,0.511355982058711,0.7771764057656726,-1.4404036285690949,3.995270309757241,Exploits,1
0.1974043608869116,0.41627087357430703,-3.0476870610527045,-0.04013311064821856,-2.065356908384074,0.2200454099449931,-6.794277612193212,-0.8028715505569166,-0.4953271450433396,-2.6610649012665126,-0.27217964453772403,3.482413086078888,-5.622732274690694,0.008049247972827342,1.9434127509224375,1.9880846774872318,-0.7780606335821743,-0.9166944943831813,0.5911044106167083,-4.214160664894472,DoS,1
-0.44481838627103976,0.08120622199991612,2.3146822544504886,2.8631495231349637,-1.1570506752977294,-1.866229835849285,2.0314057359734425,-3.3729006347026647,1.3760393953981929,-1.2559156216107161,1.355668658227289,0.17915127371944273,-9.048976646544705,-0.7186703793388529,0.9830664150676551,2.281992232396214,1.9917107268515497,-0.7756966481012277,-3.4300004836337155,0.4408662727083461,Normal,0
-2.4276875245785066,2.951131261490228,-0.10795540012609894,-0.7068107012663056,-0.7344619594313633,-1.14453041404643,-7.949842105991813,0.6640319831610018,0.048906799275392494,-1.6809512998430556,2.5914668712291276,2.7707908092044238,-8.513005096364349,1.963392581342088,3.775947475266213,0.23599461620737117,-0.7046330301175221,-1.7964452799096144,-1.296935031086347,-1.740882926903317,Normal,0
-1.009979209911298,1.3548733937944082,-1.7087502774655299,-1.645668091010232,-1.4998717973320606,2.454233146362701,1.6362615713240727,-0.8281200469619947,-0.9428350001009562,2.3421764012603754,-0.8515270464257608,-1.2613462681496355,-3.3989941672080666,-0.3438326716418344,1.1752234869730975,-0.8929092247016248,0.4255455971544899,-1.1590106966764993,-1.0110910744846826,4.1876341442151555,Analysis,1
-0.9045558148610402,5.00367871211477,4.180216451470462,1.4395291979414564,-1.0395359145055474,4.1284947975509105,-2.8559178860203125,-3.3062732536039765,1.8219768320487606,-2.2825651742359194,2.1138302877411737,-0.1999444919949469,2.521519702456949,0.5314100023954796,1.9257005944222991,-5.362101287914183,0.9319148362235055,-1.2085746333301841,0.9617468380003187,11.09447471591428,Fuzzers,1
-1.551099278217031,0.31774196742575866,-2.192559695779643,0.6166868492314317,3.147627256160585,0.6361347365419682,-1.8244689169041495,-2.260641042525393,-0.1908916845866682,-3.08545552076097,0.33948504712260646,2.1706869109431195,-0.5835668448121976,-1.089670435986672,3.4653424039426657,-1.2448276090952137,-0.33406459260080323,-0.08756871028394704,0.798606150028719,5.187797514740404,Shellcode,1
3.3435017552997754,0.9104237294683567,3.055820727293633,-5.7724691559072445,3.5578261850057418,-0.5811092974950258,-2.2643691733536446,0.13788553655778912,0.06544209467121667,-3.656240607538776,-0.601112147049588,-1.5681603598260174,-3.999867212861137,0.3553688554709645,1.697357564140717,2.4939060383700986,2.3096989413838696,0.18723107686529408,0.36716615948395137,1.0604979838852837,Normal,0
0.6549934391801207,0.7620233158237273,4.038777701730924,0.6051145490394718,-1.6910548003953942,2.8154970888240385,-2.8393249337027755,-0.20956464110208795,-0.41017019023107754,-4.492958479637336,-1.0773403363065117,3.4668703557225458,-7.239542939049647,0.6072824196741966,2.5025277934723897,-1.9571336777917185,3.164732077823414,-1.1639894641274782,-3.355668709348592,5.695425107815553,Normal,0
-1.3056870743453655,-1.4430447046343806,0.9416527558191373,-2.0313765157905435,0.10989438439553734,1.333111450283146,7.515525771044188,-1.1012426063286997,1.4804792816514143,2.404108762238229,-0.11073516632879911,-3.973020353090474,5.722466764397801,-0.34394197749526956,-3.565508194072802,-0.05633356729641337,-3.8794645585582197,-0.8536914729797622,-1.6424893024366387,0.47918088339446263,Normal,0
-2.4232071296428375,-0.5538615325337751,-6.195710442292408,3.660822135181232,-0.4397474193263651,4.4807876017207455,3.9272955593899894,5.16656819854289,1.3016471347954262,1.3853209068497274,-2.7472321421142714,2.7989788779595615,9.362444534101499,-0.011878118315869293,-2.7226178623157535,-5.913580947354401,7.021488905034623,1.13657670414413,5.886062193207085,10.726341987417182,Reconnaissance,1
-5.007546604873104,3.136560149710495,-5.727792281456047,0.33250571923058336,0.1478518237281654,3.684824416432535,2.6742735931582438,-0.9305407237538218,0.7476913899826828,2.552474110707011,1.6664625234854455,-1.1434634982891743,3.86647079861971,-0.8116722634017269,-1.1512090003391502,0.3096917494947259,-2.6712841018152083,0.8833758043734413,0.6335281180010792,2.950561718294715,Normal,0
4.149634016380162,0.009918552083195031,7.030730096245129,2.0611121624425714,-4.56630378294799,3.34708017612309,-8.04963720851342,2.7154414290663285,0.43503945451193016,-4.268213219745339,-1.236876237834054,-1.7164858896866324,3.34180440902488,-1.7714394218927476,3.647660960670227,-2.7343515874109423,1.8094161895437106,-1.7603305128316795,3.1699624784916303,6.417018162323345,DoS,1
2.379415054902908,-4.7131368175153785,-4.680791481243418,-2.8976535910231096,-2.665995598942463,0.49868565811406373,-1.9719254991917277,-2.141468697617915,0.45872354241062957,-4.103250416278179,1.44811766104496,4.298792187349326,-15.785021671581102,1.4390281877265114,3.1846350739250617,4.223718944379835,1.7555109133959395,0.05102161088260888,-2.615059962047048,-2.8452534928941873,DoS,1
0.69594079781626,-2.0723024015463567,-5.366831735715921,-4.376570000649059,0.007636019302625696,-1.6007930754177946,0.4509144024483766,-3.5405864784314165,0.29450766298330716,-0.24094137952306527,-2.6677584342771024,2.343129410032234,-1.8910824689613799,-1.6739959873620514,-2.924108984374437,1.4617736789232048,-2.4462817398158982,0.4397051340544035,1.2760584919466094,-7.221222138694591,Normal,0
0.6156782459643311,-0.22304117981225158,5.1550914789800615,-2.4746500956753303,-2.3634446066782866,-2.96931072496169,-0.15600122200018546,2.451889772164653,0.8146235049487366,1.822020184033879,0.355974387725798,-2.007365132431093,-6.070593353230695,0.6165010407834722,-0.8181219659717764,0.3141920473252062,0.7793410019126287,0.26503404904066225,-2.5935370645358287,-3.6958083540991318,Reconnaissance,1
2.983775824967257,1.7393914971570696,3.2306406531807506,2.1336604780666013,-3.1760689539254563,2.3696847401701446,0.417752614278039,-3.0806695751966906,0.30940532483967215,-0.24592400628641342,0.2823316647908166,2.3189478320159718,-1.918579147497176,0.9916132425623647,-2.8850394783429216,1.7323833085324076,-0.5930171862776794,-0.1536442035504281,-4.918151409744694,-5.557976199023575,Normal,0
0.9483692675106766,-3.0461674979481246,1.0389421677603745,-0.9760697096089741,2.80816148869138,-0.4305624367894316,4.875377399015157,0.598981740769023,-0.5804220507854255,1.082867706602661,-0.7521849713098437,0.17815405542758267,0.3001950285901812,1.152473483927079,1.0926362117615998,-2.644309006490687,1.096698423622851,-0.5520690810595466,-2.1056142389031445,4.0785422494952925,Exploits,1
-2.1926208739209434,3.236975303531721,-6.190730648240038,-2.6622809458701453,-0.05724571927010724,-0.04992727086706594,2.1525235995186156,-1.6149251883819145,0.5043938762460375,4.312314598483985,0.9264791208981332,-2.7609681667675146,0.6320108310704624,0.4264166874443022,-2.7436935087094114,2.695035344137282,-0.878645493010176,-0.6359894778305586,2.7657064622890495,-2.9075901464132263,Normal,0
-4.621955405712453,1.5731627763657596,1.3643459148048689,-0.04757658036101553,-1.1969422078363214,-1.006518043746936,-5.62766693100321,1.0194871987330298,0.4063431191792189,-2.6628427043953278,0.21017955735585955,3.878806205256474,-16.0890477023427,0.1302729690747601,6.466632328807494,-2.2748979915414793,2.2063855000834973,-0.9003469671117644,-4.162181265275105,5.683835948592973,Normal,0
1.758430582217394,1.6292186191556919,7.251842706417847,0.560862822307598,-5.383682849126123,2.6292955008577783,1.5482985323346283,-2.1888182260092277,1.0849248358982795,-1.8380165425472463,-0.42847008834661526,-0.06643992659939624,-5.821845491289961,-0.5673451517072902,-2.0245561167858783,-2.203757462484347,3.976559955287437,-2.397584707014306,-3.1500434367257633,4.859277578457198,Normal,0
2.932185735607657,-3.2738030068269297,-0.2589002554929949,-4.138949386845213,-3.0359085497912446,-1.0355586322774437,-4.374435817930626,-1.9067794432151852,0.3455172712828626,-0.7700200922838065,-0.25512096000991863,0.7924466422040444,-11.144545420245214,1.6244871869349258,4.859609787477288,-0.11248602730044999,-1.1965632307675675,0.9140977834111654,-1.486732277044501,-1.3964453708991171,Reconnaissance,1
0.2469536498971141,-0.7958922907959834,-2.059326527506526,0.37123557664430984,1.2412106694580896,1.204064995127795,-0.9515185539313269,0.7053670760596498,0.12632127295678958,0.20345020901509692,-1.9100805144148183,2.535955745201634,1.6431620984841622,0.47771598010434885,1.6757176735140393,-2.311707114253392,-0.1336715868872107,-2.3569366958964735,-0.04065312803846788,1.7578366066385451,Analysis,1
-1.8268037470167966,1.2035891918786752,-1.7449699360515734,1.4662463331918874,-0.5964578435697264,0.592045636045808,-7.475119752219831,1.7756101249776295,-0.7986140101436061,-3.995372651068063,-0.17496761048237716,5.615019841396215,-10.851594607651801,0.24756928138853604,4.735996456293089,1.4053917144891548,1.8216215053558495,1.2494188497398657,-2.4518467360867557,-0.23674713133576564,Normal,0
-4.237902957312109,1.6630909187929817,-2.1659616721475135,0.4239540370582884,-0.6831676718470242,1.9941565091731945,2.6518231091282685,-0.9712002587000896,-0.3353018538052913,-1.1924423779500106,2.306313314976487,2.327181315216858,-0.8326805960633374,-0.6628566309997144,-3.1657643564928417,-0.8093077143444134,0.6600596738567286,-0.27871551704941894,-0.7997511831569687,2.28472107161552,Normal,0
1.6468341526244497,-0.020474355493833585,4.0107176904376125,0.4472979086929879,-2.509356989728432,2.7843951043431954,-4.663443385567732,0.010635449897058447,-0.008218900979220473,-4.727838154579423,0.8355389162540695,-0.5541668149296721,-2.660432700563322,1.09902993258149,3.797689994304485,-1.266544099696504,1.8097227033955021,-1.8268444656712335,0.9296256497913452,7.26025107432545,Shellcode,1
-1.7907480570965935,2.8913260964351677,2.292731647446125,1.7101515131129235,-1.0640754694988792,-1.4307018157733051,-5.914606682777665,0.7966268361994411,-1.3458312958641396,-1.060789403829756,0.579472818912714,0.6721967300515728,-9.32611110618964,0.8177441610899081,4.846852535255916,0.48595901368817984,1.4678302857971317,0.6171545484177509,-1.7945499793865118,1.5906459574780591,Normal,0
-2.5125103083508726,2.4176024298814593,2.092741855286194,0.7453462559916642,-0.8732631178586617,0.8871013786464931,1.3741981187135128,-3.992076009707944,-0.5863508887664038,-0.6883529834802111,2.067098252693946,-0.932744186929322,-4.123012719998195,0.8020627113314884,1.3179207847325307,-1.8785206805646433,0.16790167250959365,-1.363891778373639,-1.6108049741434345,6.602696311485554,Shellcode,1
-1.4963374824004751,-0.9758146763806694,-2.419227303872854,-0.5285498082815742,-4.1985462434607745,1.9889811425328068,-0.5120800466220959,-0.45623140490922165,-1.2989623645991026,1.5395539946347547,-2.8486855308137553,0.7965008368573767,-14.696416284683423,-1.160332257704715,6.316654660606188,-1.9871101351198694,2.9256244096164457,1.5066254640896946,-2.9453067392840584,8.140616527435935,Shellcode,1
4.68239173074778,1.8886295297291973,11.238050506781153,3.4151757935774167,-4.822179100988839,-2.9522068743284198,-12.906462673184361,-0.14231175668760376,-0.775369011757105,-3.4472093022491523,-0.6407560649927644,-0.3278723530539105,-9.195151778254774,-0.42880860870400983,7.5637131131907065,-1.8015064601598136,1.7993488063165093,-0.8392884366724838,-0.89085789233262,0.7399477048079541,Normal,0
0.45432968618619585,1.029453960465368,-16.31437328734666,3.9515508616131196,6.88181233893809,0.1593172486355372,2.089385599826051,-3.4384443856324034,0.5452553456815439,4.758188970828597,0.3225906978826006,1.6309394351259097,4.174600945710383,1.04981119137842,3.1541293166410806,5.727986979765526,0.27214988234262183,-0.9968198882565596,4.408503719648652,-2.8808952284461893,Normal,0
5.255741558272912,-4.002933194121393,-6.956709670349916,-1.1951657019935307,-2.8146179854928857,2.091347970303704,-5.207249775830682,-0.45246540747439146,-0.44560971627225043,-2.5611918533266858,-0.5663122698614174,3.5885136685300325,-10.84358123021864,-0.465032339520143,5.070947565339155,4.512812065512802,2.7554984688187156,0.44935281754134754,0.7890065075091897,-2.6219998420093797,DoS,1
-1.3985353422056601,-1.9712699990531206,-3.1968868468939986,2.497653561290531,0.4047892646596576,0.23024060307111593,6.702580295655693,-6.140000044246665,-0.1537686703588866,0.2352841346418164,-0.9661142769482137,0.448461652928547,-6.025978683785933,-1.1740414452017376,2.8312896057478665,-2.9027886200734536,3.5348808426286893,-0.8868672844268515,-0.18935672327877784,11.19422637795209,DoS,1
0.19777252937950096,0.8866324415829516,-11.358339791567609,-2.177728244321808,4.268166599340777,1.0810006339017115,0.8896814825693592,-2.0445423949748864,-0.09482560881430213,3.623831901562979,0.048895850696547866,-1.7976181152725266,5.979336165758412,0.38289978573293226,1.8868192530998042,1.2202519291491203,-0.4129440054198472,0.00791833987300527,6.807942931981622,2.270826985758628,Normal,0
1.8861455365662168,-4.155813835594914,-5.735288066289274,-1.4413237040639437,-2.57049575736459,0.6205424213611408,0.29922171311737644,-0.6390383920956617,-0.9200556337419713,-0.6080762528535959,1.5658745475923639,2.825827740219725,-12.037695385157777,1.298006810000217,3.4613742711081135,0.5382369164204035,4.7504957226429205,-0.4700138660676501,0.17852591330582013,3.01553822003193,Generic,1
-3.9194260223726003,-1.3235482148273503,-8.996067206127726,0.31863982678663794,-2.0896421723420264,3.8288156955700163,6.938761508814627,-1.8140653432937945,-0.6112908765851811,5.491322597698947,-2.3851600430158673,-2.6926892929537782,-12.401853753206726,0.10744942050101824,6.488415920897373,1.2000059449921774,1.6760178749915227,0.3838270237759844,-2.930139711395011,10.854337503013738,Backdoor,1
-2.545689307419666,2.4086422002952776,-1.369181988082401,-0.9315199329749628,-0.7552711534779729,-1.4634216159460678,-8.285673256262319,1.2758056653720957,0.14073572642696686,-3.455662876283484,-0.9307936236932695,2.3815845746629414,-9.027972494957828,-1.1288981288559767,3.576115042557993,1.0114012118637168,1.730020426607836,-1.1284562900510124,1.5679960299891724,0.20476935365056947,Normal,0
-5.568510753225234,0.2645171072293082,-4.387643072751079,2.490511458232093,-0.5626054986106883,-2.7027478616024228,6.116620262534854,-3.0337652054998006,-0.11246328998415221,1.6306446861387127,0.19867786711955315,0.46264724559740644,-5.21487905627235,-0.4676929367310304,-3.094702877657774,1.8710914735489905,0.821053084700512,0.6932893586946344,-0.7519546900156983,-0.9756699436469298,Normal,0
-0.29488767462320853,-0.8039164008336201,-8.22842548892636,0.6775780819103572,4.238546888545543,-2.3875466654555,4.336705532544698,0.6128471969998337,0.17700564117512363,4.695761816837772,0.6830437968590438,0.09110170614960666,5.883487031584639,-0.04352516292923107,-2.736804343181464,3.438001049159849,-0.6605386817660228,0.5502538059020111,2.401371641121485,-7.129365589192284,Normal,0
-3.1209474569695184,2.3641049812516535,-4.781696820820503,-1.641722501370527,2.6920941783015317,3.40383286876909,2.052559702997992,-0.6858460623894745,-0.6652477764685184,-1.0923433024486768,-1.0790360311459615,-1.1439876172770884,0.8075900850133053,-0.6261329643506333,0.14472354863218428,2.8742487391454428,-0.4350042590193225,0.457843907588537,0.7187885618261509,3.9951212166903702,Normal,0
-0.8174483114788612,1.3526511464778395,-3.8111211967419645,0.910579937518542,-0.13624674892598443,-2.4152696317803084,-2.44173718497016,-1.044944701401115,1.5693659456886264,0.5173873351508187,-0.5854043384698656,1.21680399176512,-6.486498691166933,-1.5178953629671916,0.9686208855312353,3.6105338009091237,0.9948353273346797,-0.4843659336345405,0.47488168102829653,-4.709627294229248,Normal,0
0.051429187113705366,2.4375984735350387,5.118825769914013,-1.2085034107844375,0.22904112189630976,1.0968625550931224,1.1020614086928273,-1.176189754713482,0.7574769101535811,-0.2042306593462384,0.3101168411411064,-3.9183403007635693,2.54141942059696,-0.38088103926642736,0.4940741914244582,-3.019337712772673,1.067143905470464,-0.06490908320371262,1.0663174385990555,7.993010053405691,Shellcode,1
-0.11786676596414858,0.03658996543150117,-5.5532405746079965,-1.211853173702612,-2.6912293156198928,4.523299405755634,0.25135981558163256,0.06882250653445876,-1.817847858329859,2.577214887394458,1.0405875045535475,0.1848640356500404,-6.633680117818482,-0.05896340684894059,4.399690462410025,-1.5455901308149596,2.6802533405299336,0.7173906066377175,-0.019310984417633348,7.899472267227791,Shellcode,1
-1.798241795233709,-4.148629982157403,2.7427384324908113,-1.2844073536446416,0.1568950631151722,4.083995158384497,8.614013110194316,0.5226991844892857,-0.5717150453217523,1.2515276585405097,0.9057220718679299,-4.664243894083819,9.27712728599408,-2.2650781819055688,-1.078613434366837,-2.6584657530202667,-5.825428415000441,-0.1539272783239065,-2.9217842576221553,6.502984217215197,Normal,0
-0.8094387215195866,-0.9209300994592096,4.470933171535577,-2.2077861095332856,-2.3124792471223587,-2.471794269110954,5.073061524455191,-1.9678930762657791,0.18002800588019297,2.641412449304914,0.35072128523956925,-2.5306662520734275,-7.055166505088912,-0.3320405791588485,-1.085358148210815,-1.8430954092936545,0.30329285412446083,0.568441488492121,-3.6974497554180026,1.274188525035291,Fuzzers,1
3.550766042856774,-1.2672452931217921,-3.9806739409705303,0.7312218849191767,-1.1649416234832195,-1.2818021732407088,-3.2290971640428325,0.5121113959595793,-1.843051026465278,2.2102880859435508,0.04512983998831258,0.02239592064519247,-3.3045151489426963,0.6102235632110339,3.4531295420514967,0.9916573678206579,2.819297514107726,-1.2074553821845717,3.1622601010414977,-1.2116076590766567,Reconnaissance,1
-0.5500529749880098,0.41777656108216266,-4.913962157911916,-2.5512277469047557,-2.4318867941908326,4.790913523936489,0.08578917371618006,0.84521013720222,1.2490436522848891,1.921208041605201,-1.0725188690525458,0.3748369265904834,-11.579593388924994,1.0682940119000273,5.633569260083738,-0.6916228734153576,3.805327447612213,1.5725741471116155,-1.906343118013327,8.991267059000817,DoS,1
-1.3995350003920548,3.4845436328690425,0.6458178818339368,-0.030196222957352692,-3.5820316749016823,2.4511486479633473,-4.205524936995918,1.1039334078693304,-0.5251833566044607,-0.7177007931646574,0.6991852515350768,3.0048742602695953,-6.4771890721350625,-0.7359259896700556,-0.07733448218679206,-0.26000024153879386,1.3345193760571243,-0.3261456472977434,-2.51492433559995,-0.7448355437444546,Normal,0
5.268663048154595,0.3135197157928329,6.282819686627537,3.0740780374694903,-5.567547038929334,-0.4708087480182307,-2.6393983222849275,-2.5134497662364397,0.6790860184158487,0.10642046040746944,-0.33579055111002465,-0.15350960101347644,-4.356843666070254,0.953007957373568,-0.05018927993964861,0.5312494133442862,1.3088223461146624,0.8891901693541645,-2.30006819890126,-3.9641129733820373,Normal,0
-1.4627522349715614,1.0220843976879228,-1.2351001942074546,4.434873740769726,0.660666051527055,2.31350075997015,1.6676317424459435,-1.273332311755674,-1.9575962938105422,-0.3514186990967909,0.09805548991963844,4.239119631112128,-2.3794282464802805,-1.6454760870359149,-0.10169088639049617,2.5296750134578554,-1.68440916368766,-0.29797866679203067,-6.38640067353005,-3.4067085586269203,Normal,0
-1.1290915519830782,0.5184350757726472,-0.9355283397712653,-3.0926498180997024,-1.928017008705339,2.930062398157731,4.305172377051086,-0.9900813521743336,-0.198186847302318,0.5848576246249214,0.0905692647176395,-1.020987718595746,-13.046894784116652,1.0127024710156,3.4249058507873675,-2.6732187882583407,7.246818618738655,-0.4718575483014012,-1.4499098161908759,13.934101522042571,Fuzzers,1
-0.8784024687925549,0.144265838503151,-6.723821772908023,1.7474056956467647,-0.08266725072761183,3.016719690062901,-3.386565671470446,0.4961170513669195,-1.2494948864262096,-1.8619584007534864,0.35944324358372826,3.543658065780424,-1.3776860295778284,1.0786637160112869,3.084743733349857,-0.44740747813282755,2.565498446340883,-2.5091852609728953,3.0113606740312457,4.6954061173361445,Generic,1
0.3029671247568164,3.1570614379085318,-0.7572567192685639,-4.201832908761719,2.091474243575747,-0.43177639946191104,-3.0488719207116395,-0.0860579433567561,0.27043687194890453,-0.6324413944312608,-0.6666036257891583,-0.9406282334810385,0.13566680074011994,0.41358829040200284,-0.14111611722742246,0.43762712674697035,0.9212431599006901,2.254382394035939,2.9660963457948037,0.09752052350879578,Normal,0
-1.1392453340081512,1.8525723481396004,-7.871152566507736,-3.8876116331399677,2.450619128611489,0.4351872746088288,4.375455667539687,-1.399074213078742,-0.16532771932957394,2.988870066471035,-1.3696174651129163,-1.0570479285628482,1.5046302472617434,0.01416515938242159,-3.6787932617174888,2.831370087620939,1.003736500946844,1.6253403121250998,3.0404700143620387,-2.0301770968425727,Normal,0
1.942291520562219,-2.7912340533237927,-0.9735319509587004,-2.8872587889153976,-2.6225065783125103,-0.8835576985466806,0.4966743633381764,2.386183624776335,0.5818800633396266,2.5758332826128476,0.6518473989183489,-0.16925978434329525,-8.953728490493262,-1.3050440031429171,1.8658471049695158,0.18549224049275348,2.660352597404712,-1.0833252609130402,-1.5759756422459894,-0.81051564089341,DoS,1
-1.9287070976379561,-2.9682963605053674,-1.844041734945582,-2.2421152263760513,-2.849721769260695,-0.08264387806524098,8.597083625830223,-2.701584765689362,0.504854901234092,3.2024744744302263,-0.6723359760891786,-2.225335747748253,-17.43585107417366,0.5322096846274724,3.6218272182759503,-0.7630982233396535,4.691034594282176,0.2578341294254629,-4.465206580607214,9.824906392773006,Backdoor,1
-0.6080423233295895,2.6246133772767206,-2.8501159014203234,-3.602867171176115,-3.727843032152984,5.554131824440414,-2.7496903916150384,1.7742242433666284,0.4051088494221069,0.8915951502425137,1.008260120854771,2.7972636897227146,-10.732386830369968,1.2251760210269078,3.189789226118511,-2.825776685279875,4.433932000348333,0.08449977372764596,-1.9562533174696959,7.416270627170143,Exploits,1
-2.1787246701860354,1.450814509122827,-7.502355762069611,-0.4344278145551279,0.6130015325723317,0.4614326517427786,3.6803885842446142,-0.49312333893807736,1.1311487114410903,5.642809745891885,-0.09842589937364926,-2.077491372760724,4.225823976417309,1.3250431463151797,-2.1563501482115477,1.746921147723819,-1.7303366478601485,-1.50460181268344,2.3393480631648407,-2.569339050388864,Normal,0
-3.3825627212539766,2.0466902164460565,-6.152683154157097,-3.9937318246949287,1.5011321862589788,8.220384137835982,4.090151717089022,-3.043064742709583,1.2282038263558728,-2.641911259079749,-1.194565503439707,-0.9282632121041723,-3.416526436517866,-0.5691120403904832,1.968104829898261,2.0382430669363787,-0.2045118952701117,0.36973314476333247,-1.2713569724966467,11.147586239288676,Normal,0
-2.593445682129366,1.234243099768215,2.671007919545753,2.328991504274217,-2.3798957579380637,-0.06411066390059839,3.5908372137059965,-2.1313933793263775,0.6709369388102214,0.07875364847259259,-1.135488135927236,0.604169455985439,-10.484518716474083,0.5870760678472422,0.4159224778580273,0.06761215885722249,2.714848737520657,-0.02894671533803824,-5.1848666870036215,3.665533319586591,Normal,0
-5.65357841836745,1.2346526193483156,-6.753365620902289,0.014878871392557835,0.24022115708625913,2.0463077940429875,1.2270118184804564,0.7959907438285065,0.7109694066107327,-0.9607455114745034,0.09440600695170251,5.6172645045332175,-8.72066167598483,1.0769360713597977,-0.3369873026786956,1.0476543044175524,1.911629103990653,1.4526412766138854,-3.0794194189892474,0.9841145066415113,Normal,0
-2.297739521419003,0.6565589289873743,-3.578441106411044,-3.8150872176023674,-1.311440105515905,0.6109613467331065,2.9206037712180586,0.3751293553763664,0.9501764226555681,2.286078346746412,1.2787561268682146,-0.14070642028068558,-10.16232175415415,0.2556093661138256,0.11230888544880702,1.1009768839991536,2.4999036110090516,1.646481892207587,-2.048473654422019,1.6697745581268184,Generic,1
0.6651765092028852,4.3623302437152915,-3.527730044285322,-0.05425220964053512,-0.3100110176227593,-0.4798061325570131,-3.7649657098874343,-3.7695971841828135,-0.008250969400476564,1.2761567362696624,-0.334586248567961,1.4623812673073826,-0.2458688946953302,-0.14636617649776656,-0.793970589092964,0.2236867985280675,0.47815007528584874,-1.2038184468082436,3.0072210734782194,-3.0496084756314636,Normal,0
-1.20699240650187,1.4699495143953862,1.193307547023176,0.602042268479305,1.7191609705938484,1.9660840573835374,7.324861408008401,-2.424837630861708,-1.7285809000329146,2.8889022380980474,-0.7731502270894816,-7.207056041649554,4.631738854905363,1.317522241973222,1.248296581967069,-1.0197996578404411,0.600191528917319,-1.6935715930484896,1.2176909848852748,11.223784552742798,Reconnaissance,1
3.07836318218306,-1.38153064449142,-1.7706163246277442,-1.612426081074441,-2.976198562753991,3.441578921131267,-2.647378847536519,2.3760844382008264,1.164371303416937,2.4950659275059452,1.0509051689347577,-0.7628064461882784,-4.153766834646249,-1.9829037666248701,5.198204094155155,-1.380999828641603,1.368402576652327,-0.6388887655643724,-0.2451754779376656,4.207998189533452,Generic,1
-0.48810487723155127,3.5850782148363813,1.4497264923780746,0.3408755292223957,-0.6367624270934471,2.660964745474203,-2.4278728310736115,-0.4115351112437362,1.1303108103369877,1.1430360556627548,-0.7400412827249734,-2.771742843169197,4.984769307933852,0.10293980738393282,1.0167823891047283,-0.5183654214513255,-2.8262722767902835,0.5210259575413511,0.6786900416634065,2.0068612811569833,Generic,1
-1.681334854717955,-0.9887666719486714,-3.829559877429932,0.7259002133315382,0.4867430842973208,4.506592473758936,5.138940419226019,-1.888702369971008,-0.31764046484642733,1.9943287269709378,0.42367750162797546,-3.091697627771919,8.230488208499166,0.4344766511841711,0.3859000082800572,-0.8771542425230296,-3.858193259195695,1.4990454810416698,0.9413652018763272,6.052225464518195,Normal,0
-3.077681125568299,1.0363524643595632,-7.784965396520167,0.18565582148648718,3.3187179446460418,3.2504912627894913,6.796868753801048,-0.6789004560842931,-0.815309725439865,2.5739729905532336,0.9904116739094514,0.19402773593333578,3.4862995824279976,-0.3788393246661331,-2.037961978536911,2.594216485902673,-0.6173644961554163,0.25704898713049923,-0.704844193269647,1.1960184589360106,Normal,0
1.9031361751608595,1.6409624909347778,-4.945390851808392,1.7235484573031892,0.8342568711391362,-1.2385362548516667,-0.5704776450531298,-4.163227031998068,-0.9371689825086071,4.072823371703516,0.6119949622310287,-2.5671513464500797,3.254242639896008,2.620345599983932,1.496144002725249,2.226473176687661,-1.7688357546261204,-0.6807631806102802,3.5130066439922225,-2.875945737279473,Normal,0
-0.49913977914349117,1.1723622806047782,1.7617545062387678,-2.372885864793819,-2.7329680584184426,4.365334254532322,2.1775108256330267,-0.8667141797576969,0.3096731580736328,0.801569983009923,0.12259077832000215,-2.1125316372018483,-11.248179045223361,0.839379253931732,5.423619183975383,-3.4461744016076383,4.685886502404681,0.0052371491401199625,-2.8721107205833394,14.679815843443667,Generic,1
1.1553903146604418,0.4386929665667624,4.703352693541579,1.388858210705329,-6.8401257031609815,0.47217663837956003,-6.186196563160579,0.5700342042217064,0.19278400358849523,-1.712424801434823,-1.82415816539896,3.9153967366287707,-12.768207519484134,0.07447497343108751,2.9220227215786974,-3.2242181964253076,3.668746372035298,-1.1320231885512633,-3.2973136026992806,1.6914938149076568,Normal,0
-1.8213795423442831,-0.06333912285882004,-1.3185311418787733,1.8083077922425295,0.8324483892943064,-1.1359157825207211,2.1866334707938826,-3.2460440418659133,0.5369495710876008,-2.2066235144095883,-0.22394891762274788,2.683709396093226,-9.027342501918255,-1.5026119641246127,0.6464627217346228,2.6518381833166402,1.6305430091646744,-0.08406462726929725,-3.4543196059654626,-0.11257630175861522,Normal,0
0.8882091484338126,2.740848769452939,0.13869934080573337,-3.035165854510368,-0.8441190356581219,2.5705868715516225,1.5266725224458417,-1.8990403946045071,-0.46090098446826944,2.053391031225094,-0.3667557656500116,-4.220158496674284,-1.6348690406513504,-0.17524948640989166,0.7102851679284254,1.1431180682014084,0.16941136706625515,0.6485770987676422,-0.023282932382010735,3.5763654225727253,Normal,0
-3.331860011247641,-0.8641506486503268,-4.370091595271953,1.4170393746394525,2.054386735970488,-3.0734388921874567,-3.656217692834695,-1.0576388687755789,0.22210536924228982,-3.506795810560456,0.5665881057303603,3.671799265378646,-6.274469483565827,0.6998712439998862,2.786055753074006,2.109317215889627,-0.383050720911418,1.7222323105982171,0.7255113396722446,-1.8498551033640505,Normal,0
0.20375868870029779,3.4661372579209417,-6.635567346708862,-0.34663212019597456,3.855087317872031,2.581757825091895,6.169342837355647,-4.357073270782809,0.18898664574364774,2.4448158944984315,-2.106877890149133,-4.789999353268536,5.514333694182582,-0.482475444945274,-1.2835780519856332,4.289028517876199,1.5222817492281786,-1.3033425866855917,4.150526761878792,4.312674558186093,Normal,0
-4.336283743212954,3.384655471799622,-0.745775830704261,1.877104079253284,4.179245135601469,1.5301940235657003,0.46204649996065816,2.0079919152888266,-0.06451827133999226,-1.0082086411851334,-1.0294125947234665,0.24519130758036356,9.564069285447928,0.35588335867675736,-0.2082130162200646,-5.3040385883717835,2.577201118422165,0.7424101387684635,4.629002228607783,10.80259405842829,Exploits,1
-0.20615115959213237,2.948842636480168,3.6596712397557356,-0.3314159594587358,-2.200501891118779,-0.20392585394468288,-0.6474488231103405,-1.74708520713778,-0.3625381570279519,0.30077465314202945,0.39174709209711145,-1.816018563396876,-5.803666949255442,-0.7871462555043668,0.05943678420965326,1.3450084453277955,0.4153679083549061,0.3588793304465783,-2.363951118712107,-0.298828269291947,Normal,0
-1.3423482695754538,0.5792886108604429,3.5331342222315474,0.08396988562849006,-1.120585530478923,0.3466300866106564,3.7963662375569234,-3.7291417520520955,-0.9037967800843458,-1.3570517078040882,-0.23884645668998278,-0.17852947731256852,-2.771133490010369,-0.780913465760792,-2.012871411187623,-1.096989952069836,-0.15175201758185408,-0.7576348720903119,-2.888903628399147,2.646489349612447,Normal,0
1.6034798094364482,-2.6659973862994875,-1.2020439625861232,-2.0889817990301576,-1.9841196469884903,-1.4191209790135173,-3.9103721724005918,-2.7397493673968634,0.39400216213168804,-1.6003283281334726,0.12337901633727054,1.58336869050991,-12.504711675060936,0.9614932901984118,5.548291758890236,0.6723421549041178,-0.30597218059117437,-1.1202441959021154,-1.731342291091042,-0.13516390944951162,DoS,1
-0.7678076567904113,0.03391339557823114,-0.3006750159889895,1.9084607343898532,-0.9493882912505582,0.8429661200196672,-4.3174133433264466,1.1150958839745426,-0.8454109822114924,-0.7618516823472218,-0.6136604679085468,2.672567900093299,1.1784375927410413,0.30185332403260934,2.0118177154962993,-2.443355999430999,-1.3504661041360753,0.9628112328239639,0.10125823714691173,0.44103653609471316,Exploits,1
0.06066303472619383,1.6519651687558683,2.30460369159817,1.7738318157609232,-0.5910609393969624,-0.8205599303186132,-1.821376001750766,-1.8823109489463778,0.23552028920666174,-1.4582464362104104,-2.0263210547561417,-0.017608341843140973,-3.083063109460674,-0.8878914702845856,0.6460195293773219,1.793274948703142,-0.18875047846560622,-0.9614153211818028,-1.3279559103395053,-1.4839660023286738,Normal,0
2.701192639021088,-3.8216734644826396,5.683656495617731,-2.768012898656521,3.0544373007636554,-1.3019320184460632,5.790034511316026,-0.5330351230943847,-0.6241273474841808,-2.178143320753878,-0.3292034591749625,-3.946516062078484,7.614893591927601,0.9325227164793982,-3.2112151901296633,0.5922564923827006,-2.0449587181111317,0.10813344228746591,-0.13129229538194997,-0.2573212982673898,Normal,0
-4.722614509960492,-0.5204069350255618,3.83322073276442,-2.426686022353036,-3.803666493116512,3.897638912055029,4.102462041879795,0.9433596396380799,0.8105220889230482,0.6490152652636838,0.5949466602489537,-3.6464832638816644,1.9457193298464617,0.695482084644993,-2.06808410458,-1.876054360047946,-5.916947726365898,1.0894408315803183,-4.142982969134192,3.4936271671344405,Normal,0
-4.727534416352781,2.018406406837867,-6.886326019821907,-0.9744283090881583,-1.7774913849619298,-1.0163863700460816,1.495028814923487,-0.829613881105203,-0.19543918906152408,1.4398068189246684,0.7899054969295414,2.1091004397720434,-8.685391184849308,0.12086216760273172,-2.8615492892944614,3.1500134936204978,1.7256567660813933,1.1618374321204779,-0.10513809472608848,-3.8674663672201604,Normal,0
2.9860083610924595,-1.1433106984388173,-2.5240818822314406,-0.4130136529099304,-1.6971473847916676,2.625953591109555,-7.821995987284477,0.21746432101215118,0.11403388844441066,-1.1996983311298286,1.4240890967804762,1.860400488910817,-3.301420126895509,1.229381793803145,6.81318889473693,-0.6571722440704232,-1.2710372864922048,0.09236656144518392,0.798351561255092,1.5655549370835709,Shellcode,1
-3.2856545791918768,-0.2388157526033441,-6.745650744842815,1.4739803345548301,0.2661844687295871,5.498430870714205,7.21223672247912,-3.1941496403930225,0.034752086794251145,2.953723873147675,-0.8075884349178397,-2.4404377807681334,7.613515632669106,-1.526106221803749,-0.6818614099748455,-0.0004142353085161421,-4.149256909098854,0.4578025125001207,0.32929759241107015,5.794048221821034,Normal,0
0.1635676766197811,-1.941595558394563,-6.310979880519157,-0.2388661696236163,-1.5550934317287486,2.4609321820737087,3.222138613549268,-1.2399308305546326,1.5155323967536716,3.22006339618716,0.09832901542281522,0.7047776434285189,-6.235665970153409,0.9322829491231478,3.1777596737403435,-0.7172870521489745,2.0337315473890625,-0.08328580924512308,-0.8233474079742316,4.951668454997001,Shellcode,1
-1.28344015137374,1.9965679610718483,-1.5552641112615029,3.0176375879092254,-2.383233564255133,-0.8122102048236467,-1.008199730295984,-0.23059971460973094,2.7577259242255914,1.1527824753481086,0.6809410432337976,1.3849674622592458,-9.122625596178734,-0.7218114533364813,0.7801206707253434,3.5396868455246144,2.1454595831185452,0.6286983004727423,-2.6545288512341845,-3.3790102525029275,Normal,0
0.9004517166979595,1.3667846698298987,3.8782881102925786,2.8401278152356886,0.16408782980091963,-1.7952087538008545,-5.101926589756827,-1.6765721947289256,-0.3501729246834748,-2.70839166945398,-1.925643024558334,0.7282374319980248,-5.8667441469851065,0.8305306044184286,4.086145089771739,2.1764645159049882,-0.6217822387908656,-1.5406697256914184,-2.5478942736722328,-1.7130082820477563,Normal,0
-1.028675813866377,0.5635165787573363,-0.5471084224406453,-7.423240792684844,-0.4547087077681964,2.181204157597147,2.523678587057514,-1.2722285577052512,-0.9351765960285233,-1.5711449170593523,0.9056231849466405,-0.9052331641097267,-3.6440951383804556,1.059244833995519,-2.9721952743598488,0.48601845958241585,-0.282107519044565,0.39985888437087463,-0.6469214474646281,1.3702242187623606,Normal,0
-2.9740487828959337,3.3805698020637975,0.8918482579370643,0.6830928903999887,-1.246571419202608,3.8730609439683747,0.047294074134031305,-2.3496414391021,0.7283555133270138,-1.3352439820276203,2.32784124294786,-0.9507673839222426,3.678191923138259,0.002531936350243625,-0.9769428109830417,-1.4890803029919506,-2.25066358062334,-0.3978149274536403,0.05869269929393006,4.990857646890255,Normal,0
-3.5375963049859154,2.184859013809935,3.345680836032273,-0.01641366888585427,-0.9535445354612333,-0.9236099937069375,-5.931525029597803,1.0757114374767731,0.3308907804877336,-3.878847811589902,-1.3417053406759498,0.6853699184905899,-9.170640436765305,-2.0634597622966435,4.759350047331157,-1.7721217583734066,2.051964477750736,-0.04509444918789724,-0.38151651272405596,6.607957622328154,Normal,0
-0.36534949263792105,-4.343930451084865,-8.327043643552999,-3.5181341449766474,-2.2694710679228822,0.9062259717064542,6.26500654733744,0.008285787604875416,1.377117433508258,3.509392806559657,-0.044645541331812574,1.5606659644874181,-18.739874808108013,-0.21899131715861447,3.789349089279875,1.2997094091306098,6.043249211522358,1.6550990811095774,-3.3766883361308704,5.0433131686113155,Backdoor,1
-0.8445512261916008,1.111720380365551,-3.699713898036076,2.843103609108011,-1.4928931067866238,-2.9549342488486374,-1.7531110180738803,-0.8939438737405596,-0.4627206874110779,0.7390882318733039,0.8511083722929216,1.3519158391947408,-10.764857509855977,2.923553662513963,1.511755829503212,4.827075378591415,3.1419752959922764,-0.3767909878797394,-0.49023984052142955,-4.51514420580977,Normal,0
0.6697315703120486,0.008658674966857793,-1.0153890972811717,0.9031227886698298,-1.2252531295967226,0.7687091912341714,-5.057035231637174,-0.11506227011623826,-0.06869456968669671,-2.299456667732838,0.8459896873570448,1.48375316333733,-5.177993206461541,-0.5991490976026251,4.254701964099987,0.354197459025027,1.2353331103177962,1.0426485259371976,0.6977377181045092,2.2776346677748536,Fuzzers,1
-2.3801279909109536,1.6583849900667502,1.5155459480276445,-4.46585052141968,-2.627976460611112,4.1553245474749385,3.5779824718534563,-3.170910110250128,1.2770431665004813,-1.5052021210766466,0.2347973104655174,-3.7548604276556645,0.7808207208037776,1.572259335351521,-3.0917835377403575,-0.4291816033180247,-2.333293775200249,1.4763145201549452,-0.07199750765426982,5.342221192560717,Normal,0
-1.3727852733454973,1.7363871443940062,-0.7911059394347519,-4.028410415949896,-1.876892079993234,1.0752930237314031,1.412726322357631,1.5368283149248354,1.90918538943165,3.1585191401205597,0.30698001983615286,-0.9740266992314588,-6.759802098543345,-0.3493659598831202,-0.5525300285571846,0.4002775807551284,0.8695682160107476,-0.4138561868599434,-2.6321809965019547,-0.26954025723856945,Worms,1
0.701249855886686,0.9626206805079982,8.81997013456432,1.7766737827074115,-2.6225482759292285,0.1932393437177642,-2.0608704006299376,-1.178506318208427,-0.7455892915272146,-3.558458933885955,1.8724201048337652,-0.8946568406683748,-8.696906908589058,0.9332619042339272,3.831975736676742,-1.8098095266198913,2.9904343684352632,1.8202387503497717,-3.490341572137682,7.4307801563120055,Normal,0
0.5026381014276882,2.946869542864116,-3.1080054233764365,0.44205981516313164,0.8681764489687271,0.027343895035983445,-1.1206287492094422,-3.746866269331189,-1.0559477947252869,0.9882323944537762,-0.15245905687561556,-0.2898093047184016,2.2105239482408314,0.13850384443209868,-0.4616409744845139,1.006168868910055,-0.5378485034746554,-1.0885333528170908,2.6110800786835124,-1.2760509216591842,Normal,0
-0.004729726547461732,-0.8215170499287677,0.5516464970506477,-0.6544218228912477,-1.0913548211570578,-0.9708681735487441,-0.9495156857763052,0.5470457731049473,-1.213094263557411,-1.0501523230336145,-0.18893225393896665,1.5580947033295431,-3.5410383484796157,0.7695179799574127,-0.6269544526925039,0.2223641865456909,0.6604857659916983,1.0983230777184048,-0.8269439464062995,-2.183301524387753,Exploits,1
-3.4123800062097596,5.484631898593582,-6.546930853858195,-0.4028908143114114,4.470776681536872,-0.9621014595597442,-11.0370146423892,2.933318381953103,0.18001913941464184,-1.5324145896164536,-0.3102597139204678,4.124216925249151,-9.402410794877442,-0.04254028842578179,6.815888797792242,5.495956450408588,-0.34960456757947833,2.3556289690884733,-0.7020162955900755,-4.81735415889646,Normal,0
-0.5751356268027092,1.2757583791552711,-1.2995541761936549,4.280149910612872,0.021282902840844553,-1.5406915520401738,-1.0656100193917373,-1.7532283373308273,-1.3500962822346187,0.3017449090954978,1.148284563119945,1.2641905902429154,-2.0123748228335705,1.3783229292325774,0.1897527530227121,3.717890608996758,-1.1148948325091004,-0.8172636531584174,-1.6413702124662222,-5.694307140052154,Normal,0
2.2027748190075624,-3.225056295090567,-0.9046894573467628,3.0497183856917536,-3.2837197753075147,1.5153500453298596,-1.406532654988647,-0.6106741728279839,-0.861814007519286,-1.4551741807307566,-0.17317087076504872,-0.0058007896559253425,-2.4417209386535434,1.1068406100255201,4.121662598484557,-1.6587817605274835,2.843922892541053,-0.13272375947454765,2.369795081518449,6.737044139229253,DoS,1
-2.0694739183262696,1.2553156976479878,2.634924494552494,-2.6916682362786366,-3.4876508552593597,-0.2329940562760564,1.1367141889287518,0.5385379824017928,0.9090963850983036,3.157224023041443,1.439312176477542,-3.3539277004564036,-8.13869203817471,1.380584609050579,1.0950061662112973,-0.3813635023674301,-0.44730298922016654,2.2387210959000208,-3.1982131638178446,1.6535008291881166,Backdoor,1
-0.04379811092667785,-0.5645407758533135,-6.933673915963823,3.261178698033199,0.5162751322831545,3.2582536392631405,-5.169837896008879,0.3523483559521815,0.5010632479005924,-0.6612318207180587,-0.677362422704849,3.4115934278992137,3.360526803585046,1.5470330638753529,5.357029155570037,-2.4043931862913075,-0.062059919816893405,1.0846179907362428,3.7297276949763836,5.182315184658782,Exploits,1
-1.185895078713602,0.7120767732442245,-4.584080727360653,0.3839244639077417,-1.2614025181048012,4.871571265125601,0.45029884796013797,-2.31027302065931,-0.5849044402828787,0.8558551963026235,-0.9257832358664522,1.6542413439970183,-7.177168474643911,-0.18296253906767845,5.3911224406813645,-1.9954156509804366,1.4842415318825897,0.5621402638778371,-2.038974643910331,9.464273017814396,Analysis,1
-0.36756650614039055,2.0128473362055583,5.4543397658433665,0.688565753042005,2.0243026423593946,2.6681884091006007,-2.8275625341334605,1.3868288630568006,0.10754190416009651,-3.1396581376291968,0.3194622960634064,0.7772137975620612,7.565796890550495,1.3365480442142337,0.38077649207118136,-2.9599245873287483,-2.385991093476134,1.4343532250718174,-1.2087962788484452,3.301597474299167,Analysis,1
-0.9580333540129715,1.9396096130246159,1.874420423819278,-7.6570328787136495,2.0245988335932767,2.54049245314907,-0.2847474580608034,2.3752174202404945,-0.17667828623503068,-4.430407834920296,-0.342218186072822,0.2081611426337131,-5.680283530378447,0.38689730875197265,-1.098546464394856,1.323478369687944,2.6489809925698484,0.454644578547429,-1.5173518513773887,3.472264505380232,Normal,0
-2.8964068370454976,-0.7850735589684326,-4.525352499752192,2.147516272811707,0.45306449780977887,1.2817339174269229,8.63251949398633,-4.759502128104723,1.3259631880028573,3.9778090274278393,1.1448562428051574,-3.251796536563845,-1.9232932196155434,0.08714800792241695,2.1932413186370647,-0.8123617150363379,0.09279317888847927,0.629672871082154,-0.7145076247923898,9.05428949149739,Reconnaissance,1
-1.9555281228058827,-0.35845847410807696,-9.464287888813113,2.3322121106293494,-0.5293125980451237,-2.229597917578328,0.5090545295867538,-1.2337528936042055,-0.38715096360568413,0.5299876073347032,-0.20092780194905385,4.136277268641026,-7.3043522792747,1.1754357565965836,-1.7219480794528215,5.175319719102921,2.7042183317907833,-1.8621407592453436,1.2516123868601063,-7.0513921842667155,Normal,0
-0.9963100068512931,-0.09359972477026757,0.9460942588101334,2.645670187527211,-1.1905020136218287,-2.4728722470091906,-0.05141227866313958,-2.0457686229784295,0.011581115378658139,-0.7418704313110412,-0.8259763641081578,0.8217434206730405,-9.76457241339767,-0.7506566604287989,2.409443950184057,1.2735317467258724,2.2501701700733667,-1.1483618256478771,-2.2897618465839367,0.8095446452753571,Normal,0
0.2795130368092953,2.3589858068483656,-7.831636195563907,-0.19032476586472935,-2.2338109776493704,-3.669283028423754,-3.2224988715915224,-4.801766617925818,-1.2395388727570273,3.8348906398874902,-1.1715989082356029,3.6103192039127245,-3.8573404959079127,0.7292409766592112,-3.3454905039454856,2.5723147724441127,-1.597923412237136,0.6400106305149419,2.23090001110848,-13.260731818347814,Normal,0
-2.7281114728081164,3.5322800428816286,1.7846200863914345,-1.9061855049898724,-3.6744524132501835,-1.5676303826580837,-5.954761296189162,-0.3134495868046906,0.7010583485062267,-1.4489453563833439,-0.7316018661213409,0.5121641654914951,-7.819881246988187,-0.23317529784036273,0.3184907744442629,-1.5056599159032467,1.4206502971718693,-0.10937616975330473,1.4408515643700284,0.6379594566797886,Normal,0
-1.0960296373544591,1.5500902444746254,-0.6674537146100876,1.1830573584178836,-2.253920116580475,-1.0602796695598697,4.311767534667235,-2.505338419701726,0.6673931546708117,2.0984727089892847,-0.9571506007003348,-2.2324264856473275,-1.7251344289805304,0.7909746721224697,-3.6512025460162603,1.6538241493242039,2.005272211691982,-0.9847531049585951,0.8784521406871724,-0.7101555009026088,Normal,0
0.783225588638943,-2.6700238252651776,-1.2293932092274713,-0.34227297800304246,-5.112123465761069,0.8076987708826382,-1.338341235203106,0.2539330753336114,-1.7303126064039325,-0.7624917268197329,0.6573931875438442,2.0047003710032354,-8.48065584990089,-1.46965631304862,1.3770725939080606,-1.2977053635606974,2.8697194623373816,-1.131551666747279,-0.1451755680410145,1.9619527999647692,Worms,1
-3.917577376947938,-1.5718375253896353,-5.349096293554269,1.7112964051582837,0.18597932662351857,0.21404274557529268,4.045449868014114,0.02393683407609526,0.976440605102376,3.2742227657625103,0.33488902581791796,0.4628654739015887,10.15281935582852,-0.5910775096059382,-4.141549741937511,-1.2802616565695701,-5.318081416870808,0.8369317295280223,1.447828652343897,-3.760257671463471,Normal,0
1.0199333169147269,-0.17694005064615492,-6.434972526309626,-5.506009719058532,0.19196641800880276,1.078558070295406,0.7037432242790149,-3.5466879560140434,0.12763259648281905,1.1355335103692763,0.47383794556642633,-1.764342471350421,-4.292392254366524,-1.248668532332627,0.9704465160712386,3.028303673716881,-1.2000100728884768,0.7111822682595856,1.8443930623282156,-0.7879981580672953,Normal,0
-1.6012540701576827,1.5139897595586649,-6.647881095878329,5.445073948096668,-1.0257439039320526,3.645698982182279,-4.112329263846653,2.4464040531203213,0.4366072555886025,-1.0464081605253592,1.2315643660168978,5.026371195499507,7.834572921579963,0.24800553832910704,-1.1509028935237309,-1.1757405201574096,1.4364906696390871,-0.3700875828022541,4.476423362820509,0.30185465490300034,Backdoor,1
-2.8169624990184134,2.186496584937213,3.649092257819623,4.458465796377075,1.2175217590809737,-1.1481995496937911,-3.4343514894903957,-0.43657337680788644,-0.8169057463704911,-2.7699507706941215,0.2821637386138324,-0.16120723635740863,0.4452270637373408,0.8762458637057208,2.9401214273428113,-0.3194708541925988,-1.139306261445601,-0.5328453764695744,-0.5072949526694454,3.0207954160374664,Normal,0
0.5661520339495762,0.69623585694984,4.035974934837963,3.2799855959948707,-2.668944707812154,-0.021599423258531703,-1.895171561389089,-1.2417347160068004,-0.23634162312103854,-0.9561249198487383,0.18631993582022166,0.41230201279313206,-2.772129459332427,-0.9496466378785903,0.7316813414962021,0.7314270364400619,-0.9524663077265623,0.8959549177663008,-2.9383797570341077,-1.862985661610993,Normal,0
-1.787103966255366,-1.2358548247707826,-2.8306175233922453,-0.9139241880985762,-1.5578990300754123,-0.3452321116360946,3.172055064271436,-1.0123651192453749,2.3370023110440217,3.5157821790238337,0.30202512752728417,-2.154057829490646,-7.452983488619417,-1.376435083791881,2.3603927986456905,1.6931186756711307,-1.258911098994051,1.3935557049575726,-2.6954037666929787,0.5043381661820818,Fuzzers,1
2.81348735691052,-1.3628702526125314,-0.39604420784337613,0.36647128880781465,-1.9590202097406653,-0.501837727835921,-2.806621587696136,1.2729601573385936,-2.324390639711623,-0.027074468738712554,0.2845138858864701,0.3794652752726704,-4.349034098703609,1.1144799258701608,2.2124090237299034,0.973000460271578,2.5164440085117814,0.03869150164279715,0.8304455538096163,-0.9251176716338663,Fuzzers,1
2.3554551703298863,-1.2538318840318097,-3.4134054367322784,-0.37971055997201963,-4.873069702257695,1.8547081887348098,-5.503716544664817,1.810004843232269,-0.04515484505051478,-3.5053088360933518,-1.6253860515784664,2.5595127678170986,-2.997622660009858,1.8499715943009574,-1.1247929076113765,2.2534786736278996,3.3048185126016967,0.3064976394217893,4.169460034023854,-2.886707436212819,Backdoor,1
-6.156825171204873,1.042754587047339,-1.2074457033398232,-2.924321122402806,-2.6962698452776905,-0.11869280279891736,1.1454886486588673,-0.8740110787478226,0.13437028758210917,-1.5377647833941737,0.4068957572963002,2.942527851513913,-11.592792273707607,-0.8702122839871325,-0.5584683459354411,-4.33713650475896,3.4972031907105903,-0.7805188533131738,-0.9670806784987624,7.369461188751787,Normal,0
-0.3818548717463627,1.6054787550717031,0.16423608229471276,-2.386186166946452,-1.819469879341498,2.4896568898002984,-0.37828113271086333,-1.3431559035033196,-0.3254592029026878,0.2413547457870242,0.5498478356799932,1.0496583871454095,-6.250124073876832,-1.6811633581033236,1.3548113445519652,-1.9889164055816744,1.1158518737563483,1.1627229196543776,-2.236557412403771,4.088557339581981,DoS,1
0.22034240831497676,-1.7168229614423884,-5.976782730308041,1.4069794930659145,-0.8809420864941389,1.4178971923907389,-0.15865134230252814,1.4668662538899742,1.1499371558400613,-0.7035063001119995,0.6144905511305414,2.4592322083468896,0.6697059345413201,0.03842217897642197,-0.35592102918691015,0.015602490038252093,3.621922417342297,-0.31824491475683536,3.8409801169789426,1.7957103342881742,DoS,1
-2.9275232231609496,2.926750006286171,-4.604894159869843,-2.720124191238763,1.4210471210552493,1.3268641885839394,-1.6228196055642465,-0.38908051689235734,-0.8633680218980636,-1.6055160499334726,-1.8800849902474868,1.0318529677125876,-0.38366887184516996,-0.533116656858913,-1.3622672922646906,1.6899859137684072,-0.08312466117688921,-0.7638842566182295,2.2469627439838646,-0.10411449572031595,Normal,0
-2.5895234632329043,-0.0564248623907615,-7.951028067978234,-1.2732941306311762,0.3983997270635399,2.862819209862197,6.004750981310817,-3.3830201957853085,1.0459115893866522,3.943605912281617,0.18271552626482176,-3.1499600618764942,1.9393019921391952,-0.8015515005812999,-0.36335310204105087,2.7198901148468595,-3.8261149075789707,0.5012041823841213,0.3453753249717607,1.167261691034938,Normal,0
-2.31774848563108,1.7547764506651102,0.6016790956578406,-1.1197375209170328,-5.6803181628082795,0.38277357493865827,2.5058070442708003,-1.8326792945326589,-1.3222868197933644,0.8065423416527149,-0.1637378672731814,1.1322359200943792,-12.071533031593384,-1.8906579554280043,-2.8699145421699503,-0.2736694456727635,3.6977497417440865,1.0740136453460005,-2.9652214743007352,0.7986734834754734,Normal,0
-0.9411138769880368,3.8466314484674715,-3.0013926321452855,-5.623184123644113,-2.413907054492193,2.1415694212822043,-1.2573601305139197,-2.276089080886485,-1.1600373698625195,0.8878631866293676,0.22674809693284917,-0.3380401758725443,-11.074148231111966,1.3632901651657772,0.021979752857141266,2.93125895808625,0.6640451835137826,-0.0492096920777383,-1.8403476170349782,-1.0873159085971316,Normal,0
-3.4441442759282506,0.5927922067691808,-5.643875496851613,0.38870281434806153,3.931768915497976,-2.3498396518367777,1.71001404442926,-2.458344511472899,-1.0530827448757445,-1.7727892269668528,0.3186630921757059,1.3327878893037848,-7.20197106859512,-0.9374606876851576,1.0176263656517035,5.628990753014648,0.4559427946827972,-0.34931606368447105,-0.8993668851331116,-2.134143336498999,Normal,0
-0.7439343707545446,4.794925892615553,0.21348336982465593,-5.241754363227079,-1.5956156667431767,2.410436795557744,-4.237563744130239,-1.3238666360667528,-0.17806952730481684,-1.0768502679890601,-1.3860012567511546,-0.22479559874335098,-4.415625918617286,0.3156653180784559,0.11664536919313973,-1.2953802166934163,0.9644338815964026,-0.0027854492889701106,1.2483802073797887,3.1291012882479183,Normal,0
-0.675608374141357,3.1816801321693458,-1.1189389197433135,-1.7868061795040828,-1.7704706433717088,3.59836267857533,-1.58771814687516,0.3962583146142957,0.9179383626717806,1.450525993123197,-1.2179618820362899,-0.3226841319371543,-0.9118722162871373,0.6401941454863422,0.7173942684052785,-1.6733875934808875,0.6908798404541332,1.0552387336607758,0.2313865456118871,3.8802904749021336,Exploits,1
1.3356229491748142,0.6138561954291559,-0.2981369192059695,1.1192597899366517,-2.588089422947232,-3.947464890587206,-4.058236850187612,-2.2750346236620373,0.06767148955845191,-2.2326578447681857,-0.7973448497355118,1.1869313117462177,-14.427522241610033,0.086953290111869,2.453832099506391,3.486013233785113,5.537376882705048,-2.4291597625184753,0.9087909099615965,-1.7958938164242797,Normal,0
0.555634873995238,-1.6063589062699546,-1.526483715116476,-0.14559565763045978,-0.32002385757531093,-1.382558611124975,-0.10812571176553953,0.47095333544699325,-1.3342865006588074,1.6967996440067683,-0.7583519842618284,1.7557711890527308,-2.161113715565118,-0.21079131758480815,0.7245611080084149,-1.514000137021529,0.517846833329125,2.068547583922264,-0.35336259584115703,-1.3948589299143328,Exploits,1
-1.0837204187127067,-1.4464840125575757,-1.905664907920515,-4.5329316686956895,-6.8824088094170035,0.28274760977485924,-3.288766343213796,0.8240380986599464,-0.9417636358072595,-3.22116278423148,-0.5311230227989046,3.694734822433674,-20.048889424715966,-2.26121846365778,0.3167248344049396,1.9898813282263186,4.552562557110007,-1.4038400185519961,-2.2470136199378317,-1.3727557855708756,Worms,1
-1.9706402336862214,0.5403888087679566,-2.631383080039758,-1.6105585028376979,-3.6184257309159293,3.145449804542282,-0.921670857218668,-2.139710996290692,-0.07173955755951213,-0.9748686139852616,0.4604665044811779,3.218608563437778,-17.03191142453788,-1.1882913506953199,5.583948951348005,-3.0461977081179668,4.9456300120223915,-0.2669563071338542,-2.9698540674859366,10.790765265359932,Exploits,1
-1.569391312444682,4.713345298551252,-1.0308572363551969,-3.8746451998841676,0.4984150372349915,-0.20375077913138862,-3.0368351060039824,-0.6110230493625541,-1.2076536059757257,-2.1241508523151253,1.7948205850855177,1.8095079237667955,-8.777657784839493,-1.286563077610337,-1.630482744926392,4.035228853471905,1.8012697304553833,1.6601376405137818,-1.401087847257231,-4.20834836505628,Normal,0
0.2282912168302602,-1.088419200019234,0.6179545262540309,2.5413357546809676,-1.2806793188336838,2.1608959009350714,0.029858933227964124,0.7359699418751704,-1.6148367715444396,-1.9261526735584682,-0.4608112067171354,1.687881630557131,0.7979612390037651,-3.252029432671587,0.4363995722655958,-1.38898043544565,1.6245410471657569,0.42158970013564595,-0.20673895411507104,3.6334079558893015,Fuzzers,1
0.5241589256632166,0.38379738739797375,-1.6224551008746517,2.8589064778973956,4.530103244180252,-1.142026553921851,0.5546488226742853,-2.157594460191629,-0.38148250142278806,-2.02097130331716,-0.7412084962162536,0.8175017783944023,5.787349455793444,-0.008037934334656716,-0.6261676762985456,2.7545013437388413,-0.9740837495350558,-0.17911148234595953,1.3942207184022881,-2.4888557405013123,Normal,0
-3.5126125303852542,-0.3933071871135627,-6.998596705414712,-0.6772224345882105,-0.2515506235305377,-1.8402990730420279,3.915000637981207,-3.21110219929274,-0.09883748664831034,-1.3320932108469452,-0.7490791985096188,3.1622220877049783,-9.998861615341722,-1.0297235976860795,-2.9037005648494922,3.4010260299678543,3.482713712545654,1.9569041754858603,0.24965408482416995,-1.8009235475987126,Normal,0
0.5392346578304217,0.22548132327237225,-6.269474404959355,-2.8580095645677686,2.9334145452404607,0.791158337027737,2.7905825250117484,-1.5803357178916833,-0.5840441472982576,1.2952922352927947,0.6686551611583593,-2.3313034949599873,1.3349336456619478,1.4291172054801016,-0.05096329355941975,3.571192852280117,0.20321652367810494,1.6609388186997895,2.876836105888933,0.2545921436090111,Normal,0
3.0919414075424836,4.160470401023943,7.944020801002507,2.136626541663709,-1.9227331158153729,0.2513534823168113,-3.642757932607772,-2.3018166281871784,0.33520824203254546,0.15058762832282846,1.1358742770149732,-1.9202836009822466,-3.102189011805796,1.129816546358944,1.4616786987379544,2.568224036110016,-1.8723872694359671,-0.8333177577042885,-4.900477130056278,-4.143627188563849,Normal,0
-0.4185426245594486,0.35608213362957686,-1.569782805398179,3.2380437973408718,0.36779613086488805,0.5008361304765896,-3.9462596681091915,0.9002949934493629,-1.7869576644270717,-2.8358811840993177,0.6256567614454964,3.724227948432071,-8.74310684287833,0.08556974075621303,4.211825925400739,3.852179649770867,1.5289390066154218,-0.42571774055516237,-3.3772421796851044,-1.4711301150847762,Normal,0
-0.5520085519711206,6.073186966134761,2.271828508937478,-3.508426947745967,-6.694876892579667,2.5039379497786802,1.1145271725556574,-1.0562718433471003,0.5079430785450259,5.40344556291349,0.11310007824801788,-2.3076771638391653,-3.6305947192311976,-0.753649710906341,-5.88703133185751,0.014602411048348474,-0.26069584750778096,0.687049346723827,-2.6279268091303774,-4.607799901760598,Normal,0
-2.0386367429405623,-0.845893967835305,-5.573122208133875,2.590178762636886,-3.7840213730984855,-1.075993804181294,-0.12772508390007198,1.5473289087949278,0.719791421832159,3.1807114873073754,-1.9923920138568803,2.047645411343366,-5.227252744982032,-0.59032002393038,0.8805760744409477,-3.021222251432385,5.134060769340225,-0.07922877727680845,3.304248052148958,3.514654154804256,Shellcode,1
-5.128662958826973,1.4497671950185522,-3.8990514479176683,1.181196610261095,-1.4877499145901165,1.091179755327464,0.48939446421311716,-0.07017094926261369,-0.08798606741139482,-1.5455722951740354,1.0459778543567126,3.8701366684266394,-3.0096328399190106,0.43125377240108054,-2.6182581286208673,-0.7261794237696471,1.3930195843321265,1.782295263849943,0.12926233058122083,1.1182751148906274,Normal,0
-3.851282216417992,4.4879896857632415,6.509544383548212,0.07601911021081897,-2.4302023703063633,2.1384297280633247,2.367644532728742,-5.242730987164077,1.1835020235419498,-1.5707416192939996,0.3910083851962531,-0.3649158697156789,-10.437781148928988,-0.28487917523926515,1.8676954152590208,-4.869797815315147,2.463945301335571,-0.3817212966031513,-4.9746607705327435,12.679985262032842,Reconnaissance,1
-0.6970955449699737,4.27982706606355,-2.8429142602834534,0.3991660814568059,3.0010100882260335,0.2156021225781135,-1.6733623532400461,-2.1544367990817697,2.191833140756291,-1.6579049064853386,-0.33284192922068656,0.30058496894964337,3.109704920274908,-0.06424873618608622,-1.2940702479047954,2.1576608694524113,1.3893350523332142,-0.020466724909825356,3.5935411205127283,0.023799457860131767,Normal,0
-1.8413421096048568,3.160822683875744,-1.6483424659305168,1.9289836333462338,1.7579914533332546,0.9726993001280891,1.2014849370085274,-3.068474466076154,-0.3707448115871774,-0.0844288357234555,1.3015334610822733,-0.21934137763171302,7.249740993860748,0.7651899287646474,-2.009556314577536,-1.7951880521946513,-0.1410335225962922,-0.5865126628445863,3.2990916470316876,3.563329962669222,Fuzzers,1
-2.775419936657072,-0.6036261555818476,-1.8401500329614247,1.7215137595983743,-2.982962581371828,-3.540510271953916,-9.140825054770875,1.8039411437412216,-1.2683643786146133,-2.6958131801121126,0.7531312855941531,4.85449480757163,-13.506802527404004,-0.2522898602867978,5.993040008408922,-2.3380016950960942,3.554881698132311,-1.7697108331252864,1.4796958978258172,2.0142728396727945,Normal,0
-2.3387408054975545,-1.606675300786248,-3.0194792817793368,1.9943870326354944,-1.0180469911732302,-1.9366332418408376,4.102250972253469,-0.11110956503341618,0.6467820855611467,4.365690688733727,0.7711275687567691,0.48561168745685057,6.603148910222645,-0.7524929265669714,-5.227237845610173,0.3192781830159326,-4.887079384917511,-1.1754589912628686,-0.6677797705507094,-8.963900108733478,Normal,0
-1.11936434238098,0.4653944512919701,-2.599770485419635,3.3823808119685643,2.655725670080628,4.367429254197562,-1.752707297331523,2.945478568475754,0.6221450185106159,-3.1073272627665727,-0.030228159459196623,3.916717664470058,10.159047343141687,1.4933394189563414,-0.002665364026712691,-2.6608300006139793,0.8882802553125279,1.6585089167526792,2.510865733410053,5.121943083109896,Analysis,1
5.361305832507733,-1.121677273733831,0.7419568950146616,4.756524698807086,-4.91095086904878,5.6229640230197155,-8.830656595257127,2.942970899226773,-1.018780576696333,-4.5981963854249805,0.5218174220190447,0.5075691916925582,9.24473876457047,0.495068429689332,2.2385200916558925,-0.5069667657150816,1.4429611280362005,-0.6992666558699421,6.242462438042127,2.99349101075314,Analysis,1
-1.958037259462914,1.724458787710426,0.5514838577115959,-0.6349608800885163,-0.8260180460776483,0.07682544051045914,-0.5731160314528129,-1.0842514295135182,0.19374190066810618,-0.7140949471368112,0.08590801841663039,-1.1845534500213128,-3.9575612813248724,-1.9673063225225949,1.244372380927989,-0.7049925869806675,1.2784542036985125,0.3095594847586634,0.635092947108642,4.569067813115808,Fuzzers,1
-1.2723831404540422,1.6017776261784387,-2.613690980197276,-1.4532667404394037,-0.8793318578685199,5.181940205696737,1.3687135391739889,-2.274828189130732,-0.6934292426154812,2.065196915384497,0.22122524080794348,-4.599466159254858,1.3393461607165045,-0.23524223696743682,3.8467939374491182,-0.3584912813467154,-2.8862749977218787,-0.8808195799722746,0.4025934326731866,8.516233976248536,Normal,0
-3.386074224375415,0.5701703851605278,-3.8420961704840164,1.0652312490722373,-0.5467250174542833,-5.314326953879614,-0.5929800306540136,-2.4825402533708694,-0.8976249758117046,0.12817178611523472,0.0589007933198389,-0.10523645533587733,-8.573801687508887,0.8372118583636283,0.22764929486664842,2.8999947884725246,1.702370824522399,1.0761614273528792,2.2985108801328167,-2.733413352277271,Normal,0
-2.878352134495416,1.8594626644134202,-3.589539832522445,-1.4807442552355883,-2.4358491075594992,-4.108358591324363,-3.4646517110284645,-0.9947337080703311,0.3836709131634792,0.42652452391157936,-0.9558499984020169,0.4911034247573032,-11.63681520358432,1.046909740924715,0.623833792051409,1.8192805099871814,2.8434277612643397,0.07262999914297967,2.3915616797622405,-2.3903133319612104,Normal,0
0.3403805832262352,2.387171773627751,5.355676518733673,-4.709862930366907,3.261939726127997,-0.2895416778901405,-0.15715052852321135,2.729187363716231,0.6064921081313653,-3.2302593287813455,-0.9536984332384353,-1.8885296389795383,1.610822529177904,0.17016506777057974,-2.4460615581885783,0.6552799178524948,2.3463889535568363,-1.54442742282055,0.5284762720339127,1.5130960746208488,Normal,0
0.06845939280026925,0.9918166352428747,-0.5554614181023805,1.030196613210399,2.09671965428286,1.4991716631316274,-1.6853307798571926,-1.2449227400122997,-0.7366687908953733,-4.780091232364813,-0.9983653063492748,3.6880454166264327,-8.29842174134186,-2.3651432935054135,2.6614602202159228,3.837119037570319,2.144012707185774,1.2389022312783422,-3.74168665418821,0.6465787338527613,Normal,0
-2.1022460510436147,3.0366552349966747,4.730860126350086,2.2559218907466856,-2.3625980648055087,-0.37538439052719863,-0.27423572937639795,-1.8249410836773796,-0.8532259807575766,-0.7689897787517896,-0.49955522737033137,-1.2245786581137392,-2.960615285837803,0.13338350848658456,-0.7610351037877674,-0.17097710320998982,0.11713773255164872,-0.08633643459975261,-1.8810288058407194,1.4553035768559182,Normal,0
-1.459364400885698,0.7505936539741527,0.267390869868363,1.944448173554295,-0.6235448792223874,-1.8747074781016753,-5.120866032993533,0.7824140289241548,-0.12735409025933067,-2.015300452083304,1.018455956545013,1.9307458131047603,-11.618010398852546,0.0058240579232769615,5.66974031686576,0.9452778542903975,2.846985019906788,0.9619586625390184,-1.4651563135231822,2.2855768041239664,Normal,0
-1.4771311925388892,-0.7883294984728852,-4.248236234579727,0.6311362527631061,-4.085067768132291,-0.23616064806429815,-2.798014488072182,-1.3353186570748221,-0.4604181408097928,-0.5465272552286347,0.3358171199543676,2.870940860088321,-9.745347458144234,-1.766528923419959,2.155443302258278,-0.6566963905404233,2.3350082053760564,1.4770224039902151,0.9445908944607364,1.4497140106211686,Shellcode,1
-2.142023487255191,2.3975666287996806,-9.491877916249244,-5.425054616703692,1.2663963449812607,2.251132683116574,4.860236141154195,-1.7159261409210997,-1.3518655610608699,2.5296100757796447,0.7258125890985261,-0.4859805007777471,-2.873159377141679,-0.3169069969525545,-3.681084797146459,3.7613795718119016,1.6161014119813886,-0.35724863006404317,1.8286826699562915,-0.9277037360426201,Normal,0
1.945933292735731,-1.141130211083638,-0.880175076539973,-0.0618440060994514,-0.09081525167588578,-0.8014218569408444,0.02135317666956904,-1.0893195748412077,-0.49623400933580986,1.3101421709801662,1.1786379460415939,0.4026033126437709,2.876086206499509,-0.6798123530765451,-0.6764198405403241,-1.0114973543716528,-0.8785870416118216,-0.6037797959731513,1.2036500470088058,-2.3688514257191677,Fuzzers,1
-1.770166532384879,0.8158523901104884,-1.199839140508216,0.1127778556691501,-2.2965648178787763,-5.379233914443344,-1.7566775368027798,-2.8827902446060336,-0.3470640531869431,1.3801906160816602,0.2004156634338564,-0.8210403443282579,-9.43807471249852,-0.5870609184042378,0.5141217040557639,1.83385688537357,0.6100841373441419,0.5027991968111057,1.0388857891019567,-4.140118665307618,Normal,0
-0.48243423383948536,5.397101365221337,-1.5062950742270838,-4.19368962485349,-0.4802714146249407,-1.6469901925015207,-5.563267265201206,-0.11536359121590589,1.240557900521476,0.2843703627391325,-2.0322766096512854,0.13064734286427804,-7.8146183498468,0.9458520366171795,-0.6207507867001707,3.439122920090233,1.6812670649847172,1.4795169297141542,1.124168300105883,-5.522054001767472,Normal,0
-0.6758560186365452,-2.296773002445244,-5.090045048441671,2.9370827276749205,-1.6271483221930554,-2.415951306177405,-0.1063231857651456,-1.3137473056449764,-0.13858198323236143,-0.33970784729103065,0.3620927373582383,4.486545138481237,-11.470663301717282,-1.3416521204833574,1.5973340745768319,2.564900391113181,3.0981574502272924,-0.03929654266971919,-1.5971381654099406,-3.3211899197542145,Normal,0
-0.07986630021033436,2.2809395915306387,-2.79542250740662,-4.588863573489807,2.4733403105117295,-0.28190590038419194,1.0010606442827414,-0.38912654219305665,0.34778943674423696,-0.3634009180564801,-1.248030347735052,-0.9269987735708571,-0.11726614336585443,1.3261156276521313,-2.8370870076241443,2.4952706775044167,1.8316307588761367,-0.87440802744437,2.5636660827089406,-1.4441917500931845,Normal,0
0.44777569999005706,1.514916545238063,-0.498024100017519,-0.7065944491041903,-0.5987918843735579,0.7571232097366608,-1.5287855710692764,1.025941641639351,1.4359153507054134,1.549485678634659,0.5178080418362866,-1.004262217875728,1.6093480942846277,-0.5124794965435998,-0.4427455655122896,1.2675169722702644,-1.2761075098046621,-0.6937948210352283,0.19393451372266823,-2.914733037001284,Reconnaissance,1
0.044668282580405005,2.990283887944798,2.6479147074187863,-0.24241637079395684,-2.3776610600777044,-1.5873284097004912,-3.1491989735202677,-1.717159035275789,0.3977449654468618,0.5486458486896788,-1.0332155980225177,-0.09096953137272568,-10.679003218425475,-0.0733097821141441,2.037053991350734,1.4805673349603454,1.2056916416209003,-0.11144781587818474,-2.947862318190485,-1.823237716336498,Normal,0
1.1088557911205623,-1.044431798069286,4.184017867677585,-1.1940501501621585,-4.342520456084187,2.0216264906747634,-3.9214043514305903,2.1464740679631236,-0.7425224425970892,-3.0352921930436882,0.9083664271640899,-0.2291051928188763,-3.240172806877759,-0.2992522558833806,1.6241787737541444,-2.3635222790574844,1.7002175655990241,-0.6673535881766914,0.5015075477449366,4.5574895426884945,Reconnaissance,1
2.1731152830029945,-1.5510712717603503,3.5899669463305734,-0.4284624307302405,-1.3059871982669313,-1.3287901283699775,-2.9172413743979124,-0.9334296228550065,-2.301763856031177,-0.4928877718778232,0.05914594230748268,-0.2660644748717702,-6.488558165712992,-2.021345151183173,4.219666040160497,-0.1385042975628279,-1.2533916628411244,-0.010277063916677357,-2.9458369179769184,-0.592806832348878,Generic,1
-1.3041076712075008,1.1830857487755366,0.1576607804825947,2.0957246124143496,1.643326836074384,-1.3668717553549565,4.215065774485716,0.01291966429341529,-0.6147660617705136,3.5292343581502426,-0.9760591858685231,-4.484824678281887,14.513126744977798,-1.1538599014469488,-4.81045642909929,-0.5984639194446331,-2.7087765052040265,-0.8292781984858514,4.174354709876942,-1.6260275919877283,Normal,0
0.9449097453213242,-1.9344946125335243,4.173467709381239,-2.7965807205952675,-0.686738610987617,-0.5005627208619423,5.3482793099634724,-0.5812851014578508,-0.68557181853682,0.5305235635493009,1.8148046525224815,-3.050014231923262,2.348908785403562,0.4988545596943527,-4.201482502859885,0.82250778288158,-2.2668617928106203,-0.7055252755467194,-2.2252038233266735,-2.879537808686324,Normal,0
-1.2057097442473554,1.934648334672449,-1.2487370311075099,-3.589713659191686,0.9509238800092144,0.6063334679618533,0.5258132980322363,-0.47111675969680245,-1.0729397230783215,-0.20388899424714735,-0.704617489491256,-1.300660398446876,1.7835767994968759,-1.2900780921097774,-2.315394712037594,0.5612586717165687,-0.5451983841812308,1.1114259568440468,1.8033800404510179,-0.04405270391603666,Normal,0
-1.0498849382502193,-0.10034097138076747,-0.4783922432020372,3.2946685873679513,-1.1341652194975773,-0.3418781374580252,2.69393109736793,-2.8823802008572765,-0.676345992474177,-0.7086631577542929,-1.3680479592177142,2.4661280506664456,-6.428590692264894,-1.6115656223375108,-0.8102611391071486,2.306058046937823,0.8397666291440937,0.7320142722401903,-3.9829654811328865,-2.073843389433286,Normal,0
0.28009844647974513,2.2066122406722264,-6.960030343569864,0.14846552402393898,2.1412716519480886,-2.7687122774282233,-4.044610115780379,-3.08687759484797,-0.3106349201426755,0.8627886789144058,0.3972860227247472,1.7513532721245215,1.1531284298664575,-1.9999319052774602,-0.2031824528597257,2.5504003796327286,-0.7976265917205964,-0.6113143381520736,4.702155045130548,-6.544134257452635,Normal,0
-3.035051646738723,0.2434812476321162,-8.390144368434228,-2.096781626026659,3.1065579351246737,5.722052718620909,7.593705178019788,0.03259164080279264,-0.36470658502211445,1.9363287376053813,-0.3728966394065869,-0.4705484584152946,4.294951915322837,0.6768225798558585,-1.3154496429538458,0.7932795821384391,0.04259794526538485,-0.10490142291976648,0.25282927846888203,6.401832066072702,Analysis,1
-0.38295703533637027,-0.7504472837466825,-2.554471397220303,-0.7928182856160169,-0.8344527827971473,-1.8196755134055058,0.3877716758476064,-2.3925375918197336,-0.4770516919944948,2.861041484604234,0.6673225189843374,-1.1991674215377637,0.8670828000939801,0.49228237366989974,-0.7735086252062007,1.309462642076679,-4.596871911523276,0.9336939018151047,0.0947852441921695,-6.083236651316238,Normal,0
0.301619051758827,-0.9010044946525226,1.5036787257912496,-1.4481898867341751,-3.389326275216864,-0.3111127627158563,-2.9080557844160992,0.6461873895433927,1.4407298253599683,-2.1554292540849502,1.2562812358636557,1.1387430436672366,-7.5290956532352284,-0.9919355025031202,0.9491734231951672,-0.5597311929771248,2.164397397057119,-0.9152394286377644,-0.19361264775634224,0.8541922458485539,Generic,1
-5.7071083499199435,3.352607750303679,-2.5420271521603923,-3.0871526720961366,-4.135984700064234,-1.0100519657870302,-3.4366940459431734,0.9945062532552229,-1.5033393971423339,-0.13410245660478326,0.048453495422748336,2.0002097605931937,-15.189936468569808,-0.7183488596972791,0.5275273973693495,-0.6161544289504102,3.6756866633530962,-0.3550324108891321,-0.2929507439795753,2.0267923519990276,Normal,0
0.401420396446281,-1.583518150719291,2.5467208541981226,-2.1464124623955145,3.0522277027801596,1.3781989527400746,5.210472659367167,0.4350942818617478,-0.36782817114706295,-0.3554680929742986,0.3601553046177644,-5.213920890511029,7.2641132538580315,0.7177220691902199,-0.5334957146053027,0.8117855320309895,-2.223952798148309,1.0087816003967984,0.17666408686138135,4.113228774786375,Normal,0
-0.408935342720153,2.8960995911735905,1.2545084443301455,1.6459843669163674,0.3445804456772441,-2.5758629759435605,-5.587183858516612,-1.136040976883131,-1.253975614178523,0.11888369823004208,0.480188745072042,-0.6637800437104113,-1.212645467785123,0.6075775028411032,2.126363691045219,2.2244048095851374,-2.7552243216566765,0.9884623473533571,0.02713442927289389,-5.042310499499807,Normal,0
0.5894740698061365,-0.18845878219187417,5.879705092154561,-5.100736672325608,3.063262368111594,1.9037693614854214,4.920517595054068,2.844526468823048,-0.11816086704843243,-1.075666666788762,0.3375063794863457,-6.185473937380189,5.0864445102937115,0.5243985057008649,-1.1166674966640824,0.14419699680229336,0.213129949541629,-0.7137702745857607,-0.43264437694675006,6.419148802257361,Normal,0
-2.3792951906138144,2.509138239229274,-4.803063372582714,-1.841153542488319,-3.687868342849751,2.7516135720020514,-1.4437527649056914,-3.9885618876550724,-0.14243133679410933,2.087645865362506,-0.6932112437288963,-0.32534227348466194,-2.7735228408114216,0.2134918316969355,0.25729734092402,-0.3993483294343667,-3.345033030955895,-0.03709896979779544,0.5858072276311409,0.34694393397992673,Normal,0
-0.3403290299921792,0.29627187890493534,-12.271808574344714,1.5650577083489274,2.0793448523051445,-2.452177790359398,2.844796407929061,-4.796287789051156,-0.03296891874162238,5.38587456526271,-0.4705827047089276,1.9507889245273695,3.098709904903086,0.4105197247070703,-2.809310827220536,3.5974818904021544,-2.12791597175021,-1.1929367296870448,3.356278705323659,-9.562279947583077,Normal,0
0.8941218385061389,-0.5152921661346536,0.8993330249765193,2.9254723464802446,0.2824729246377209,1.1357464548278344,-0.32966333299128714,2.4918327401029394,-0.25045860399592773,0.7816033614136288,-0.5248110842252807,-0.45591130193835694,7.19906841336836,-1.0878491159442885,0.9396282489540528,-3.325799806084494,1.5081625727475845,1.7177800661919977,2.5631688217085027,4.721010285971986,Fuzzers,1
-0.033714773528411124,-0.06822000358704239,-8.76400475726296,1.7931130640649116,5.740932246107472,1.7659030098032549,8.734679129282783,-1.1870288741494814,0.05013802515706501,5.359591402881652,-0.283231829277092,-4.941041038757511,11.647049036303239,0.41014195668516573,-0.5129057305927464,3.3729366149298063,-0.4192620045373824,-0.4920167310804446,4.100927455595836,3.1369286590753043,Normal,0
-3.2561854388285347,3.4144304775194003,-0.4461065329440397,0.06465369047682201,1.2001988222704743,-2.854949848092705,-5.918569499570758,-0.24163428363830985,0.15191578196714817,-1.581886936244068,1.8442006889324398,0.6118176060051209,-8.39946819943862,0.18096463733980891,4.093383826768948,1.5023758995216925,0.6230274541147075,-0.32116530149040856,0.2217390141134976,0.34202481106605065,Normal,0
-0.9535048265338683,1.5926060124392953,-7.272405153807804,-2.0873843365032627,1.0606965314150496,1.9931572897527396,1.6268462497371996,-3.67660594095529,-0.13588414606669152,0.9738708062114592,0.8760243380191018,0.2948499216780045,0.05494685953074274,1.5522780576075415,-0.8827410601974628,1.825862144298986,-0.7080736807900004,-0.0950659358636343,2.0785597967845626,0.1510297305804521,Normal,0
-1.2727576783306376,-1.0805254951125347,-5.4393197372655635,-2.4600196300535506,4.118824597314104,3.0404637126604044,8.164461869773763,-1.5627662585719544,-0.8016217753583335,0.19742610602204547,0.8330031954806495,-1.8874742553041872,5.89925430640381,0.6761102937916447,-2.6330590812237986,2.022710749354202,-0.5908260186690031,0.5558251736336192,1.1104233990672796,3.767503051101351,Normal,0
-2.182216280773271,1.593288314538304,3.0425171374962225,-0.37422117854293735,3.5030278044731893,4.48368920563274,6.0656823074594435,1.4501217140047942,-0.010643100259374962,-1.2996068162153107,-1.7678921059615413,-5.052811946109826,5.507861257717095,0.4630768465622484,0.08071131415279909,1.7566172713070043,-0.4819846984672733,-0.8952232616519866,-2.062778708643133,8.7858024986388,Normal,0
0.39700827685866236,-3.462355875883655,-8.667695589419758,-0.9933706454533975,2.4523959764068204,0.8145609741596973,2.000831605793768,-2.3461999228766293,-0.24440828626188846,-1.269238189323999,0.23577715384338735,5.676825035694087,-7.820779039761569,-1.4435945815002516,1.9157836436667481,3.0509873672616443,0.5148626860724246,-0.6669805191119142,-2.5958285806820895,-2.5250211278846555,Analysis,1
-0.3211924694147317,-0.2190935906153313,3.488013734151792,-0.9118355315448476,2.015222418089858,1.05664129357837,0.04980028908718004,0.5002444017372043,-0.9286626771249666,-3.8626117019616726,-1.6920165580686355,0.8050828406169019,2.4504608396763734,-1.52180837631082,-0.2943809470915095,-1.7395456805543072,0.2541064890571143,0.27373937750748817,-0.4981714797570722,3.919473595483778,Backdoor,1
-2.092317964988014,1.7341036438145474,0.24798629670165018,2.645316830479645,2.632237749725604,-3.6000870476655216,-3.173981200492598,-1.604868186385024,0.6668260346806401,-0.658786205688502,-0.3507276109457836,-0.3660319649248176,-5.748604036537545,1.4086427164541364,4.4620674498467565,3.419958192648671,-1.7915629650442453,-0.006275072464621584,-1.88346769131404,-2.271921947987753,Normal,0
-1.7037773339871083,1.6759670102518294,3.3965020640023385,3.560123725329366,-2.9086794873292425,0.22678524053679316,0.7027030033992784,-2.3174818120779963,-1.3645289830360323,-0.8851508408341072,-1.5921323341379825,1.2672987958894188,-3.437103056315007,1.1016746785499627,-1.577905358302544,0.09666299831973602,-0.32413810913192487,-0.7599945282347824,-3.588524202334879,-0.9051314680140441,Normal,0
-1.5265034735557652,2.5108056571183495,1.8459828363300268,-1.8780322942612149,-2.128492051911027,2.69805952501227,2.2534135011761167,-0.5876809576726477,-1.9431551957661923,2.7522426834295644,0.33394597322591446,-3.961284598800074,-4.307025986734079,0.9925568919138317,2.1049443176982656,-1.7088500649495695,0.7741254642993347,-0.7429528606226071,-1.8175058944894036,7.865310527798638,Backdoor,1
1.0857545541655336,-3.6541676632804405,-1.193532887950282,-0.5691324621363831,0.8677233236189505,-0.8396033895463475,6.2216705448241285,3.0194310570903653,-0.25040703702834444,1.3919545017928434,-0.201826465736009,1.3373846158256113,2.802836589948568,0.23620051232882802,-4.374344978120235,-0.8910682238117008,3.380431865099217,0.10166511757086046,0.19191664768447825,-1.3084776922385142,DoS,1
-0.4685629606887157,0.9351259069598831,3.5885786966833435,-0.4068864950847997,-2.714019040334578,0.9914114239580674,-0.20415967833109486,-2.017259173184917,-0.2094030684940781,0.7368417016935289,-0.09890668677035269,-1.8960085188595859,-5.853342647263396,0.5656160443786991,3.081144717173312,-2.2839028596693467,-0.28103096409255546,1.8812440003514055,-2.543827870021383,5.549166721930702,Worms,1
-1.7719825237300462,-1.428656483934736,0.34106283846407437,-2.6132913124498702,-3.3288575176480752,1.1093363170335662,3.69853119075251,-0.9840206792555511,1.107079460723044,1.5116590504786616,-0.6920812311179787,-1.0721604630039574,-19.068353389399903,0.6066627236268646,5.699752456545134,-1.0207496808911334,4.066202781914454,-0.29721487653519596,-5.708390829555247,9.711923364743377,Worms,1
-1.7766952586803746,-1.2547201669291104,2.2468365505125485,-3.3460130886855235,-1.9903413103478995,-0.8145064488208535,7.69692265119877,-1.7580234025976995,1.0678024979057037,2.4082822075154993,-0.5464250475410775,-3.637086962717506,-16.15681739216739,-0.4215314136807319,2.5466672204178216,-0.20570066514018426,4.203229957538717,1.398591599679747,-5.201761600143906,8.468170663185411,Generic,1
-0.2675698547048979,0.6811220440984075,-0.33637867266054244,0.03074493742463802,-4.447317519524378,-2.032578737594093,-2.7243248250477006,-1.4213045137017366,0.9432203814756326,0.7950158639978828,-0.5253964523402401,1.6695409595250155,-7.916638830675479,2.4235061234668245,-0.45959861819564884,-0.7409422223996684,1.7444428103961318,-0.5069845089258538,0.24524263736494412,-2.7254664531651023,Normal,0
3.448908132896552,4.311786232383829,9.733709717314703,6.650425628825586,-3.723380382431661,-1.386277199599645,-2.3281997324107695,-3.149076777302582,-0.7435291618987475,3.115621869431207,0.33549365214939025,-3.310942034456372,-0.9717881370675543,-4.4656038635288775,0.6329731971456434,3.250696816548156,-3.2900137425792515,0.03312812167093255,-6.085813161535484,-7.826180736297461,Normal,0
3.1709052940577536,-2.9802100595484298,0.5456061832068255,0.36613792732524186,-0.4520592908823299,-3.458918745049629,0.45414446666717034,1.1691966557140043,-0.6200614940199197,5.087771555826718,-0.7167262390639785,-0.5759561593807234,3.093714873143806,-1.0379183029542265,0.15500359626612603,-2.1008610187548045,-1.627251431597132,1.6287302412863396,0.08968260757795532,-5.592743603876762,Generic,1
-1.0731465393635289,0.7696087717195959,0.28818660617854286,-1.3176500084366787,-2.0514588400792504,0.653692687730993,-1.2048065391905065,-0.6283672574508169,-0.3661849082122145,-0.17828415235329897,-0.8141517155184925,0.49358479180440984,-9.761384698543166,1.02601511105376,2.8085908414264447,-0.09016397895970729,1.280515227302025,0.45679810983621366,-2.623709277773232,2.8125802057217753,Generic,1
-2.294875935093417,-0.6472979598290403,12.079386932149053,-5.335908885351229,-3.293824848665783,2.583504245998658,1.2726502216171378,0.8250559844031029,-1.0363073177379178,-4.264441958165543,-0.6224271323478585,-4.50889044448401,2.8169033483370427,-1.0698629961521668,-2.576761438238605,-4.221364700380307,-4.92748537061822,-0.3077124836199878,-3.2878450246997177,5.847489081115388,Normal,0
0.4317137590662181,-0.2789955691826189,4.064582388935696,3.812056009545696,-1.2589319506143102,0.26144563999454773,2.3291355522701735,-3.0409211562525047,-0.11415121752646497,-1.7588954518986442,0.6318887653919859,1.0081835859830723,-4.02255896246435,0.46765801869036117,0.24150290336359226,0.4162585697428034,0.687741507174019,0.35244165399968097,-4.294557949153691,1.3388322047919754,Normal,0
1.4644705602214332,-3.7717655579635996,-7.946955053507339,0.3698291913610634,-5.169350309930344,1.1824527006917391,-0.004243678881811319,-0.8903099704105291,0.7484910077952158,0.7126312346544013,-1.136751079060671,3.2820601153945392,-11.883926144303267,-0.22350775149705865,2.552845375568795,0.2545360707395359,5.534661939393289,-0.9616872400879266,1.6476616535514577,2.5425311596893336,Backdoor,1
0.22395316632530315,2.5784412069220632,-2.083548469280173,-0.9627563655517917,-2.798739264360186,-0.9810455861625071,-4.3359604900141635,-1.188617990171844,0.5143164345328268,-0.3459669511252986,-0.7713840314141572,1.5956762725642901,-5.107042258396828,-0.1806532839845751,-1.7099362960198214,2.4537077425908356,0.9729005773829393,-0.20658203031980055,1.4360202347605808,-6.044041876048606,Normal,0
-0.3668943672148717,2.836679894723662,-6.2078423051552925,-2.2708318135308403,0.2819153581635865,-0.07280956453930854,-5.1399903040826045,-2.442785522274769,0.7247470946164272,0.306120720124785,0.16705866877730188,0.5763631913872944,1.5842520044455006,-0.9751404666484338,0.5201841872786381,-0.2517838184265728,-0.5808760559775421,0.8079782086115529,6.033475499613954,-0.8193050364109721,Normal,0
-3.0323352651296016,1.5617592643642757,-1.6864161448839479,-0.4527924992544745,-2.7189322578209505,1.4100793464125663,3.4124016184281323,-1.6832298194919864,1.872324524626361,2.9764469984583224,-0.3402503804598156,-2.290272704542394,-7.205711846746568,0.1780528280658048,1.5545011623076475,-1.1925257606086397,1.8952263736320352,-0.9329036334665967,-1.0732768832506199,7.028102432844243,Fuzzers,1
-1.2600089870367945,2.3476498350097366,-9.26362503463948,-0.8205823850300393,1.9413416934452425,-1.4540595209514522,0.1430577056614611,-3.7749440783057673,0.7868053635702738,1.0564480015445836,-1.198596601683054,2.057467717601259,1.2311024604714442,1.3571409014981453,-3.5891331034311484,3.4976104990691543,-0.07621459165164102,-2.1426892826943296,4.36104911273342,-6.499333960621897,Normal,0
0.43289208539442425,1.83921688333636,-0.8643828270269824,-0.6953982667393697,4.424454661459691,-0.08134786687052653,3.3219011897808746,-0.44310486139741756,0.17735365775491632,-0.5067439784177317,0.6217604421231091,-2.0436752780484855,2.4820020591091194,-0.4346235762006521,-1.5938864279339129,4.190771736542777,1.425114821653651,-0.018613354083096178,0.5179677856066791,-0.4862955596884769,Normal,0
0.01709727250159343,0.8776583735720642,0.8886602603416047,2.2348022396760876,-0.7359238907799774,0.8546677140217716,-2.153248983878311,-1.7976002517774328,-0.33521279317691743,-1.5928338976832395,-0.09069916131847244,2.954440225831781,2.015240925996937,0.8877565837935135,-1.155548883219979,-0.20362439430591328,-2.5033244274490167,-0.22456196767248382,-1.6340867991295858,-3.604914449784922,Normal,0
-1.665997798688144,0.030752017115626584,-5.875038113625236,3.3766249409566513,0.6975449846296016,0.08151112689828177,-1.7246260791830927,0.8605209835537073,1.5085055300123005,1.0207837819525514,0.7236882270525697,2.2969579199256636,2.692620378494082,0.22092666211416412,1.7567791045399725,-1.8040787054090948,1.6068853728968937,-0.1174560573377597,3.84656386011145,2.6836621589259595,Analysis,1
0.22730147175567383,2.7730774747448375,0.6944018941525038,4.198832973243421,4.255518609989937,0.4067600247137382,-3.3847132380288176,-0.4385463783493192,1.3353758419158992,-1.6283212610724767,-0.3521014990427897,-1.024308634946566,8.792960478808096,0.22013935838958884,1.3032852264495718,4.570964193082071,-4.749513541604393,1.0235755955682535,-0.11485711881206084,-4.737108850304337,Normal,0
-1.1457268150393625,0.7735015086510231,2.1976756974956677,-1.8134979819055013,-2.727181893627378,1.5293776770923482,2.170316896809493,-1.4423136845466877,1.9829056900915374,0.8898536158366508,-0.18671246907655792,-0.3745937590652775,-11.095339990072848,-1.0008711524087812,2.8208034326260414,-3.2560346191246015,3.526459150955523,-0.04855221869102847,-3.4182285979857503,8.900555645547678,Fuzzers,1
-1.853296781830397,2.7360377008791232,4.128318712289592,1.2390763885048195,0.3086838204880251,1.8999363354438685,-5.969454786835083,0.6802219948343047,-1.3716260698570923,-5.377703317365133,-0.07390739771096427,2.3019292907973674,-2.6305304913191287,-0.0381131419300436,3.0872749362518315,-1.1769870340972588,0.12695898249725923,-1.3556334850128828,-1.59620190924174,4.540416649753487,Normal,0
-3.0134318071472466,5.032080513432977,-6.547337523073496,-4.705799523465032,-0.7955350864974453,2.6746151948001984,-5.036111410748783,-0.03376160766854541,-1.7407625850096013,-0.024339785827781624,1.5438288305213863,2.134190977258561,-8.98266620387989,1.1967205157701803,1.4829366455630257,1.952665896727026,1.0845646394116866,-0.5562477511152033,0.5852917523811983,0.11789240506383836,Normal,0
-4.85116756352658,-1.2010965878222182,1.102657658318182,0.09563250788618749,1.9670971417345857,2.1261185867072308,8.78462274072383,0.18370763795927614,-0.05043398467809789,-2.2670323410180258,0.463205681874362,-0.807048382450764,9.202788961472,-0.132542862202931,-7.156236391546918,0.6029758361417229,-3.4266201579685953,0.6320990777021411,-1.9503427581960509,0.6192520360834357,Normal,0
-0.5484736111453246,0.784051770796798,-2.861062737728955,1.1862924451698855,-0.8271760556349496,-2.367298519768294,-4.265233705165104,-1.139312678911393,0.017657445179986058,-0.8217431101255217,-0.8160091652080175,3.172218058544253,-9.038991673640753,0.2427577358937702,1.9995893758085472,2.772287459356234,0.9454458827379003,0.46315296353797064,-0.816172314753294,-4.885792616978872,Normal,0
-1.8181789373689108,1.9360310024347598,-6.497424022543212,3.381821667364065,2.6963059883174654,0.03131776682488807,0.12220512642179227,-1.354417710874898,-1.4071601722740106,2.2151034025688117,-0.24443994810098513,0.538170106479708,4.991787801948863,0.675483868137844,0.2791267289822026,2.2918414322852065,-1.8075777418662402,2.2171333745633834,2.056696858272071,-2.434359408329735,Normal,0
-4.298728770427907,1.5186759549448485,-4.879959871596849,-1.7830496269865748,-1.862846472739642,2.010618119433547,2.853902170805096,-1.7933163687138474,-2.174066389693072,2.6670421437181506,-0.03957959026796608,0.4111047912583785,-12.239318049266624,-0.28056083055667014,2.215837559102254,1.368333047481996,0.10350396146089325,-0.9763663337674485,-4.37169174189644,2.962680540313701,Generic,1
0.7310953505662068,0.9680838348467249,-6.884257547468609,-1.2236685303331836,1.927633113077173,1.041384835958562,2.159961645650446,-3.352713082779599,-0.22132293452157079,2.9824205983351377,0.7604916235056935,-0.8325906304845689,-1.1224541899793632,-0.14816114068178932,1.226991262766198,2.907798689330711,-0.6850133659461686,0.12068103645792679,0.749908675369138,-0.8503985457249005,Normal,0
-1.503053463616384,-1.5676578025894883,5.851416711732537,2.2753319266121235,-2.6539809662776284,-0.6346574961018212,1.4708998249813208,-2.440492414513021,-0.26432095585034054,-5.0975132233309655,-0.4434141473921472,1.1937173617608918,-10.341782641870621,0.0214602600249777,1.9625086965603955,-2.5817577529142,4.423044649092864,-0.05965401030449736,-2.6284556923668205,9.159354976960305,Normal,0
-0.34201912738070195,5.646242813031906,2.7224336456135907,-0.08938987000266474,-4.701393185561524,0.3970504455887911,-4.465877549242495,0.7629620382287334,-0.7819893806770777,3.2597916215293914,0.8976988434940109,-1.0263854284166944,-8.4700540671297,0.17418088196226977,0.6750389548430176,1.3704712840760631,1.0322302479442982,0.10418609336157737,-2.9088354630486064,-3.3122042823285422,Normal,0
-1.3376488312318586,1.0941338361313377,0.7173113946096421,-1.4312916183510713,-0.4124049585688482,0.501305657235928,1.396598258660756,-3.5827699125296917,-0.5751949200154678,-1.7977051430887343,0.12485417099490242,2.546657447063832,-7.061808100083157,0.5301843272519986,-0.058443147876742874,-2.4393280055861584,2.122038957654801,0.5724107364318094,-2.124228087174944,4.514171987383357,DoS,1
-6.160922559513202,-2.3781194773795433,-6.079972603679272,0.5403810173351252,-2.5698458250733065,-2.9633627357446306,7.3133961669076015,-2.779266797318277,-0.7322723096186016,0.47900348537695514,-1.1210820579333853,2.63214947441793,-13.223462829114258,0.7917964936666289,-2.4862251104247304,-0.20533629937029274,4.682979921327626,0.6819136630424327,-0.6411379678596967,3.082070447572569,Normal,0
2.1514058067984925,0.31303006569891423,-3.6230067719342793,4.103377621316861,-4.494628853782541,0.1845978321406183,-0.10287181395326583,-0.5729473117367503,0.5810681834486101,2.124306338265493,1.4702135105503937,2.69681837081337,-4.637392675042522,0.681660125287843,-2.5129918828271403,3.9331170077713447,2.8503978303963518,-0.36711548496652324,-0.8076218083413842,-7.77135466931068,Normal,0
-2.777746326414655,2.419945800202402,-4.627653877320129,-0.6738715884100122,-1.869312795636083,2.4217524631715435,-1.156637120740232,-0.8188518981805946,0.027498753732834762,2.23431130283406,-2.908862432271827,1.9264812770986954,-4.3359648158296755,0.02047517032849929,0.6593032743039927,0.10275988265729508,-1.5692429933454863,0.7647320210107528,-1.8404599280013691,-0.7829467687802958,Fuzzers,1
-5.0333136936215706,1.7184197386641387,-6.0081493287321885,1.215256346444324,-0.6891162105383344,2.02302674521263,5.202991633013379,-0.3893501716478458,1.3424738519339037,4.2844277448209365,0.5569226352009466,-0.0692535435297521,5.802891003024083,0.5718029209336017,-4.713358275532256,0.15210606810091853,-3.0416403314826272,-2.3376715642913544,0.07559933692374221,-2.0217069460151063,Normal,0
-1.1719526446804258,0.25585504848464036,-6.67846355616896,1.1068996138834162,-3.6902313887956693,-3.767547317960918,1.023491759314421,-2.543675370733392,-1.9803287869523725,1.7468193895597963,1.1849413676210472,2.3880832247230264,-11.1402348105277,-0.6011610571726861,-2.7566227037044166,3.0314051078949316,5.350429766142304,0.44285166930710723,2.3936883579812354,-5.056941185179156,Normal,0
3.103527742772317,-2.5521001172699544,3.586600684022053,-1.8377926940269682,-2.691237823939352,-2.873509830098037,-1.2310173107225761,1.2398619494041494,-0.1319815253157142,2.0297127885275805,1.1253266070582773,-2.0457150857626627,-8.921116550709563,0.6551638971761418,3.7669270294248123,-1.1073758772109474,2.414400893850004,-0.7584818160172367,-1.251365549944357,0.820459482062379,Exploits,1
-0.543802766147031,-0.2653333110062366,3.6533078830078174,1.8908551646556786,0.6921034345084216,2.725867945520786,0.534985560601043,2.985943379956849,-0.806277037978164,-3.8362454722022465,1.7020117011466291,1.0268819434011718,10.581613166839459,-1.2763856116888015,-3.182626607166977,-3.449194852988789,1.2095968583567662,-0.45727515147832093,2.144084352091933,4.930355175001589,DoS,1
-3.0465253580826284,1.7790431019222908,-7.838035690306507,-2.6774260663947214,-1.7953715905317078,3.1058509749114163,1.4142400203267,0.25216875185742227,0.9235225992019515,2.5496788833001043,1.4247643919729034,1.4614313218031274,-8.249422858172592,1.0119429079933284,0.5515643134663861,0.87967161022334,2.4810102257515574,0.5313502754447156,-0.41393290343358147,2.77747472710839,Analysis,1
4.940126787832753,-2.974834464073442,3.3458998148151373,-0.4604081962248101,-5.328033397848748,1.7950924137829696,-5.931044756401633,-0.5710506538238653,-2.3186605964369806,-3.9092794244525364,0.03257987479398445,0.610131712850186,-7.9368788169195845,-1.196599388711698,4.189875025012488,1.0938664764423796,0.5047093568832619,-0.07712587745408273,-1.2303886280022804,0.001165183405833936,Exploits,1
-2.546465121404338,0.9006991711087778,1.736018992743313,0.8865978410596305,0.6448847176233301,-0.15887724264512326,2.2966953339515426,0.4675084026595615,2.1280169319065014,-0.09208843793616994,0.04757039508893205,-0.5216399456198235,10.098635990458222,0.5573094686182766,-5.291587869015667,-1.8058472222209518,-2.6449454486347657,0.5099893873676294,1.400826233808956,-1.5975886315691032,Normal,0
-0.6767770480678854,4.107923432377981,-1.0843186629992678,0.3718129678855837,0.13205408204512703,2.4364747439780885,-3.7550360752372596,-0.051731808715958394,1.594783796486747,-0.22885070818931963,0.7499947052911516,3.689154955737383,-5.056045567689397,0.4601757952190857,0.8246852851168893,2.8396247420882803,-1.264696373485163,-1.1541132267947551,-4.813435962262206,-4.906000481387662,Normal,0
-2.245064499483987,-1.535577958830435,-1.0833788443319785,-2.4422652667054257,-2.205091270183572,-1.4947332393701571,2.500212566244381,0.9950290060486253,0.30619742476590583,1.1446016883817016,-0.7895326606591032,0.28108599427475456,-11.977263166735435,-1.040775105395876,1.8846214694865968,-3.0056826313298646,5.647282886589442,-1.2068703438749475,-0.29075543239496415,7.281921399845382,Worms,1
-0.8164140457502933,-2.4019928398613457,-8.537231552463854,-0.20077310203582455,-0.9290284181500668,-3.388381736884906,2.6770092248675597,-1.03319284016602,0.5344874865145707,3.936835019274133,0.662607186675204,1.064086369070602,-12.706872695123765,-0.0716741579140786,3.082805598271446,0.6247377158912379,5.82362583011359,0.34066141997914656,1.904154205766618,2.1602917555383634,Fuzzers,1
2.5031527502404414,0.08842235285207134,4.2699023276531785,1.7051457573613433,-0.8613511813108243,4.677282146274926,-4.817541042782302,2.189250461501768,-0.3776441622820603,-5.637703255669409,-2.4504639832400694,0.6632660546617241,5.0268957902053675,-0.795406890330463,1.890252690679349,-0.9578941533006526,0.8592930884859948,0.1424997477860022,1.0768594448012423,5.303849306778284,Backdoor,1
3.8648109926298586,-2.017689698456226,8.738643723658083,1.2512221865636037,-2.693465412778389,5.156529703546954,-1.0654273952240652,2.674362479495735,1.1875899493965252,-4.850141572428505,3.139113997281344,-0.820731075610488,7.1437106906871435,-0.45404510722123675,-0.36708121477859645,-2.6926565829534614,0.26198033896129247,1.4848968304103944,-1.073331688613012,5.641112778645813,DoS,1
-3.029759080637781,3.2860228738476147,-2.189309101231221,-2.386855979849066,-0.3924299138726366,-0.1473247097170407,0.12235747571074485,0.654021685260382,0.2744750043194891,1.8629893810634477,-0.09541274911381074,-0.9732417944002791,-1.2148173131919673,-0.45376535028420467,-2.80586136749635,2.125538198118323,-0.9828512936487478,0.7550737317968852,0.10557015178304452,-3.7063340978126686,Normal,0
-2.3438419337220946,7.77215856221876,7.9898752211188455,-0.7488621958661406,-4.468235715181596,4.479754643926682,-4.747097062795347,0.8735425001316939,-0.05579162004408536,2.466621100070357,-1.0405637468604865,-2.664769580064903,-1.1163464313668436,-0.8307251427251032,1.0920029317128317,-2.837157448595422,-3.687142201096279,1.5682317327373134,-5.15862177733972,2.5120968049233605,DoS,1
3.26640442523387,-0.24876898703594774,1.676609584811541,-0.44044668415438326,-0.8356345885876456,1.7532473988637904,-8.895373338130183,-0.4360262229151841,-0.33999111079506095,-3.466720645913381,-0.8741546945576216,2.001625279641857,-2.88750600630062,0.4375673456371321,5.630581087980002,0.8538305489305777,-3.217646634031923,0.2319803290680101,-1.4806325861386247,-2.033409715476423,Analysis,1
-1.567508624441941,-0.337430445246209,2.778709460541363,-2.223181161120708,-0.2915058724065416,1.2270071102578382,-0.2321192227814195,1.027837003935618,0.21747651411643756,-2.6507158816140164,-0.07902228120671985,0.6726672303533106,-4.831246098087149,-1.0826695479646564,1.665685489308671,-2.543499943740457,1.5327905933500023,-0.5333659177493143,-1.7287343313096715,6.393098028436082,Generic,1
-1.4592956747850243,-1.0517949759666534,-3.9579826679725327,-3.9683592608741067,-1.2760406580248278,-1.2147187640397532,2.73281547009629,-0.15791073541112133,0.33468444315908225,1.202441973200071,0.9852731810259228,2.420570893358797,-11.881307452422941,0.8264322884091108,-1.2154993540098502,1.2209553003522875,2.8931287847068496,-0.31652825332445944,-2.3957859170137734,-2.102267193056357,Reconnaissance,1
-0.3001734230816878,3.977412359454306,-4.253694808589743,-3.552681732305806,1.734911029355459,0.6932558258232395,-2.6802395047190153,-0.9488071823451085,1.008448757990754,1.4227972747748876,0.745460444399958,-2.244070732911908,-0.6920347966314824,0.6746759298801382,1.6345133700409686,1.4976644137140747,0.683303986200724,-2.6265897245139516,3.761771679425884,1.6853855866992584,Normal,0
-0.5344528178767977,2.608239235763655,-0.7885791074069828,-0.0694751580957853,-5.384326888308934,-1.39913604775811,-0.6661236125119789,-2.25920270079948,-1.0566791249071865,2.6824221412197096,-0.13662660272656119,0.40067477170402754,-5.594769546329935,-0.8607438046485579,-4.039834712338423,1.3356600784050183,0.5786833533197946,-0.43058757111569645,-0.21202801199754306,-6.7977883747565775,Normal,0
-2.664686051732576,-3.1643468791127782,-3.4714788536434353,-1.416523184546116,4.691101459879358,2.99055098213588,12.497342307146251,0.12743466340004872,-0.5400180771324748,0.44905374625289673,0.6160788719192721,-3.1221254964409915,8.971767760060112,0.04497972732860987,-4.416930843262094,2.637393868036134,-2.346006249860574,0.04324399659815945,-1.2670756491437838,3.1236118200458147,Normal,0
-1.269331330657817,-0.3206685702484482,2.0944428371316155,0.466179826083883,-2.282442152566904,-2.19831703180609,-2.641625449414948,-1.8454293309437597,-0.03396062190125185,-3.4663258227072467,0.8168448965985797,2.049635292913603,-9.987418158171819,-0.5012444992846619,2.1647973822092226,-2.1877544428753635,3.6936663526338265,1.167268538967427,0.28243203064378464,4.582681593345874,Normal,0
-1.5554892547659458,-0.9472665187880489,-6.121361515602533,3.9321857106935365,3.1788549282006535,-2.3596528734949027,4.338559038834845,-3.104218672498789,0.7384451661811908,-0.08465882852898865,1.3874983320028031,0.22047113850390088,2.544091821919745,-0.17448416937187447,-2.395530406888461,6.134074450747336,-1.2626027432430749,3.6024150242105293,1.148948110459326,-5.986599023505745,Normal,0
-2.0157680290914803,-0.7109038388402331,-6.514970602022255,2.990470633217753,0.6056314378248726,1.497680490661316,1.7962528515390406,-5.0212915507967875,-1.6413413355305455,-1.0766646065889143,-0.44357790804043673,3.249680263741678,-4.620643008211099,1.021126287733308,3.315857102877266,-1.5053349394207571,1.866717189056159,0.08541928804789434,0.7598148455394096,7.409425472612098,Reconnaissance,1
-1.7737014683596546,-1.896665603459156,1.5089459489887678,-2.0508384204478216,3.192297749042855,2.9261948757410274,6.19755531409946,2.8810565275885196,-0.8162921660792138,-0.38776572818984056,-1.1039135331636605,-2.895879638960669,8.079910672901995,-0.7769250348359888,-1.4896301521400672,-0.9054523673352417,-2.0158501678303633,-1.7563987118345603,-1.1663101442940835,5.3418972317496385,Normal,0
-0.8721820825592972,1.8310345750470303,4.672866191137768,-2.356107978525076,-1.6376027285859127,1.4910686007769272,3.059939966085232,-0.4761130640038126,0.4050453482743976,2.1242920790923048,-0.18624639951021385,-5.365858270142088,-3.251854441984915,0.3969988240118958,1.554591409513174,-1.8123784851300662,0.6969693751020147,1.2171842328615778,-1.808653542777142,7.904172787919187,Reconnaissance,1
0.17213823729768163,2.8677630897561848,0.21070331331672865,3.6249663070063,-0.10329697714544883,0.5893806752264578,-7.112040308630335,0.9616774159153131,-0.3606193673911166,-0.3841917854860134,0.06248998568788651,1.6954641907562202,6.561332031056551,-0.3756446210613079,1.3724446658972314,-1.275037573221026,-2.087712258774223,-0.3499068662887256,2.2979169690047385,-2.198844089893351,DoS,1
-2.3595681160862023,0.0029903197818810234,-2.8570833962684263,1.6297470804401164,2.6171568467805466,-3.4303882737140543,-3.6126869434336846,-1.3270754193629133,-2.0604938200711684,-3.289657888293487,1.167030175472735,0.8140188709539607,-1.13527472643873,0.8121381111144732,1.8657764791571299,2.7206167376006394,-0.9702168040040586,-0.6165475460685711,3.033623704963677,-1.8936492482366793,Normal,0
-1.344505482547749,-0.42847655936037077,-8.826254431554823,0.3208355274878578,0.3398721447083568,4.1565814770793414,0.11146152274145915,-1.972562735573316,0.5076318704322085,-0.7129335793090525,-1.0203426997752332,4.053961977059766,-9.848324358593887,-0.8466076033799482,5.614198368924341,0.2613586963801382,3.2764729258953187,0.7978486082597712,-0.9853067108481948,7.804465783950111,Generic,1
1.279704738145771,2.439705476989542,4.788037318381394,1.8543240814623485,2.6937313174066917,3.240641765597079,-4.105442312044021,1.0427409644643317,-0.036758415044703556,-5.411066756121358,-0.3650694658676888,0.014635969690257156,9.683105072009367,0.3447189475169205,0.22444854331920938,0.07727883370531652,-1.2081703335571397,-0.2805234140990524,1.1667200950977863,2.716117651997524,Worms,1
-1.4422866630418192,-0.8670115054233869,-4.400760255290427,1.3778652756750973,2.249930786057404,-0.12466048209679048,1.1393198145644685,-1.9576328803256602,-0.4412362450725351,-2.814124602828976,0.710510354732298,3.548079294977374,-4.381692823115267,1.7020209505019264,0.2586354669957893,3.4432243512489027,0.5197013650826156,-0.30493955887535495,-1.4826563289904044,-1.7644556182729303,Normal,0
-1.0105043279746653,3.2466843772645078,-11.667391218173735,-2.034544857270429,3.147988371013956,4.251148493773251,3.1632797258501197,-3.472300230732916,0.13705561276816447,3.9777326641303192,1.5600376578908255,-3.694364834988177,1.9450822870689128,0.2408920584798631,2.720827815585817,3.218622494885185,0.4935339503993714,1.8539646860498356,4.6560166263074745,6.451971759784794,Normal,0
-3.3171736113804555,3.7752217351963533,-10.289101208812651,-0.12818632610770053,5.223656944387727,2.723210971230226,2.762009829023426,0.38067544453793545,-0.12878767590384546,2.560803663759849,-0.23572946928579877,-0.5545804068177808,1.6329073242461356,-1.2542565234605985,0.9867962520954525,4.3694557941547245,1.3248044192141233,0.32270163607566404,2.0467122102547384,2.484498363201242,Normal,0
3.7152170663247546,1.6862234808086665,-6.147535169424593,-7.994278420721185,1.2359028771107634,-2.0927678195501,-6.6994116219223985,-1.6031912475539747,-1.1913690898049225,1.3498293977697178,0.4379561089912478,-1.3216807098007992,-8.420297870023186,0.8054061133164855,4.043604237042045,3.1973181435408162,1.3826080102592804,-1.0198956514977724,4.6854872779787735,-3.540040752396159,Normal,0
-4.862496871079776,-1.063984154221552,-5.739288272093143,1.7021606323605076,-2.467881506686336,3.4147102795038835,6.482260599777588,-2.622546184537681,0.06213755581199564,4.238608819433118,-0.18744995875830522,-1.40129973080053,8.405175675509042,0.5056643028193335,-3.445041820491951,-1.6713534403959756,-6.629509637765409,-2.1033005497426394,-0.06051446652905157,0.5858036083368878,Normal,0
-4.2073229894896915,2.4209425040699966,-12.671022757865202,1.4578614124213969,1.0882600127198634,4.01790040148616,1.4969496216451137,-4.631651843182829,1.0438755748567496,1.7452009327850466,0.6974091483949131,2.3589324937338794,-2.1555029916613213,-1.087602821767552,1.5656054643946997,3.4482981650477607,-2.3987407640311704,-1.9356891055196848,0.32847379016766975,0.8012135156177829,Normal,0
-2.9438194892511946,3.0342861114339756,3.0202064947663145,-2.9698946618520456,-0.7466300567189994,2.594485713272452,2.1277342563692585,0.7171825633861038,-0.7605548258126817,-0.6057162975249866,-0.3330915328947997,-2.711296694949074,3.832030906534264,-0.7707850460027027,-3.729688165565959,-1.42126039361177,-0.767687078025858,0.4935550838254577,0.230876740456889,3.8251226344964455,Normal,0
0.8933833931873676,0.3905045436799639,3.0039388457704086,5.347626355380506,0.6493242560351131,7.221391289566465,-3.8573383977667346,3.8808780117663497,0.19385942153815938,-5.641959832275766,1.5235969171024628,2.1538081892504977,17.978569781131355,-0.07416620456121728,-0.5199871296680085,-3.8355583489645952,-0.9672639140035422,0.5399175998851535,3.1483918938136375,6.985700210013505,Exploits,1
2.625088275827535,1.957610374758505,-0.7277761500976463,-6.600117987955473,-0.8938709656457489,-2.5929341320039265,-6.648380137771557,-3.600392973142397,1.5899738499574083,-2.357830975331679,-1.3936310905992289,0.997809411843857,-6.755784687546588,0.524730894165268,-0.4426175328039328,1.1796092387909642,0.2582711839388194,-0.3279796247488339,3.151951343121537,-5.452816361092331,Normal,0
-4.443006947420994,5.255367037070476,-7.343213432611349,0.6124406432133183,1.193304816534981,2.9720377997884375,-2.089375718943226,-2.398861342423788,-0.09561077918303074,-0.4846945873371358,0.6458666683322314,1.6515475841086666,-2.7841051119023197,2.0943749724180534,0.9862808578155007,3.1778720423043954,-0.6171436829859479,-0.40794363522454796,0.7320855010260163,1.1095223547164847,Normal,0
-3.887409786615845,1.9168457854308651,-4.042194317018378,1.7843290322434857,-1.2076831402133295,1.4407509103920986,1.5448931778732817,-1.092265640040105,-0.7939410426254988,0.23745856846451474,-0.5344235616790998,4.315824943782243,-2.7320429646436253,0.16770632411545522,-3.1460473266714137,0.5643422171076048,-0.07409411448713454,0.13171682309422456,-2.333454171125179,-2.6395015974274063,Normal,0
-1.3201349471469261,3.582577521893205,-2.254310083231918,-1.6000802286867009,0.29515334364095636,2.3695954159658594,1.9435708654533896,-0.1677602940203462,0.17787261953183472,3.473774626191753,-0.12586555117518589,-3.9549434506280976,2.619442298966047,0.4886001937453581,-0.29827111028491626,0.69562288191165,-0.1510017916679618,-0.8604148829005365,1.5227552379856377,3.2584426318714677,Normal,0
-5.6947191222715565,0.8385682222149933,-6.057869861257586,1.0769740975039328,3.577899790817084,-3.6253719322173725,-2.0305904646942605,-1.4339936881919633,0.049413485699647076,-2.934143397286369,-0.41069299586421504,2.594276864616369,-6.297700692039959,-0.3863476271605023,1.8812676189172175,3.4799722645122286,-0.2678333807074176,0.6152452623203697,1.3145904238642774,-1.4546618388386316,Normal,0
-1.9363754989612523,-0.4118972727334471,-3.9552524003496865,2.7693738066991926,0.4869614402267022,-4.71477064529801,-6.318735686851113,-0.4727987238331508,-1.2689238424658718,-1.9027924277952566,0.5020456154663447,2.430694959126445,-5.27047971019304,-0.3991648710147992,3.255272033430046,2.3606096273552044,-0.1426921834471402,0.12279585125108175,2.857488378206299,-4.371679715937512,Normal,0
-1.1459235115294646,1.6207584014944523,-2.2947682772456472,2.853041139680731,-2.711288123640358,-0.542235518096931,4.203812238328601,-2.1456711972521623,0.41810653819691085,4.467685889036776,-0.28504756501661865,-0.356547123687156,-2.432182090251723,-0.6086728021524077,-3.650746282181272,3.4245699883794694,-0.8055897506745455,-0.1346085694900931,-2.8418875184198633,-6.822980057860867,Normal,0
-3.0283418857340774,1.5049666106531083,1.0416775633058446,0.1757402901461591,1.2835256627255696,-0.778548422263039,5.190325095647424,-4.653405392470759,0.108111974560164,-0.7475641093941021,1.0454922225707755,-0.9429841151624381,-4.0494682335525365,0.2617128326851234,-0.43079101033642875,-1.6650180084563326,2.0244400033530647,-0.5492334146807265,-0.8854732896520381,7.332279496294053,Worms,1
-2.0360182866546683,0.8667516335111682,7.164980264443393,1.4326743952420473,-1.041656215633235,-3.0978934896372294,-3.571412648661851,-2.555509967222899,0.6270735070641095,-4.999430317472584,0.0950333319300327,-0.2659065196432602,-9.665389570550603,-1.5210979022372757,4.281602610262673,-2.5940342666940426,2.4045973313216096,-0.8174096116063831,-0.8756628282112322,7.670941077174646,Normal,0
1.8616741044009961,-0.9187866837360876,10.060729693048247,4.68142059079284,-2.305017059587874,-1.143433703529019,-0.28467945107661785,-3.303627830089086,0.6268431074478203,-3.5502767245760602,-1.803684855896633,-0.9238115298222538,-5.359875398835772,-1.226876921214511,3.1558553544240002,-1.4258882465184461,0.9045012959571445,-0.010487428610663733,-4.274878738653513,4.795860536981687,Normal,0
-0.8077342169869133,2.6549971339295224,8.730968685368339,0.47651940302493734,-2.3065537821586357,-0.6933172067884812,4.164288971123751,-4.401382050964743,-0.8907153157702533,0.12010705911109198,-1.1782188256696058,-4.134901985136583,-4.635757762976351,0.20128028976791149,-1.0690086444777775,-1.3225786120749259,0.5850533877051549,-0.2487886662891715,-3.7943270457799696,4.980171780695958,Normal,0
-2.5258844389560737,2.699991342746233,1.884452003035413,-2.39835145688878,-0.8053351133567609,-3.3305480465676744,-5.179795649508206,-2.126337101391564,-0.27838878653379634,-2.563602677228556,1.6385124359027736,-0.6893614499969274,-5.870808191825786,-0.417538228326973,1.017538223593513,-0.7278415741293505,0.05409190443870293,-0.9256671432872929,2.4776280499456833,0.7933624769888524,Normal,0
0.3903279202973564,-0.5304878308096406,2.3935507539686345,2.0217750673495654,-3.004167910877543,-3.5323550854610417,-2.4649616894986974,-2.8861408563282254,0.35855784836819077,-1.7241301168863754,-0.10254633066146314,0.7512952374354485,-8.348410005637906,1.2611062789445118,1.2720730843934327,0.27300122641584135,1.7691096828444934,0.6506456283671386,-0.1083957703140781,-1.110171032421587,Normal,0
-3.8067936474947595,5.282882916361428,1.338950886427745,-2.4272928376885834,-1.1979914099870859,4.746774701062453,0.55957033095546,-0.7330990000899174,-0.9585694899146185,0.4674034171221154,-0.0868015464107723,-2.208213125400217,-9.231055547932431,-1.2953083901405933,3.518471064171053,-0.3760997951027434,1.2983259939115563,0.2381505041835097,-4.166522624000885,9.965198469894924,DoS,1
0.6748735886960602,-0.8817914797587766,-3.4165117226933064,1.4085126448633885,-2.0103193080468724,0.18180240372604395,-3.12919165341329,0.4694060083656426,-0.32224268787810184,-0.34682096228744985,-0.3401475911688847,2.0569520375400483,-6.243856041355935,0.05082102331430527,3.2931021574649515,0.1066918224169684,3.1237234431084406,-0.8124184070008121,1.3516754021257686,1.7636435308290512,Worms,1
1.9058027973464267,1.3583291373927857,0.9160765506754491,0.4445940359813,-0.3690165416096136,0.9567150543379399,-6.7284756972283795,0.20686904293546293,0.17718865431852324,-4.697012361027819,0.2866938544291486,4.163552602948324,-10.28916419447901,1.669275097223265,4.38701005952402,1.6849696195914166,3.7740550807171416,-0.1893004695695063,-1.858244600942303,0.9721047659086419,Normal,0
-1.6535561832787413,0.5315425423601193,-1.0445384185266102,3.7439456247901703,1.4058335999472078,-2.9337678176837487,-3.017044156232712,-2.2517824553663495,1.4578588396606011,-3.1939536449685004,1.604278036822457,2.1956766878567473,-4.475461818525942,1.5993921367192492,1.908225763748423,3.2020182928272947,-0.19337802827177608,0.7476301789743467,-0.21258289708379596,-2.859101885734513,Normal,0
-0.033013065074601444,0.5868441636812931,-3.472785936601861,-0.4363603954688874,1.581899755155793,0.11965303521937498,2.5167002192284875,-2.6570899178063687,-1.4528288383687429,0.502956985113298,1.3621872268435276,-0.35314298796858945,3.8286994917790307,0.41398215154040124,-2.5883603921396086,1.6514084050554687,-0.9091714373587698,0.26356552489985674,1.8715620681741865,-2.0019657407772367,Normal,0
-0.2704647008121389,2.444883607352277,-6.066489578148882,-0.40018615441694183,-0.18316642922459003,-0.2872918746974429,3.3680726410595665,-3.4040920851108307,-0.5264080377317222,5.287106526048885,-0.12929409014888252,-1.6344773927427676,1.8947167334620965,-0.49274258966568213,-2.9949689899061225,2.1986595354666174,-0.8861464327440116,1.2291305876053937,1.8810219009626354,-4.332290426729275,Normal,0
3.8378069825174412,1.4339891533193916,8.96990990638525,0.5114957992422633,0.45970480194660834,-0.3225806051195481,-5.01841500696877,-0.38262377325636665,0.9942042661042613,-3.430637765266175,0.17539541152252575,-2.042519773642792,7.923053196827938,-0.06245222779114478,0.8837113008682786,-3.945867972092588,0.09774659627118121,2.5985447289763344,3.033375031309233,3.91390582295169,Analysis,1
-2.468082214788674,0.06796821514918339,-3.2593340247252276,-1.0585932815636006,-2.458399505154964,-0.5879127580785094,2.924860940148309,-2.2292823282790293,-1.3567369827090405,-0.6570178134836842,-0.1870925129292241,2.926571839064782,-12.432402761021429,0.30364180040609795,-1.4366870331044548,0.4393123520875596,4.7918830611093055,1.7461053201173238,-1.4422900850711862,1.8027090264789558,Normal,0
-1.1162422820707798,-0.5672639227629641,-1.5014746647909805,3.6442476895524107,-4.151199597123865,2.597553331055426,-2.5478767193896346,1.7041277860895314,-1.8000568117798457,-0.19579546448303708,0.11721725607293776,1.7019236525371844,-2.9867872968138105,1.0796183220509943,3.6944270925442755,-4.425519523058163,4.053882583696869,0.9529762685609183,2.055829958766116,9.203075872652878,Exploits,1
-4.396979181341257,0.8966237520529567,-3.1637606395866005,-1.1316232979069532,-0.10381201890998781,-1.4569071071031037,4.951542577998056,-3.785851747189603,0.14722501101269264,-1.022776009484972,-0.3150390874327181,1.7267761916554256,-11.579578410272351,-0.709841365454307,-1.9220153820978068,2.0426373675583926,2.8370261959515077,0.690073159980992,-2.3948509297795884,1.3655011236381722,Normal,0
0.07365288524692848,-2.5502880547057414,-2.44364676817091,0.236497492294498,2.2680077222218396,0.8112610225999373,8.277923457299865,-0.5716962516351156,-1.3334412827857005,3.8126570256760077,1.1156649712468207,-4.33668579904624,14.338429336711492,-0.6558398505612039,-3.808608555638363,-1.178638777105983,-2.9466595956989945,-0.7241993756333547,3.174248245351608,1.5358010153231683,Normal,0
-1.4082114650379869,-3.3854259104595994,-10.555177850527441,0.9631902998452054,5.714362510272829,-0.36759218269088945,6.750044476198424,-1.0834631502021974,0.7514489489854189,2.6693864839821355,-1.4327820390357926,2.3300272673956886,2.53208404569299,1.3116151221428891,1.8424721483456579,-2.165049527775907,3.1073838551706303,0.001101111525158812,3.2799052731102494,6.712450708554648,Backdoor,1
-2.915683180388231,-1.5943412770883238,-4.0531543181754435,3.6937896926620946,1.7003770774341371,-0.08654661859605017,6.21664221240161,-0.767985139906922,0.5713195741270171,3.2793255304649382,-0.4067584644334174,-0.3236358993838879,8.673764663913378,-0.26259290006952823,-3.2242818778589264,1.2992721516784869,-4.773335771290039,1.3271785081222118,-1.0091101512290952,-4.176942812421743,Normal,0
-2.0923553832910518,0.8606934219085716,0.5379675213716426,-0.1126111723493699,-0.14892455759713075,3.1480283494320878,1.4268287775263637,-1.6859668176105653,1.244047392118782,-1.4037775182041332,-0.4313581368719318,-1.2969473219189012,7.260892600714195,-0.9023954846402445,-1.5662802369270221,-2.1938323590013393,-2.997458943088537,-0.2649159166814195,1.2553001026018535,4.601368770035038,Normal,0
0.001232380292888191,-1.1941456230855607,0.6272141388803194,1.3107752795632166,-0.6660056630202573,0.25110194613507364,-2.0701016912074173,-2.101481003866755,0.10668880840678961,-4.694865714146157,0.6732747217457513,4.577097564256292,-6.097458510909509,0.7724001421313752,1.1634661053553934,-0.21969448583720408,1.0559395093664128,3.7278333447631873,-2.115179604937609,0.6061239670150976,Normal,0
-0.9994351553006937,2.501625376555343,-4.224648734262867,3.688379747823994,1.3608510253261474,-0.42931470540584526,2.3354998016915873,-1.3603260281277594,-0.23258541064406948,4.566794413779388,-0.8853045561977715,-1.641555728752443,6.526813302174117,-0.972688092497569,-1.5661803902824967,1.9390353515754004,-1.4450128885160969,1.5570767655657327,1.755830165941239,-3.1675781475365823,Normal,0
-1.3861768124030216,0.09996609101824427,-9.677194490348723,-0.7522971998348252,2.153309685928999,0.9368602322306755,3.4033393894101716,-1.492319747596543,-0.19167108697225677,5.502831109146465,0.28258929888958556,-1.5454538523444823,5.865277233954654,1.8837240553452008,-0.0725221509980738,0.6421220463399756,-2.5275107116427,0.04105436843104512,3.432995424769588,-0.48235741392920917,Normal,0
-0.5699635904465008,-0.7267776337070346,-2.5381982480635914,-0.6433221726362746,0.34952181600909604,0.5005395364754268,3.743437477307804,-1.355109612365362,0.5027148723024969,2.888018784171396,0.9441312557802342,-2.506832009724002,5.63623499295608,0.9085554822019126,-1.7452201775882343,0.2023688567671702,-3.0921114360810047,0.6447210295020399,1.1003793755465168,-0.9164835888520878,Normal,0
0.009331662043337907,0.9601776395197066,-10.76484309822456,-1.2402971157061224,2.726921929047333,0.842429404703399,2.1890440533390185,-1.0765087203200405,-0.35342454131103057,4.387027234063617,0.31063749893979387,1.1254783798815589,0.6481069211913912,1.1713424115085216,-0.1299836183084213,2.5192458782516707,0.7900870770726005,0.7479064407234323,2.466190825421439,-2.512538896903301,Normal,0
-3.5126369962704382,1.87242522032098,-1.1311418802992756,4.84566175964057,3.662062043747328,4.525584664956108,-0.1699866554657108,4.3373119639160045,0.5554228527429601,-1.900030192215595,0.5513603019033462,2.3050625077586147,20.095939916342637,-0.26896205972521,-2.2873593841888313,-6.841862015953372,0.4920195608607877,-0.6045377257106385,5.6246757056903105,9.41819358138046,Backdoor,1
1.1392870063348575,-2.9167783080817102,2.0432785560474693,-0.4201743050786888,-0.2833536529046512,0.546429280660797,2.1573427523685202,-1.7041472162651292,-0.2618547101618876,0.8211705306211041,0.46279809526184856,-4.075106276626224,7.368710503448305,0.8873095440225507,0.6204932285221891,-1.3141078417982666,-5.190219291409454,-1.3653740149962525,0.7084755756810686,1.4502213023053452,Normal,0
-3.686361087395602,1.75731235096822,-3.316911850085128,2.3474047524948807,3.4527439882612594,0.02657155572292469,8.089306703433625,-5.221292907435105,0.3426628300843045,2.203873338171545,-1.5827360552740481,-4.755611411627949,7.337550746429201,-0.07758947796124847,-1.6435139643312113,0.6617476884809017,-1.5490871385817377,-0.9571872647358811,2.6853261518201967,6.03841497197695,Fuzzers,1
-1.846537257547853,3.215327469290979,3.0882696198633584,3.2323436911629493,4.11874214069966,2.136611591586818,0.49514884537009796,2.7835284008119663,-0.5301573530521742,-0.7356090367665578,1.0865833433451362,-2.6193418693133683,6.073980610880829,0.8896776400867716,2.0465406356923137,1.3908954327690983,-0.3195668342564194,-0.7456155577648724,-1.3106703890597324,4.957862454210444,Normal,0
-3.674515275511905,-0.9470879328091115,-1.3904866576580646,-1.3631054935228288,0.40802465250139763,2.558397630955408,5.873131072448922,0.7007959644920694,0.14583581245592506,1.3761655893683054,0.7454699923888832,-3.1300086364977178,7.506165279728389,-0.9352563651254158,-2.991226648521682,-0.4394907872897895,-4.006214896849708,-0.09132498805646909,-0.024495376818720604,2.5038648645982495,Normal,0
-2.186875617370842,0.9356275115068653,-3.3050837932920176,-2.2896160635626712,-3.8283843163913973,-1.1180896021226991,2.7564485808184926,-2.5191106745438523,0.3200678955826721,0.7337856611379521,-0.01274146461904848,1.6967194616577208,-12.856326206156542,0.7309971727296609,-2.8607264673063675,1.2084372073308736,4.397311039726355,1.1919280999235482,-0.8681675684099253,-0.7690107219549807,Normal,0
-1.911150345441141,0.2807517109799754,-3.7769942474898484,-2.9462650290897647,-2.7616007438703543,2.116778573422948,5.010101165510509,-0.6649972069448901,-1.359879751065819,4.7313497665023725,-2.093032097606804,-2.3417468725346406,-6.770065940131316,-0.11105497760456838,0.6868397615403414,-1.2969253339303255,1.9802338303884597,0.8822572617297791,-0.9456368356073787,5.8627869475932135,Exploits,1
0.16015903022448907,0.511333000770887,11.90966096140681,-1.542338655519266,0.9834290927197911,-1.6393565655312514,1.9094713064172897,3.131041399815774,1.1489450423095446,-1.2244639302777556,-0.11236035302542442,-3.1449636115105424,3.2739495459816257,-1.0603922340648304,-1.7892626935926854,-4.042108709641458,0.9904572735280714,-1.6227253551788592,-2.3398082173966195,4.161930311238996,Generic,1
1.7761794853790258,1.1501560630920977,3.730450275594333,2.830881145547319,-1.1955715159208844,3.449303608143704,1.9405576508152214,-2.05623305390042,0.1266161121352044,-1.8245213988988542,-1.1501539793008795,1.4135652498657745,-0.31494655104045544,-0.8750274215974253,-1.4477219446580039,1.6037826362883219,-0.09905544611754102,0.02734299427089362,-4.946188977569566,-0.5646995693881645,Normal,0
-3.4347322623632897,0.4183449427240358,1.835624560669586,3.4170224225107733,-1.4704886836806796,-2.1319240299583915,-0.3286936019386517,-1.0364431596178827,1.1268019242896752,-2.4680045510105924,0.3939368139952677,0.8063951379761958,-6.5512644848513775,0.9756260594983872,1.689491786390315,-2.18880480869505,3.964413867775682,-0.1863535461024663,0.7553921092970537,6.842660499615976,Normal,0
-2.9766086958435007,1.9923914270121945,-1.3533540858183177,0.360534343530426,-2.368725782178382,1.1085428567520972,4.173330949780499,-1.5931246923646465,1.5950362643755869,1.3737949945161665,0.6934575067844043,1.2731686441380632,-8.527840217690445,-0.5898892793661827,-2.228684792147246,1.4653417760231418,2.068133097181804,0.33523357337308185,-4.113183190319713,0.10131595759247669,Normal,0
-0.7427786106109209,0.2759859443580077,2.747350348475149,-2.360641378747726,-4.018217285653944,-2.2100515868522272,2.578473996789653,-4.119718004726597,1.6043474337937726,-0.1701139840212853,1.1105803175087354,-0.23418512420345872,-12.59130470867075,0.9441600582111546,-1.0820614915426114,-1.819675575343291,3.882848641197915,1.3960275501635722,-1.5920135112306912,3.2486359807104996,Normal,0
-1.259207311644679,1.5739679689960704,-10.488530326904447,-0.20661634793298544,-1.4972851646702534,-0.0019358357384577918,-2.7925902938535563,1.3164770442102594,-0.5865312904342913,1.86634107631278,1.3174011696573185,3.5635888172791557,-4.359628747018083,2.624626679162744,-2.4673136594586587,6.064133969509757,0.8423094001713436,-0.6037583687311271,1.9378341466460993,-10.524781098419716,Normal,0
-6.313612554162022,0.5252668142784207,-10.34679484970788,-0.21854515571002953,0.3440524897235526,-2.0289382401963802,6.083844281095011,-1.5659081153281997,0.44243691288071474,3.2434017483250237,0.580091726498003,1.0807024505678833,-5.417293778082653,-1.1742222819468326,-4.085253149045812,4.262116395841847,0.4158870920251858,0.4192170130797689,0.537351618477951,-4.570880264447453,Normal,0
-0.926036341023935,1.2343074128400129,-0.9652312328413556,0.4254557441914213,-1.6706331882619105,1.3150951319481758,-0.2828149120358172,-0.4465553663261812,0.9994640847007261,-1.9564470684018858,1.519665439205211,2.1762185177675564,-8.777185861829638,-1.0763639665871654,0.18252171136960316,2.495738515650541,3.0405577591721773,2.132644026343636,-2.3941877690253666,0.41174505314707066,Normal,0
-2.422734779828966,-0.9397670661688662,-7.611346948622014,1.931479077206295,-1.6210051536480812,-3.352566924145083,0.20401741385235939,-1.066863057385595,0.6641054995099086,0.712347078500353,0.17241034104890116,2.9003853855221697,-8.221258090246424,-0.922672776593468,-0.8591008712033816,2.8269496244318493,3.3564033391912407,-0.12382510339204789,2.336981804202991,-3.944144116586356,Normal,0
-0.5919956095078522,3.376187791537354,-4.355583169730133,2.337054348067635,0.5678807470412042,2.753565796804936,-4.152178920396467,-0.21720707419981178,0.7832390373078713,1.0282547813071399,-0.202358246458179,0.8188556097316799,9.437629405758095,-1.1779838233485844,-0.3500541717540968,0.30547855442874416,-3.196454117700924,0.7884822361427664,3.3381788990562304,-2.319227230807953,Analysis,1
-2.594352374078514,2.0948742023070173,4.432977807515561,-1.0357847621408998,-4.909360862793566,-0.637512823368303,-4.4407775826854445,-1.0601486109541538,-0.2748754392912383,-3.3391743449237588,-1.4712436959042199,1.815811957372266,-9.228625934573254,0.9565799310177128,0.21372532312805959,-4.034125712863342,2.7690638753579426,-0.7496751119743646,0.009665671002255793,4.676992838957716,Normal,0
-1.4459868709046586,1.266711632597497,-1.5932794716802259,-0.7918111599985131,-2.1119401982247212,1.564165057961211,2.0174602234228867,-1.683894117284611,1.537646033690498,-1.2966647844682893,-0.6340449517885848,3.077163875678085,-11.024437841902918,0.47922755166995484,-1.2614825473848748,1.7434062961082382,3.5660928325903387,1.8421221078883918,-3.6397961358883126,0.5969642809749813,Normal,0
-4.507696393377026,0.1844852149933487,-4.2584816354721085,0.1476459254669149,-1.444495793140609,-0.5094286930460559,0.5438161073953081,-0.04488814901505722,0.9044343506765079,-0.49849543423887765,-0.024496014517257973,3.824331709128463,-11.644971503487666,-0.3754844001881422,0.9211556660845432,-0.02823966197881611,3.019553058547786,-0.7617911829559539,-2.0031266716266494,2.006065717578611,Normal,0
2.786397380683285,-1.6002792709666116,3.4023991995647274,0.5750789281821274,-5.3299613797092835,-0.24747400509199724,-4.1451517733999745,2.487360020935072,1.1188144317389082,-0.1754293537369942,1.0870008867798273,0.4268524336468138,-0.39711066979104803,-0.012328198235321318,-0.9039767353793104,-1.0283573556328913,0.30484180791258,0.2432841473963409,0.602014280657189,-4.032778757253158,Analysis,1
-1.657621754752895,-0.9300004173480567,-3.8474031965498323,3.301938318513194,1.6289328381979598,-0.5150103561497905,-3.9939662334289134,0.36010315800972936,1.7518217810242103,-4.860112957712495,0.2974767352653478,5.4208511756393225,-8.520058432915603,-0.8356678083807723,4.087978290189801,3.0847535076460777,2.3384114900287853,-1.7917385924612461,-1.255640694934696,-0.035491564421376465,Normal,0
3.680724123495731,0.15704025158521118,5.112829940252318,3.0759704578041944,0.010612706885747558,0.010334503245213789,-4.789036449866167,1.733768936331919,0.12516729994374381,-1.1622563747733232,0.4158413556745307,0.2168997537290771,8.098645406068744,1.5929311527973564,0.1783920700710908,-0.18795171762577811,-2.3883413631942956,0.25177902183883716,0.10467964060423451,-4.604864351799824,Analysis,1
-3.6370835374934596,3.8670093891138846,0.5335826910003774,0.2579029738340246,-2.24880773421456,3.085222472733471,1.7609614767866988,-1.9868848012282874,2.1013813736010425,2.3691235002430933,-0.1450025076577551,-3.016306776441159,-4.365254566685994,1.2462685089482008,2.080979877203359,-0.9092369315398403,-0.6604711284290943,-0.7809433479471526,-2.450861839191476,7.17964895860991,Shellcode,1
-0.9156433230396088,-0.35556825635247913,-5.312631088414963,0.10759825557114922,-0.666941894136054,1.8579511455403876,-1.3723800252168692,-0.6489332340466174,-1.1775460621333078,0.4022857792396711,0.7066685468910033,2.389750306564266,-8.052657656223214,0.18827712794571447,4.098128714906719,1.4180172161335438,0.3766147425067822,-2.2092196192035805,-1.9501805538391714,1.3531064932645154,Worms,1
-4.7069634309700685,2.501111484702364,-0.33828059171093194,0.9446673444628892,-1.5458569196747236,-0.3619778691207647,3.3517968069140673,-4.657517933711644,0.345181909032462,-0.13290333603079052,0.7360172425833017,-0.3641969195621897,-6.9611709203982866,0.9652640005860594,-0.2913781093163448,-1.7486943561725106,1.8472319849521988,0.28396359840125734,-0.7134612090377889,6.7976673605784175,Backdoor,1
0.7283453425486219,3.816837028206908,4.6679518743245625,-2.088780103306385,1.7529786193824628,-0.7789865441695709,-4.939874996661032,-1.8577406318116476,-0.2646437684401718,-5.390996887053721,-1.4038574373841508,0.06341719796392886,-1.6464846526729302,0.09425583737168268,-0.3183536835820868,1.5370840999991184,0.8315532227724596,-0.5789615915604289,0.9135183774329723,-0.2702235395727009,Normal,0
1.07707068175594,-0.5551063573544446,-2.111934548373232,2.63283526357635,-0.6739154763093279,-1.2157471772477986,-1.5723853667938177,1.4769936577759493,0.38732562039774426,1.9373945906962788,-1.5159569536902644,0.21128529651693184,2.2237588493576452,0.7080687853118298,1.027369521071218,-1.289966425946574,2.2677837286354308,0.5240162119156936,3.4369584004033986,0.43556844505118075,Backdoor,1
1.684859191707028,2.532640191499312,8.479706443289926,-0.24124030900545934,-4.532687443391994,3.7528019425670998,-4.941185230717862,1.0963425206213882,-0.23052941168065752,-3.3824261669020554,-3.0805987271739275,0.3676087581224389,-6.4327439986762975,-2.112888358164718,2.3817579084250076,-2.024255417364785,2.00824873623662,1.0172413511892788,-3.898209372779884,5.062864218098052,Normal,0
-1.221617802215429,-2.4651552143315625,-6.059113400652167,0.27474514578405596,-0.5126048663053402,1.2587616874518195,5.235964168570661,-2.92854343414953,1.79958701731699,1.9891884222184972,-1.6454678888371053,-1.0803406703652003,-7.578354285116814,-0.1411368772097719,4.0847439660210885,-0.35689485079109995,2.802512439249375,1.0683465380037895,0.1796342502988577,8.898217567741444,Generic,1
-0.9980250162124698,0.74138126869738,1.6528364157748965,4.638214938162989,1.4740322523733957,3.054261670401996,0.22895236496716947,3.4014452857268025,0.9825873813112866,-2.3189226132066416,-0.0554356791241922,1.0965536570030465,11.870583150908113,1.0049555144458242,-1.462345608038659,-3.611027295500224,2.1996808453697865,-0.6456423672363373,3.0189980791286395,6.806536739620439,Reconnaissance,1
-1.688922901046643,0.9602229908286414,-1.1304281496793949,-2.479495992396173,1.4810171444757139,0.7980432469594176,3.8083811660080027,1.4111306771697443,0.3120670490885751,1.822599432529774,2.4186527483478866,-2.4739822527503756,-0.1948878529056679,-0.7350673774562619,-1.5717960606678598,2.81708223475487,-0.759679972845966,0.4402696468489651,-1.6537858770975284,-0.9603948002636011,Normal,0
-3.391597584052944,3.5400777993929955,5.882083913949416,0.25821639642062866,-0.25231385428240327,-1.2449933381087939,-6.151575427200122,-0.4487410030387091,0.4030248821827379,-3.8344680394432533,-0.9354007444451926,0.13860828557987448,-8.58029415761719,-1.7328387541717283,4.786800537678576,-1.4764544364150889,0.08190247655538752,-1.0512963721967525,-2.2814949866092666,5.203647537548508,Normal,0
-1.9586144400143626,2.404876547948934,-8.001564071011954,1.3366467514684235,5.676951486904423,1.822177924491821,0.5591632137427233,-2.153524640942248,-0.30907923894350625,-1.6943477326675014,0.3812138743848172,1.5098356299085127,1.807040250793301,0.3939836431741297,1.4938215840963727,4.32314724352992,0.37533784353255073,0.8663177015078825,1.934042520435875,1.5641666989603475,Normal,0
-1.2353403750169938,1.5239113957818706,0.2570317276581966,1.5830176523380406,1.1789005181410976,-0.5084481641017549,-2.580513434513377,-0.6202719544654979,1.1354848448198194,-2.087618032064303,0.39752283189367665,1.7712834125015438,-7.666097520899882,-2.174342726627676,3.7134403941222036,1.763532228960125,1.3280621700095976,-0.14764517993708198,-2.51611162380341,1.4106380451320395,Normal,0
0.7766596487175934,0.3587582243100653,6.088711892086826,0.07402345702548363,-0.6600932409135656,1.8557256217622755,-0.30427884549701034,2.9223684031277037,-0.47208952242934366,-2.8752646854446313,-1.508424703225168,-0.8843154755240201,4.820817018252752,-0.3744993391753191,-1.7587873031848655,-2.348097812798325,1.9536853268175605,-1.076991226186515,0.579597658191273,4.324425972720563,DoS,1
0.2849995360058575,2.0169889462695267,-0.423233056981623,3.019926499090701,1.0841491399489658,-0.41700192673738523,-6.839567399453284,0.8211873126382723,0.07074222179101906,-1.9588444060890469,-3.339356662603585,2.3534320300758185,-1.9949877514006782,0.3073638195104265,3.7886541877458204,2.0870523633884153,-0.28904900918953924,1.0933085409306464,-0.22038026383218323,-2.5265350885817615,Normal,0
1.6367384703579786,4.420447313521146,-9.382059195788573,-1.9119381008687832,2.412224848627845,-1.9259639941504076,-3.653875978251258,-3.2047430648411543,-1.4323533558887906,2.6276186355631483,1.358618539843817,1.6933322157374242,-4.739138469595141,-0.12135900801616425,0.38290691875340443,4.7179293960689686,2.647740428376291,0.5663222641683407,4.116401878783107,-6.55889647419523,Normal,0
-1.357464095581742,0.946029643775968,1.9859334025260393,2.838294763469844,-0.8635845792691267,0.7877610839277667,4.6017834559246,-5.976927509593409,0.7113836170455102,0.15981581290725888,-0.8896014909026162,-2.3002260412224556,1.0919058338804037,0.2118746404544298,0.9974008976850887,-5.166900504865739,1.9914365918326913,0.09745108408134207,1.7171700053055412,12.325032092504781,DoS,1
-1.8555965195467534,1.8252300955664131,3.457587916931992,1.9056203839617538,2.2568574004868767,3.923388403254162,5.202937663644053,-0.8925529863527116,-0.2428919003171873,-1.21381899142062,1.9366884324375568,-3.62365312711539,12.887449472650495,0.498609928239584,-2.546088572456849,-2.32358680689336,-1.4853266453196328,-0.3683296299136234,1.1721856065467129,8.542169627699035,Normal,0
1.036035354250537,3.0397226777512674,6.438538958940943,0.9930550493363306,1.8962273281124016,-1.94030163434561,-2.662151551800655,0.12898391402005882,-0.15937412838493742,-1.559244498000481,-0.05293988521373895,-3.9891684971774835,7.435450848962368,-0.7203556403483432,-0.7570085995163255,0.23170005987903775,-0.6490140850572899,-0.6206273392687238,2.8453098548744333,0.1500972984655604,Normal,0
4.008043358610403,-3.2675276356476526,2.8264474980742738,-0.9926298224683121,-4.544529887735589,-1.4598037206778698,-1.4427448077227927,1.8192720851859383,0.19774033558329698,1.5213714623162988,-0.6193895114379888,-2.0433504312931428,-6.144113271921092,0.04535196082984762,2.2866676296166797,-0.6522685975667186,2.657052942036327,1.4692902778219583,0.2871655461794017,0.06651362497147284,Fuzzers,1
-0.23338018815840278,0.8194876132777581,-0.1257866962241862,-2.808141350178182,0.5920195808189155,-0.873402578734948,-0.21923717525814507,0.10915294915890761,-0.40306778339484917,0.17221852855591147,0.18928374157543823,-1.3756079257021785,2.3951265550236704,-1.8290987347292245,-2.2115464402176133,0.5874355383407406,-1.070562354368051,-0.33913086014818533,1.8084334686654948,-2.435046513046732,Normal,0
-3.650880088497967,1.326970232041725,-0.24590696602416706,-0.614566381552616,1.1354126206871227,6.13730649546308,5.945914917906599,0.057181029596392596,-1.9747935819216604,-0.09656971650660617,-0.8220217041455778,-4.281180590827686,5.076425723834108,0.19432506813426945,0.15444727791990287,0.3823615575247721,-2.304163490781055,0.5175985956695969,-1.6492959737025084,9.499046767898832,Normal,0
-5.499361267356753,-1.0530769551243302,-15.801829192082133,-3.517541863406101,1.8015308897755222,-2.560862991437131,0.6162299377820561,-0.281742652675268,1.6064652314809427,-0.5161732247643686,0.818068192958736,6.624114338254692,-16.717758033837352,0.5204206949544199,0.2949993302890035,5.023903637881807,4.788866978546444,1.2718816384055578,1.5561182754299598,-3.650262087644434,Normal,0
-1.837961305325083,-2.1236420445701762,-1.8900302748148972,-1.6404454158304227,-0.9275369546277117,-0.7932386450985422,2.6049068314964976,1.2256895779260082,-1.2169305069601424,-0.3194799073724912,0.3963663646674839,3.335763871180003,-5.405182358180939,-0.027558706080547547,-2.0798865804843256,-1.6433064121981733,2.616257158361331,-0.7879509566025552,-1.2145406610770206,0.1467485390304346,Analysis,1
0.44019959711852197,1.9282597691378394,3.0808270942085505,0.42470731962617636,-0.6083514695408073,-1.4410282298454988,-9.829489068197683,0.7746608892073823,-1.1856837912439093,-3.7856425439782133,0.747038926743637,2.0695725714649464,-8.149017172422754,1.041696557520979,6.188466535095343,-0.9669914460471776,1.7186128943637626,-0.12863592182953928,0.2832564025889104,2.229654033281569,Normal,0
-3.8090685493585337,-1.262768625033015,-2.4198465195223884,-1.0547760306350211,2.872178975754821,4.0345330837364175,5.873924167446161,1.2209092103606327,-1.0231319747820262,0.3743070503602921,1.2912124590415666,-4.043204658772801,8.317615147728882,0.10643383528411943,0.30040019347561997,0.1975824481441355,-4.029859551031818,0.16909527219934303,0.11914327614628428,6.976519508795743,Normal,0
3.1721523861990755,0.9190859990890159,6.200902766397314,1.1370254017452999,-3.03952312127944,1.7503187372289575,-7.150375147080913,0.6425659108519766,1.1229799400828921,-4.120413323455759,-0.9099996026136191,-0.3252779589832251,-4.594206743992073,-0.5405956160627782,4.153417196688573,0.9864859780289494,0.6140462894117052,1.4041275758547769,-1.4747193628216206,1.4424116530799127,DoS,1
0.49698277794935175,-3.7501112552416127,0.46040917895798894,-2.7538662210114637,1.3998840945485447,-1.372866987338619,4.527818810942139,2.5086135796392526,-0.9590975411465015,0.7840949277951181,0.03374499048021271,0.2832208279948434,-2.9097058572609784,0.474926669064909,-0.2026544765535343,-1.833353717253884,2.761965744101194,-1.1779662829643887,-1.307002387158561,2.4701365616885376,Backdoor,1
4.1615963478321465,-3.2208759563729306,1.8807945020563779,-3.2199579340468913,-3.777373906020632,-2.004018958592908,-4.837855871467498,-2.456623040082948,-1.1737333986905423,-2.6170927461886535,-0.0457446887596508,1.0360942570989342,-11.829956976647322,-0.7217160452723304,2.4994107897564417,3.4757655981398825,-1.7837351324183746,-1.1461336221411886,-2.8074169366346,-7.4636685007818375,Analysis,1
0.38139139826113944,1.2127819405506886,1.0777475498352262,2.637817249890059,-6.584632814487178,2.093571640729924,1.4390232826703362,-0.8897860637304762,-0.726656632260249,0.9684970622082032,0.1388657981988194,2.634328221005804,-6.234042707695971,1.2912897189283241,-3.4693070688468204,-0.6451925016816327,3.781355952796919,-1.7085465666329984,-2.6620688709098994,-1.0293603054556657,Normal,0
-3.1680876018613615,-0.4328625896526399,-5.067516399960078,-0.08883352655059706,1.75472277937605,-0.7363529391701307,-1.7220581006364444,-0.5017650543258357,-0.9978635491377467,-3.384443329688402,0.4413224023644061,5.120541789461022,-12.311933344959023,0.4276436772762946,3.326865170620553,2.375097381440973,2.3952907173086553,-1.7089920112579133,-2.3130436645577657,0.8068940367882536,Normal,0
-0.7932406826216443,1.9610559152252147,-8.318757082938562,0.11289015042164685,2.7383710875748273,-0.10629627427891242,1.8994071003676392,-3.190030095052189,-1.3425632570442838,1.558449353844862,0.5790633493185502,1.0476718883428413,2.617685450412779,-2.6089131132522208,-2.3701144082514065,3.296821365724298,0.04912413244226932,-1.1191617669735479,3.1427270523975874,-3.653052638717069,Normal,0
1.2485960806160334,-1.1783408279686265,0.4386969241727709,-3.6369879130429195,1.432860885514587,0.1995386558162644,2.368825745078027,-0.5243006269253389,-1.0644128526674308,-0.004789054681102023,-1.7283099639364932,-1.706178353017727,3.392612553666643,-0.05030439620758712,-1.6101949713421972,-0.4492158979726848,-1.0702124689605617,-1.450934342684909,0.9217287668742273,0.27631039709903005,Normal,0
1.8525466169273135,-2.3904287570511706,3.424908956262109,-2.2427902912851714,-1.4363574608513507,-0.9724407138358249,3.940462989033863,-2.064908248800287,0.08751609611076104,-0.19895418327629533,-0.4241328979333748,-0.35077750715944744,-8.900901344807183,0.6845708924739348,1.393728106060738,-3.380304613390119,4.72476087390889,0.2078597012759184,-1.851168303660904,7.11700891600712,Fuzzers,1
-0.891164488434075,2.062102670865336,3.164822557984328,-3.9239940038954373,-1.8837226551850965,-0.30984680248731844,0.3562141601540858,2.4737712358866526,0.7316835593162645,1.603154304048484,0.0981819255132007,-2.333440161503745,-6.970551252227244,0.9684065655206932,-0.45075185787255,-0.01905165504820805,2.484060978200799,-2.1343614284816708,-1.8116291151809096,1.299752024761442,Worms,1
-0.6085033244479447,1.5261728116842106,8.537613482110403,-2.969285552342334,-1.0322125375333644,-2.3447715464828383,3.451541551596226,-1.87368632358279,0.18201847088009798,0.2772684283006578,0.4630754063360629,-3.6350611862192075,-6.433023270166258,0.31628042858926897,-1.1450565789046676,-1.6786971643033288,1.2154214932571508,-0.5973741384997142,-3.5885209673272866,3.250098328850755,Reconnaissance,1
-0.4655796123687568,-0.98626124533072,2.0321209234060897,-2.5104320771368194,-2.082215838325202,-1.1627182938867264,4.526574408802668,-0.40166040500347866,-0.009413162360363969,2.2615649132185647,0.12617915967347157,-2.6641394455975673,-9.748882244018745,0.4093082310044664,0.9352244920505149,-0.7424602913873594,3.1858685706828407,-0.21375757699917197,-2.514906401677015,4.49849913012089,Reconnaissance,1
-3.9738914192199264,2.3389663381470553,-7.199512471383116,-0.0009553893517897372,-0.6472556886843448,4.294973140261947,3.816884419149015,-4.827713558148126,0.8148183749915112,0.510855098339576,-0.8945038098511853,0.3414149469050245,0.5212525563132955,-2.2934262786165016,-2.071886781761841,1.9072992735686767,-2.5275930863501825,1.932582008504309,0.0130092419234904,1.9196269921605065,Normal,0
-0.6741276696967538,0.08276706935868683,1.3469609266232705,-3.399522280441301,-2.4164413392400954,1.770809134387235,5.102638773887162,-0.6328552905807474,-0.9230124331354097,3.2924512338934884,0.06633970906943754,-3.34191574161015,-9.864065464222772,0.7626601871662734,2.4458578101799944,-2.019140582298995,3.10592370693692,0.804015662735865,-3.2501637937611587,8.888401686601913,Exploits,1
-1.2302140687473564,4.583196235851328,-12.367582347321216,-3.0797727656079643,-1.7420287259657306,-1.1623266101509708,-4.901295544296792,-4.9801257822231495,0.13764164045635982,3.737380659090189,-0.9947728850761446,2.3554050047568023,-5.855721064109963,-1.5661210835533308,-0.9735888520270506,2.7866565326694066,-0.30400019203643436,0.29660525554701433,5.273426836739655,-7.544358198473566,Normal,0
0.06834187359686217,1.284207374889927,-4.43378469386747,-0.8561521792236387,1.1241206037797595,-0.8827186901291459,-0.5366713470033544,-3.099402551979087,-1.582735902482666,0.42077626370135457,1.3825844833260705,0.8347153747792002,-1.5145890793066408,0.33817460862287224,-0.7320245046768992,2.9611393884371218,-1.0266082685568612,-0.31859616981789307,0.9968899394633879,-4.5477519923224765,Normal,0
-3.745123398545019,0.8556738891420805,-1.4499801677147615,-2.329572069352472,-2.495111221580985,-3.5662360342338317,1.5475884392855126,-2.9047637422453745,0.24966305193110497,0.5968338236053938,-0.3769935058228938,-0.24697212996311424,-14.344515453835841,-1.4167566397745432,-0.14826898722205129,1.2118791552098311,2.2971043292841395,-0.8014418486532459,-1.2548571041330594,0.08452300378627609,Normal,0
1.8780492507425852,-1.3260583232739611,1.3727701761470859,4.842838767965865,0.10105433787798934,3.321543394891102,-0.22226158379674943,4.544665222208721,0.8683368942873888,-1.087442833706588,-1.5789115654465822,0.56563326689352,18.831283937663493,1.1838042165776832,-3.0987515281745885,-4.934289838357234,1.4257322417951064,0.5973463810380026,5.866202644944863,4.448858793566494,Analysis,1
-0.8793398044934582,-1.6422495940014117,-1.1674128280814062,-0.7899709788812388,-0.017599217604862938,0.33881158124293687,3.8597012205726218,0.41108716358834085,-0.6648058859799196,3.5269535070656293,1.5597914559662804,-2.2419341316971635,7.506498918045003,1.4598888318782703,-2.1864374341078605,-1.6496969542766116,-3.8228945028881247,-1.0235708601710196,0.5574932055437197,-1.0669434020930262,Normal,0
0.5685200626798932,0.21905801276778236,4.73671039161986,3.8269259195442116,-3.1887510551967013,-0.5690236694551027,-2.427158870860624,-1.0788237753586523,1.5866519998435806,-3.1596048531449217,0.6272412210909549,0.24265964159601872,-4.768592408935674,0.12871520125984065,1.211561760101206,0.5446375796858205,1.971530869162696,-0.4444299967257112,-1.0380700374290281,1.4511937219160271,Normal,0
2.2886080360304075,1.8639142483353373,8.55509198238695,4.483252144918746,-5.306008986111923,-1.6774271047500218,-1.3250629636417486,-2.3752938827316425,-0.6760472447790711,2.3420398179871915,-0.11435305518482101,-3.0244598397457017,-2.4115640160283696,0.36220855263974167,0.41696019293946973,-0.6817241718901539,-0.7587537650050016,0.6672623472649369,-3.0222532048514044,-2.0668897886530893,Normal,0
1.753411962291576,0.05013408952667131,3.7762109401132222,0.4532754429706589,2.950044047541475,1.100276593255073,5.765547990275872,-2.2529858570640737,0.8849626664124879,-0.40456910417412684,-1.1143981929116682,-6.544533364612897,11.502531194068759,0.7181576130380544,-1.8534493598307082,0.6360760729528175,-1.1631204363450078,0.15515197528065527,2.5807330001689426,5.189734547435179,Normal,0
-2.451778240062132,-0.9829876917356666,-6.156253281736497,-0.7799240695858072,0.19985117284175224,-0.7403787532992294,0.0884703891455243,-1.6463907190898668,0.20126441259336528,-2.4076040020607907,0.8843383121032284,3.43562230851726,-1.6915087697271094,-1.3898834220721428,-2.5912371528945615,1.4431630569592158,0.25938025146196964,-0.6333480705013974,2.461697198302399,-2.755266829684052,Normal,0
-4.849737832170017,2.8005489105326444,-5.7639512179206065,-1.5756225022762607,-2.4461135175551476,-1.4433677275426673,-5.195102771444548,2.7555237724583757,-0.17476883930077391,1.4644091753647044,-0.1894680830527308,2.678811781105824,-12.043880040307172,0.7170601522553975,2.466890973893811,-0.4894140029226426,3.6805090404951617,1.361711456225998,1.5792017088036316,0.9150637922640286,Normal,0
-1.376252250281242,0.7815454806755671,0.11047725524061658,1.2040964994919725,1.0443658298675924,1.3433636295971043,5.993550764134124,-5.175751016752653,-0.26925578727533833,0.04287648345192152,-0.19606948695133647,-2.612247310385416,0.6289941155603468,1.000290789005707,1.2405217472810492,-4.024873257128561,3.1247205325420966,1.667317649025928,2.0442746062590986,13.559017719490285,Backdoor,1
-0.8899805083721666,-1.6738855246137097,-0.5718303481278328,-3.392350398992775,-0.09308405665144304,2.370004623855782,2.9602477635706896,-2.1530178551690273,-0.5956637016725386,-0.7952988198145223,-0.6865497441781847,-2.028752291033695,3.751250400564992,1.9555260855097958,-1.0105421048991592,-1.1484989044286729,-3.8340576030539286,0.7557618502313861,0.3317605408653226,2.9795107311540994,Normal,0
-4.129633591256059,1.4526479893627406,-4.731565983295333,3.1342939655084434,0.8389094855620959,6.38484850873388,6.00003625818665,-2.4900908199608867,-0.5258723322979134,1.8730668026590787,1.0978509099699816,-2.6000554611571127,5.15806882817504,0.9784666768509728,1.5256771562122915,0.9918242898068675,-3.5968242001287707,0.38597889784319905,-1.7925659378929413,8.008362224613991,Normal,0
-2.511652612216671,-0.5267673537624782,-1.232015009294892,2.915840556659554,3.3452941769626996,3.102388431391985,4.152510092132014,-0.7296665694438559,-1.0414893867543562,-0.43756602279558154,1.4031208151042869,-1.3569317694170637,7.493059732987401,-2.0481454683038454,1.1257504304494348,0.7478374416675679,-3.9863785854416847,-0.914481092483763,-1.7302239411446663,4.187881462396966,Normal,0
-3.327417241211889,2.416707163013618,-1.2617733373782845,2.1701141706325946,1.7364511420460005,2.795106788359517,3.2333501020483686,-1.015735427130819,1.9336282260426463,0.12567160979568337,-1.2441401840672461,-1.4322512642742908,5.3049736997919075,-0.42464676652798083,-1.117741612913834,1.2527961476759089,-2.1812229763996807,0.5454623028034383,-0.7796706441782271,2.8143789823074314,Normal,0
-1.844699666665128,0.7703656868381982,-2.221710174865737,-0.48774717573301574,0.6377874595372213,0.4461165035091741,3.177388336697563,-2.4243829611025496,-0.5060502219433933,0.5446040158473097,1.2819440226905556,0.47655051344777233,-3.9087816483779365,2.111123401140718,0.2401402452843675,-0.8598974950888074,1.7261911344387886,0.18611145652563416,-0.601252969660596,4.330794898803212,Worms,1
4.3570033112051565,-0.3818973340115732,7.692529194298702,0.7065569331502641,-4.303194258873281,3.079788560118493,-7.388304201500077,1.679621247167903,0.347695830177617,-5.381935014868998,0.9788338948935661,-0.5529046961648607,2.4618199400443572,-0.38321462870234524,1.336105927197159,-0.3469868687905585,-0.7240284257595582,1.0610354048659323,0.4446414348871137,0.486519704553773,DoS,1
-0.09388349026651088,3.528667729694364,-5.105655806808946,-2.3258912169577597,1.2038954448097128,2.763006154336076,-1.5972106322985646,-2.7134665642515423,0.7861152043053156,0.21559720698307183,0.07529073745357405,-0.9922756000122233,-1.6193685189235423,-0.11749493303840568,2.0157854553398984,1.7754941731755958,0.6660707378695971,-1.4608379850427804,2.462622537711921,3.4133066411423982,Normal,0
-1.9069729639514392,4.232169716792104,-2.6508040794513947,0.26592935711576726,3.6067279056413124,-0.7066342457533714,-1.5409659525027108,0.39525919807635845,2.5362855590394355,-0.2997522702152886,-1.1339356171360842,-0.38689365965489686,2.288940091650968,-0.4195070824803589,-0.8453866956443172,3.1411229408554333,0.7601814753077059,0.4003949180730848,2.2908887293108178,-1.7414598803660422,Normal,0
-3.62360765549099,0.7235231803235886,-1.073009259057374,-1.2266281921471518,1.3056462997241205,-3.657351208867943,-1.5152794973712396,-2.4295220851803343,-1.3315122991122168,-3.1732396948428594,0.6023236830050953,0.024454107608871567,-9.693853871496183,-0.9562889126643591,2.1387581611304656,2.133854845946469,1.0765208144743927,1.2500032178517075,0.5899860169738149,1.487447661315131,Normal,0
-0.3319125745797,0.8008957452420464,-4.194003316672499,2.1850817411909205,1.4763062195533356,1.8525182730239669,-2.888221349298111,1.5228995347919656,1.3286614047875909,-1.1753720949641653,-1.3401220019276856,2.823948748958866,6.357964817342402,-1.1165860291120333,-0.06628203092233775,-0.6150629205337547,0.5397098056659557,-0.3183391890611118,3.426144545907425,0.41410756526552917,Generic,1
-2.869184543332309,1.7707989386497276,-8.162752286758638,0.3072549449085247,4.069923732299486,2.654731586084302,4.056986091189177,-2.2375497987113393,-0.25653396444045323,0.025845659557174994,-0.3236804254807696,1.3942628888299944,3.1549522918829536,-1.7940560232190466,-1.4938965020286337,2.740605536531836,-0.17553501497838297,0.2715143155249684,1.1243142398764645,1.4281906915382545,Normal,0
0.17058499049406106,0.7347480401884758,0.4416712250200008,-4.222466420387061,0.6924147144119706,-0.38970363038052525,4.063681305341746,-1.2020158223468937,1.8115547192523307,-1.0418664989033783,-0.17351184419511592,-1.3250171491622096,-2.2514190550781263,-1.2668873687989686,-4.968776772714154,3.927247474415505,0.7236752613153747,-1.156301432174818,-1.0260946520367176,-4.052922071870506,Normal,0
-0.2126522832913298,-0.2596677138089223,8.647512284942993,-3.337910559081585,4.94854591785596,0.9669055259175751,4.58352907356394,4.19918687418875,-0.3035719351199467,-4.689524646289145,0.25501576596840186,-3.9739135129741974,5.976767150847715,0.3672865992613769,-2.621602772989138,1.074871017704273,1.0189047616497309,0.11308076307285721,-1.7745846998825265,4.895580543803758,Normal,0
1.8249667882225253,1.0571000090515026,-12.835833564247544,-2.480462741096691,0.7054453753264593,-2.8611111977289223,-1.2432297412244167,-5.134486903173066,0.29034531520977963,5.150989197380868,-0.23920621284401772,0.4710545598045628,-0.9090951954597659,1.417726634283043,-0.9661602970267625,3.601829496638867,-0.5490172941388781,1.3882773027454967,6.4665541747279045,-8.718897876874117,Normal,0
0.5244961616126236,1.065631551901766,-13.199871433482983,1.045737330790491,3.599158497268294,-0.7187956023149882,0.38137760715698116,-3.1013108911057756,-1.1172636989875397,4.182630722657093,0.5311508203085539,1.6758029470435218,0.93128741972891,0.5265764384642192,1.047899369312343,4.518641339705523,-0.03905423353634552,0.9038425628127866,3.9228881958293855,-5.374946569550227,Normal,0
-2.8467061559342435,-1.721132573302826,-2.463208429118715,-1.866896086913199,0.6651976753199518,4.1484896717815705,8.940376086775352,-0.6190236505947881,-2.204236304857036,1.9075887688335582,-2.0048593724508446,-2.791343211386672,2.6505663505250965,-1.9614555620403007,-1.8497066209333388,1.2540631930257846,-3.408973446700619,0.7682538372578852,-3.463528366209337,3.4586905878914247,Normal,0
-1.7710395679498714,-3.27257557096695,-0.7693320578682773,1.0665353128443629,3.240623394652269,1.1386049911952791,9.530359480184288,3.141211601145727,1.5913181735745794,3.7545687224894158,1.053876791624804,-4.019435909541965,13.31314011101179,-0.06005485830131774,-3.3410343822418045,-0.11407946755839915,-3.546006024047509,-0.9112061986223107,-0.5064318082714954,0.9436617250964385,Normal,0
-4.529570528603243,5.5874746541165825,-1.0320231473319894,1.1336719211087658,0.07031473757132911,5.075255066468134,0.32110598095457865,-4.196673259981715,-1.637973732071693,-0.24799219054369592,-0.8798534432943514,-1.6150797062902238,-0.8863194408488997,0.734839430207506,3.031112230797282,-1.5547216062006568,-1.4406491825476628,-3.427655528304998,-1.0639309412020252,10.68052296917048,Analysis,1
-3.43378519970006,0.4075360756417893,-1.9376726977774275,1.770680737965444,-2.796282577682783,-4.41535042329606,-1.0313019011076905,-0.9247957383220688,-0.6539007570945464,1.6304819537396522,1.4391165341989665,-0.15683104717045726,-9.61386814950089,-1.754952237335574,1.269660784366992,0.4266204873229158,2.0800184973560656,-0.1322327291701942,0.9741312675025671,-0.5887325924249138,Normal,0
1.7849820606875606,-3.0967361223329317,-8.994480764775266,1.8468934916617505,0.613246287748902,1.8274328044147927,-1.8314349605106055,-1.8326065224688097,-1.2791003712610216,1.070813041116795,1.3196923579258877,3.195859811806799,-5.042986468976486,1.1219677374278254,7.268099526980035,-0.2719381287706798,1.1564960188329447,-0.5188359294659994,1.1452301998038177,4.166885838831515,Fuzzers,1
1.0767981282877659,0.024076368396036996,8.56598906812141,-4.000973319600218,-2.521226624649353,-2.6706767879878397,0.27988015688371304,1.1311477944558677,-1.1360505978996762,0.9545260976645404,0.5332001467565549,-3.085790549567748,-6.45323868892416,-0.07807405751548097,-0.3939879236688719,-1.9662358300773064,0.8293205543683143,-0.5173874571548498,-3.059406008318861,0.06445150313064407,Backdoor,1
2.986476372396993,0.1717075640457737,0.6382081197516039,3.817118274193364,0.991544605695331,-0.7303796583406503,-5.803747040079334,-1.5775822175385634,-0.5722064947808724,-2.513244215371918,0.44113385598605676,2.9780675054086077,0.1405120853609405,1.0071968560019282,2.4872701495163785,3.3883292520534782,-2.600867191014785,0.6826527175642255,-1.677529099759226,-7.211293894610508,Normal,0
-0.9670250910814928,1.1499336587817002,1.4751568872892047,2.3935023703194425,0.16745922882146758,-1.693814760773652,-0.5380880059843405,-1.907115539622044,0.11269850904696596,-1.5921481874131251,0.8808774710457029,-0.7743092891896484,-3.621609708619577,-0.8418556659923051,1.09403070478387,2.159565333767665,0.6942292005497784,-0.6132969571807217,-0.45824994696499943,0.32031086951181154,Shellcode,1
0.27713299968009997,-3.41242461302994,-5.842101896164804,0.5515344304856882,1.339555743183252,3.3532272542610286,3.6021703109768266,3.0484735645060423,2.0687794329743716,-1.1342231753474485,-0.1008651097054136,2.17763810271167,7.047637766516054,-0.8339862664589361,-1.4660131143424673,-2.554811171391703,4.307130298288223,0.18721001848413446,4.690387468115453,6.823145824701925,Analysis,1
0.6789339289275864,-1.4075804514658583,1.961043584234625,-1.0298105496709111,-1.458552388986909,0.4047362178494376,3.76477553898037,-1.8915716480471971,0.2151404628615487,1.165810390567633,0.4692137015993424,-2.258824291408871,-6.409265068052889,-0.06222506337308195,2.7810368877019647,-2.5799110224888486,2.8752414239166217,-0.7659160206199607,-1.362104099919573,8.424586460456586,Reconnaissance,1
-1.7498112567427535,0.37847332290989977,0.398900843347457,-3.4885770839193597,-4.365263021327185,0.13175909879373404,0.5421415766462718,-1.3863434232578742,1.022522815599407,1.837033347752374,-0.14388601621784777,-0.963216779094475,1.2519057883138873,0.44166251155440733,-4.538003869264091,-2.0598859420775177,-3.6695057231864996,-1.0978201582457976,0.4410759727723679,-3.6809374674848025,Normal,0
-1.566589710330858,-1.5380791701746537,-2.9397431386832853,2.036676769053891,-0.7106255041243336,-3.8697492608163007,4.1157825456570425,-5.059080536954696,-1.3368376546622682,-1.0444852734628463,-0.5141388557993929,1.489776964518351,-8.055775987909902,-0.45026659193147833,-2.1377917101781474,3.13402669061733,1.9497254723052901,-0.8791293679871233,-0.42045424861714775,-3.050681332219602,Normal,0
-2.0451773929433594,-0.8319788530566337,-8.358948330907769,1.3672642917978104,-0.16464567266149355,0.9409486943564265,0.5693165294361192,0.5082093889365338,1.6708826128258876,0.2133841194804198,0.3476004769326332,4.515716062792546,-2.8384701105372017,-0.6604377939120855,-0.2562877935444918,-0.20705314747655112,3.3456198768960137,-1.438304540665104,2.1274506459958213,1.1199291843600552,Exploits,1
-0.6207536352799621,3.596274807722337,-2.0359159972661742,-5.188428662419848,1.8404965012290788,3.467301183221634,0.06013176932117459,-0.31033535357955244,0.03883962864776756,-1.1733788989116825,-0.18789292388725287,-2.156259022837105,-4.0269083476008385,-0.7559452808307505,1.2412464067737181,2.3710908122851686,2.0844801402762414,-1.237875371832547,0.5323535514042224,5.391660357487426,Normal,0
1.2658955255029332,0.36919454674861174,2.7305019251437708,1.5908350025939106,-2.271800159829542,4.2020913520514025,-3.6321636002812934,3.1273139458612063,-1.2729588829558474,-3.7378326910485047,-0.08920606520653021,0.8025570869501006,7.285943868300609,0.9153183154243771,-0.6223351912187733,-3.4879117852073716,2.4926337846193825,-0.1967204253506947,3.704451141157752,6.242100585878893,Worms,1
-0.45799624719155485,2.5194572917918343,-11.978152405841243,-2.1573893253664087,3.003423379159293,2.9687913805535766,3.9507397980235726,-3.6432961584345165,0.9947577615072151,3.5430122522739387,-0.6806749972089716,-0.2830531444056882,-2.425323613716767,1.7587545394107384,0.6230388370852586,4.500232435692611,1.5099930700730737,-1.8321711008589743,1.9121013608515267,1.0763189637646078,Normal,0
1.4455340434497437,0.10461102941067146,-2.3160991125470067,0.4763708944956686,0.23872564301847676,1.3241330777682665,-1.057041267665849,-0.5345773274277973,-1.100176204583657,0.8687660035340534,-0.8164571438462908,-0.05739239389464057,4.308641391390184,0.652168840309869,0.8014864077626805,-1.1562340755292686,-0.10830432953170432,-0.2871035198299246,2.640131846767698,1.4622320726924785,Generic,1
-2.406870510370843,1.4561770309616717,-8.759375521828872,5.453322057435025,0.6262601503618204,2.468883021759871,-2.470803986871122,3.7690640761012064,1.0804483268291873,2.3340587751600417,0.7394795747363705,4.622241425290335,9.328373038851344,1.3594269176869034,-0.44909220898029134,-2.9480619521825955,2.1412057226526917,-1.508890861566607,5.315194962629169,1.5827421567399877,Backdoor,1
-0.030472484254876253,-2.050379315834309,-4.890859496102312,-1.9824928124141163,-0.45733808535710607,1.4458695671214337,3.6729551850805384,-0.28484327113188046,0.341138476590899,2.5482729765845162,0.8046915051941578,-1.2904110144891445,-7.089120304665752,0.8629874553156563,3.1806218556765904,0.937866507736965,1.9912924503027951,-1.3089327501473875,-0.84819658846359,4.64656242588095,Worms,1
-0.22630136298497772,0.3772298126063658,5.7861732902042355,0.4523473206247761,-1.0993096608567257,-4.132184132648154,-2.8175681100953476,-1.9701573177423097,-0.5127184445709714,-2.291429393504462,-0.22900389244356928,1.1010898545060983,-3.1510665773139737,0.5219609467559169,-1.0567570735840506,-1.250374174091603,-0.9736742915033925,-0.9353460332270064,-1.1839564388892154,-3.6924852747751515,Reconnaissance,1
-0.9217274377728872,3.7817660990931112,4.0511402434471355,-0.3579757021849004,-0.784439907717006,3.8811276328063298,-0.09060147682465819,-2.1596150487454286,1.5788705073358906,-0.6124515998702607,0.7048100172682836,-1.1980877279166557,-2.375775433862592,-0.26717569356956483,2.725001937917982,-3.762320719018089,1.2118239456698698,0.5594768368043613,-2.071578955065679,10.488346774477822,Shellcode,1
-0.969223853314086,-1.7338148388429624,-6.22978185951888,2.102389049326404,-1.1011400213882172,1.707078459109828,0.9740024962787208,0.6538878834416746,-1.4536032698532093,-0.6648492182591716,1.2723207049110359,3.023342776316841,-1.7680068965529165,-0.2491306748985431,0.48100302727518396,-0.943903652903733,4.237110191079825,-0.9623259293229973,2.8057373876695824,4.488879416141447,Exploits,1
-4.2395539412144725,-2.3761083338880344,-8.24131663225274,1.9102241182612223,0.8326859965490718,-2.4799154306182745,2.1371892918582045,-1.4661546734155626,0.6318042771966538,-2.1483362728894946,1.3128254505190116,4.647874458351655,-10.643501133171801,1.243403439843132,0.505169932616477,3.3083779787749195,3.125972728794022,-0.7767013260997346,-0.07586740956220495,-0.8519131278378986,Normal,0
3.0169391129411767,-2.853712655123366,2.1438873979307056,1.6153344119419515,0.20726166241966504,0.8263953492648541,-0.5576384914291135,1.420329969783951,-1.9708737130102232,0.31783825164768986,0.5303092737415597,-1.6273052362092004,3.6871143023739235,-0.4866252631122041,4.219255547704478,-3.2663716351306067,0.9204540877277869,0.4860637793896876,1.4655690378989576,6.4277485971897965,Generic,1
-4.671526624093046,1.5038463190265188,-3.157872809463035,-3.444023356331471,0.034172717452533474,5.541891137415263,2.8014497674086467,-0.5733367986910243,0.6986048486913036,-2.1250564010960664,0.2650291161330222,-0.5093139165845025,-0.4579980664827916,-1.3850826956528461,-0.9671692381079392,0.6029422383598643,-1.9541846522461626,0.9686868438045079,-1.19829395099889,6.02886646351169,Normal,0
-1.6236161839451821,2.2375826404545878,-3.85502325048882,0.07435620832973,1.8024998651210564,2.7331094193027465,2.7485473204291138,-0.9188646746693434,-0.9521708826740738,2.6075382893015515,0.7215628536713528,-3.3329696389887022,6.845099810240113,-0.31270429194281313,0.09106088317836991,0.14037387552486225,-1.2749007831653802,-1.1623002592070144,2.67003610367823,4.583296820594377,Normal,0
-1.9382362413340162,1.1738604870600007,0.6782451210573386,3.551034299465311,-2.9980617478212017,5.092622020041578,-3.8748671987387002,3.5364951676168106,0.9311467005755696,-3.6903857934441726,0.6557996671877393,0.9235848789565817,4.767523253498464,1.438439036386863,1.468797748658245,-4.171459379976707,3.4050962803315126,-1.5262642896784135,4.066207368184394,11.002605879998493,Analysis,1
1.466579613030586,-0.1720917174307388,0.21254644770550513,2.540620856247962,-1.307562607578177,1.6954923839011353,-5.181132725355858,0.16926298317436994,0.317374216168657,-2.4916278214925778,0.4891243617599348,1.4560384326311144,-1.0965587022310408,1.2525753714428214,3.961780526288948,-0.2595624652561209,0.4252469960302462,0.6781156972187059,0.735582695130914,2.3831158666748906,Generic,1
-3.5461268299584754,5.09140495723654,-2.5419295232410914,-2.4465516519265647,-1.5081430100784639,4.061156822011852,-0.6138272551820032,-0.7184452772935734,1.2591800292817978,1.1571681630121202,-1.6479573488464625,-0.9917483164554622,-2.189678157939812,1.0373168072899788,0.0390716785245977,-1.1681167542003408,0.6330792417173705,-0.8133202285268744,0.6603274247732762,5.919385671312872,Analysis,1
0.8024610071315091,0.8416384444303842,4.475126494134435,5.493707283906491,-0.9310953232930019,4.93925248938203,-3.570422406856404,4.1520979212497355,0.6185484915857556,-3.1825782908250946,0.29892748304189537,0.860015074139344,16.077302143829677,1.2148728529041746,-1.1999340960973712,-4.416630381998516,-0.36933526346174217,0.7935376344025156,3.130258027753249,5.220246457605178,DoS,1
1.2818004583210167,-1.2281535639966434,-1.7071789016852583,-0.6645988566947758,1.7568199917028227,-1.3651877146813707,1.1216245190872058,-2.1078434744511343,-2.2788277178529053,0.866994014069647,1.9955354392525124,-1.355866292326981,7.77139930710491,-0.11018719359214611,-1.7095995246427635,-0.44706878310701437,-2.646819570791461,0.2834725072556046,3.430944076630296,-2.319775035863888,Normal,0
-0.030628561663238907,0.4047568479151875,-1.1433135009780067,1.5319001362908224,1.259802041273291,-0.3195681408753801,4.445035699909492,-1.662266504214528,-1.2884143150452518,2.1049581455772355,0.16426915594992011,-2.2723810728811076,9.30846436388266,1.5253550836582002,-4.146024948034702,0.696240272506845,-1.6319237760844172,1.0803366482547827,2.2370599052962614,-2.096574396634543,Normal,0
-0.6970365532546466,0.8714173293675577,-0.8240691976309875,-3.8891692397681816,-3.467713629366659,2.572138659813813,-0.5039770196043947,1.1764211722814761,-0.12303339134922658,0.8757583762471177,-0.027675593338968962,2.376908507982623,-14.395614999959719,-1.3707450838668116,2.4749067340889246,-1.7146520846990811,4.264034738946761,0.5147233212204517,-4.020421788848172,4.696059524534711,Shellcode,1
-0.6613173674841475,4.95233697385336,-1.3384509672324514,-0.4439328443422186,1.0429101688828757,2.523999702208446,0.4930652803007637,0.06975051100424667,1.2318001860011447,2.767777259708293,-1.2286553247596401,-2.616862594866701,-2.034597734682316,-0.15756776116891866,1.5585466743856675,2.4566545721948208,1.3682244749107233,-0.8228200438046198,-1.0434746628437783,2.65319309903635,Normal,0
3.2176652229500062,-0.7844140414076569,6.314913943827072,-0.2440394454294319,1.6065674497061257,-0.8289881122206828,-3.000838210738702,1.550298285626304,-1.892125292822918,-2.10937625898963,0.43860874433613145,-0.6499861105925313,3.765455443213986,-0.05107710411785853,0.8259136335685504,0.6924883939385609,-2.60084922223734,-0.7952704709063896,-1.9462195681228893,-3.792600029503686,DoS,1
-0.8769150670916012,2.838457977638289,4.656999274015845,2.1272874267046964,-2.3004659831645573,0.7051746207558245,-0.28638200716334167,-1.2394811874831992,0.7670903921065838,-0.532759119453861,1.2636435903686614,-0.5381019861471525,-4.5158711814294135,0.28218791050091085,0.3044627718783741,-0.17002362813008398,1.1950954671111989,0.1951953141107542,-3.0280959648140975,2.278967735407736,Normal,0
-1.3862436132458487,1.2456802588521918,-3.3744300552534585,-0.3769351742019297,2.3522147621946914,3.1451255719012505,5.504512162308369,-1.1421566789001136,0.1880621774228491,2.5081156098167545,-0.3693648727307723,-4.536713651864188,7.355397023019989,-0.8381915404378485,-0.510072667651745,1.0763883754841908,-1.4589576255148256,0.415318262494437,1.8350212320350876,5.239759986224892,Normal,0
1.686522363413079,-1.348193770831321,0.9529958415829406,0.7673307337354044,0.7322606268839542,0.07639465587692063,-0.2316977954862578,1.7519385881636644,0.03456941694860591,0.7656549025141683,-1.3720932431328694,0.10406184019151055,7.784201761568153,1.6475550303938205,-0.6956430045289634,-2.8950131421521803,-0.4143328718472763,-0.1307051188032152,2.054174045471248,0.3933605609612598,Reconnaissance,1
-1.1569872969712305,1.9416978416480668,-1.7369283875554524,-2.73475453067993,-1.652642850326567,0.3537206920209117,-0.932634237169772,1.885155560705781,1.7003324439360643,2.203440423721381,-0.7877542901387656,-2.268744743932432,0.17677931838170224,0.8469647581151631,-1.6298683172423654,1.069905854151871,-0.16128989530864324,0.43982605284876913,2.015738255988416,-1.8101055421270646,Generic,1
0.01481750441396068,-0.8560202888706789,-5.306622954341745,-0.8124126948368551,3.023711861756392,1.1788456222338488,3.1545841289406376,-0.5522270254576005,0.8798567379474236,1.248525475461129,2.3061640025806343,-1.0271237899595411,8.777017608954964,-1.1426988863036047,-1.5055703160269376,-0.2119542047403402,-0.8303237443296572,-0.9531843385632386,4.1077139748390845,1.5628634641075485,Normal,0
3.411247278488655,-2.8792139779620793,5.342414793159659,-2.246321869149369,-3.71339917937154,-3.1980930268008896,-0.24685593202022238,1.0874783659762042,1.308549718179179,-0.043201637566362416,-0.7921530063728321,-2.312147460250714,-9.916305182888348,0.5338332458125163,1.230662385420621,0.44586016356140545,3.6312164977415917,-0.18595920117069495,-1.1676105475445713,-0.5109332704895952,Shellcode,1
-1.0705572851304783,2.574632052157736,-2.9170361358515278,3.4047871697385648,-1.9550162588976066,-1.383697282349217,0.4875403389512677,-1.40859859638304,-1.76247267075866,2.6369206632888265,0.5101541930407117,0.6549894922923623,-5.990223333714026,-1.5370501547228934,-1.4636215628818157,5.158041997348681,0.7334559293281747,-0.13339262920384803,-2.1124608598966486,-7.266737990098238,Normal,0
0.588947471809296,-0.17556207721199812,1.890221805622135,-0.2416094613375097,0.32063872635993707,-0.44543653021562246,3.0341313790627757,-3.27285049626135,0.6330945237528776,-0.36093811588226354,-1.1692010232694812,-0.5140826447006315,-1.450699245154847,-0.5274041750085541,0.018919541003661333,-2.6695455005227213,2.0893398952697044,-0.8218897053196192,0.11778244817493166,5.428834854043168,Generic,1
-0.3875359935618542,0.77377668705058,2.3361960838360463,1.8365857073845033,-0.5184679653911153,-0.8131804418089921,-2.7968213934859287,-1.8286637287656327,0.8118501934549863,-2.947408861026759,0.919593680191331,2.286984672526647,-7.542160763434147,0.5935884863422272,2.5398637885164774,0.7296885530436463,0.8180471375804951,-0.09468406149452392,-2.836675365011757,0.40673256903010857,Normal,0
-2.2308457550579863,-4.220924708214994,-11.242200621448305,5.0509096667824736,-2.240900661296459,0.6700286670309363,6.062871817710862,1.456083266944385,0.31359267662220613,1.3490346267178768,0.5240873339314602,3.7042938270765475,1.3703258726637875,0.4567758840702795,-3.0283358499577133,-1.8559878663946958,7.867986603725285,2.1560852079064574,6.652969341870207,5.545206184939482,Exploits,1
-3.313451840102095,0.7505792796462594,6.939002279249127,1.4041036221396277,-4.9463155322708605,0.2660739799378855,5.444814575589416,-2.760464297660703,1.0408721934084568,0.025295564546778504,0.028520151886810636,-1.9624133411107323,-6.536704968075326,-0.7412456849806711,-2.027894190382768,-3.3595304108964683,1.4547027232999175,-0.4857360479880245,-4.218657703344691,6.809788300828798,Normal,0
5.0526310188237815,-0.6398313842969172,8.996106113218083,3.7926266311299948,-3.6335022447381076,3.2759239116393704,-6.799301461278958,3.0740320650189554,-0.66119321738779,-5.052648378528454,-2.156482133927654,-1.0971697589211855,10.481838100898672,-1.003969506996826,0.0774641341281419,-1.4478236194571177,-0.7852198574875988,-2.3017344927901626,2.1567951276324893,0.8148303188271933,Exploits,1
4.946554568375889,2.2006975554529733,12.67850864944998,2.680635513466888,-1.4788689399143142,1.996652216656916,-4.508755131946906,-2.261808647923777,-2.794850438402242,-5.360500147900189,-0.2883302731535121,-1.2246197469095743,-2.663974284211502,1.4552403021497493,3.508995287217463,0.0846508669556556,0.613917219235596,-0.03176132329018785,-4.599642866301488,3.7013380337760164,Normal,0
-1.073187240424677,0.07895040431240008,-1.5209355254552648,1.1871323849089566,-1.766347783195196,-4.842284820951294,-4.0086968740164295,-1.2429457195863929,1.8985554488719767,-0.17804801433457107,1.426132819595001,-0.2600512386978302,-7.536347592967021,0.1851261569377157,2.0444188395206235,1.6825127896762826,1.3738646956089262,-0.8994129865777329,2.6585349117040367,-2.6938730732055287,Normal,0
0.5246562663395546,-1.3851956582631573,-5.766850334575945,-1.9258727116225534,-0.8527111547134747,1.672734415388358,2.7393829759153743,-0.557689212917795,-0.24767208090775475,2.7728398027165992,-0.47669535363459936,1.105424540024348,-3.745562885758118,1.0738604235470361,0.7913654638822123,-1.1892089266460693,2.3785793781793707,1.0336035092642322,0.5866870380126996,2.9097870414347886,Backdoor,1
0.5741218728573183,0.5874358988675672,0.8774995139344386,1.073229566883945,-1.394669612449478,1.999200520703758,1.6666305260088248,-2.497606110802124,-0.03921927704690393,-1.390057091245497,0.06503261047984459,2.083898577032443,-2.765903631189805,-1.381680034110053,-2.135699370668202,2.3460085018146217,-0.8350776290350623,-0.6148146733211092,-4.17922620724954,-3.348600710848343,Normal,0
-1.138399734486525,1.7843251278357168,-3.8626602210546004,-5.3334700910133215,-0.654205353066827,1.865417641895744,-0.7399219913962508,-1.4735805964974604,-0.3819073605924749,0.0007326260594515688,0.30511363314765494,-0.5907251714696546,-2.228145995702608,1.2236232510224998,-0.9887331060883233,0.5031727581957509,-0.6371643215407379,1.216047225928888,1.902232885047788,0.6711379067526352,Normal,0
-1.478796724149051,0.2258093228903706,1.1554785869047257,-2.2829943429167843,2.6044621731281037,0.45928169454677403,2.5170342422471434,1.7000277228897946,0.11409411909379795,-2.009223732146122,2.8325396811739347,-0.7178485031105707,3.019190623490372,0.3127231467873003,-2.9012592310882805,1.5176214230143465,-0.39116211440731474,0.8722268801817192,-0.49395719610616085,-0.3645411671752208,Normal,0
-4.045951135735053,2.825838906912449,-2.2416230139532995,2.5537653371360354,0.5364022987691082,1.9891963913284327,-1.2688609760053524,0.6817018354975577,0.7544004293190443,0.10894478319667122,0.15392581256534438,1.3163683203600511,3.7717042949617876,0.635167037098547,-0.3263605223455227,-0.18059159220600707,-2.294593024231111,-0.10632165120387682,-0.21578105618307153,0.4323571182347119,Normal,0
0.4117969347540533,0.40198090647873475,9.453557739995254,6.097546788330791,-2.498536493588843,-1.2066987470511332,-3.8099735896721687,-1.1917279257110394,-0.7555982483439989,-2.703569813574239,-1.2853013195749685,0.43798481062086736,-8.027942209280102,0.4405669034911882,5.685546126004201,-1.071615107981759,0.12001097552159767,-1.7325688023980281,-5.90036255859047,3.3153917082243396,Normal,0
0.1793415936173719,2.914372672595132,-0.9918137271258525,1.741153433948654,1.8151172083467921,0.38537736110859866,-7.425457746573598,0.34160777478788806,0.9001002002420223,-2.684206630078325,-0.9540593420202919,2.2788766136244423,1.2674362542550122,-0.5857557127672052,1.9087304478623257,3.8336111883998103,-2.921158326728455,0.3616950993696815,-0.17900358871714506,-6.203266006039254,Normal,0
-2.781116600823113,0.48868381110185855,-6.185403224198049,1.9144505893664538,2.2948916576482232,-0.1770670181507017,5.416214475132998,-1.9643335667381396,1.1561431262116262,4.550630895937394,0.5149178699504232,-3.6193046383561653,7.873870434635564,-0.0033705825603430354,-1.6719886086106222,2.7829915498311975,-4.036167342464422,0.2625778598974419,2.005247118331891,-1.9560958688046313,DoS,1
-2.605371251993153,-0.40709985730267473,-4.376207465245919,-3.018067684827639,-2.464586399950182,0.7445446386626372,1.9155943435717693,0.8966723528587361,-1.4211022173425212,2.5778274359518836,-0.5000043293955091,-1.1399251231540872,-13.711202237315534,0.8917442927530582,3.30191291041141,1.74373328926416,2.5236793734388385,-0.26584941308612575,-2.271628296644173,3.68778199726992,DoS,1
-2.7691635973093063,0.8656431067375342,-2.3733585912302217,2.482746371325831,-1.548018699010922,-2.4217209197049847,-0.6248253633497418,-0.9718443398576875,-1.5903009014295166,0.34293400030498944,0.32464790491986023,1.6993881519674763,-9.432614850937004,-0.13621858546750398,1.20000109444081,1.6913423466903001,2.3712803712420314,1.101345039542963,-0.9776360568153971,-0.9282996999009028,Normal,0
-0.5092918192147653,0.9718871947973198,0.8170459323996402,1.1703292082293866,-4.640761362443692,-1.5975067542128376,2.909948090831893,-3.3771156048923316,0.5957362587612732,1.779274985415265,0.5846506004057759,-0.5640726495342783,-4.134337693629736,0.5358361524671608,-4.1365964315013395,-0.10592048100955354,1.8811605784154897,-0.29592395237321967,0.06424745567105372,-2.087919400461622,Normal,0
1.4177087412904998,3.247084333919944,-12.678616841930147,-1.7481822424478415,2.2010886898435196,-0.8305796837559467,-3.9562719422168184,-3.415636773736592,0.12502585791435342,3.1990646485108494,1.0608356352940937,3.732411420400304,-4.021872478552236,1.3979543425560428,1.1903574291051986,3.0497722556120666,2.1233399011110747,-0.7373871027633306,4.680445538809258,-5.691619769693551,Normal,0
-1.6372688783293996,4.129576429148204,-11.34756909945067,1.964464499554726,1.8930496164758468,-0.4654828257985535,-4.164041917407086,-2.6754324005478387,-0.4858761213856593,3.951902481472379,1.3810383237024915,1.4971911007505203,1.2670785279226353,-0.23691956417606294,2.1331822821987863,2.466774754170908,-1.0881934525917942,-2.6273364397165904,4.834608229561859,-3.7916288267076776,Normal,0
0.1385465808513715,-2.255944062823166,-5.36413825433326,-1.1584864195334728,-1.0248000004205222,0.9306565214744391,-1.1180062418748218,-0.0723813830183544,-1.556766461128056,0.1433210615278402,-1.0676455718593634,2.9985195449317215,-4.785551715685836,-1.8683113111391456,2.266710868401789,-1.1048474173022185,1.175189982292058,-0.39602726286791157,0.7160379001236121,1.4111765593609173,Shellcode,1
-0.8241958595051122,5.764875005531997,-9.683418544993463,0.49350323749440084,5.12604304077146,3.1467544810337826,-2.310858958215335,-1.1421006660712787,0.6912550377652942,1.525778345364595,0.8430247694161512,-0.26304334029401455,-2.981781365556667,-0.12859119835121371,5.504269897248204,5.0414587920536595,2.88552590068365,0.26621090638894296,2.3439879860155424,4.2924157301573835,Normal,0
-1.0107600687496479,-0.9557848805979572,-2.478105051556504,0.2935406673359118,4.251342414356307,1.2686428032356731,7.749167762086673,0.6545384380481718,-0.7274167023665219,2.1117710814431025,1.199225634489599,-3.2045054028396844,12.329918295009639,-0.0014040381443431215,-3.466168946878173,0.3607735409226187,-1.2962207173478304,-1.2342655694267455,2.1439731770163473,2.280100958322537,Normal,0
3.3858635082944364,1.6334084723603501,-4.6112454485819745,-9.058177277823027,-1.6553572421958083,-0.15091533896316944,-3.184167193606477,-4.183374504872349,0.7107878915885889,1.3117591614411568,0.6088606597921735,-2.9066915086159892,-8.64750784194537,0.19702964184208055,1.4616641092142606,2.419362263190204,0.8102557232635053,-0.05680177655794101,3.8437169908961057,-1.3372624166449434,Normal,0
-0.12217878060154974,1.8297992490615744,3.310160862180994,5.977182415253289,1.391693584209778,-3.252887665143406,-0.9906347652794092,-2.6534121037317355,0.8734867873914347,-0.4919318822217823,0.3143214458150536,-1.5325498796202055,-4.25264651271423,-1.886775554792489,3.2117402861212563,4.58756925013614,-0.6636345075889523,-0.38411012703916314,-3.0371917582417987,-2.6846080835762156,Normal,0
-1.2488173722797522,-0.22751301719173211,1.077698165084396,1.2510180680371026,-1.4959324805565994,0.6819872207248905,-1.3167096331011532,0.3485164834797696,1.1570066978156122,-2.245025752072727,-2.029348130065603,2.0989157007222565,-8.416935099233594,-0.9884394104476036,2.9538808637750056,-0.6821194857878488,2.70916477486335,0.570458060099278,-2.410150799181391,4.441689706512675,Normal,0
1.636928977477392,1.9993920615499716,-2.7378871418033763,0.26104488624967104,0.5513570784692796,-1.2673715577526385,2.1941580218982972,-1.3648277437219773,-1.212547445408267,4.885451382081177,-0.20981169645357511,-3.7847201280138596,6.888723872993954,1.7884593771337591,-2.624697279110274,1.1772344514707032,0.12273424946255473,-1.0288362015484511,4.322852960258896,-2.8529559209908655,Normal,0
1.2548865431045133,-2.799114681331139,-6.467085696536144,1.1196035953269405,-1.7323441086628568,0.62229556487338,-0.9379619764520999,-2.4746652918712138,0.9574314604545224,-3.3503585929110082,1.175487420647236,2.403329052082881,-10.597901880399194,0.18531451608881952,3.6479113991589553,2.874938256527167,5.246974272675554,-0.009068630142160621,2.394303500580313,3.9542044894897455,Exploits,1
1.717019644833749,-0.20344012789162225,2.9716348205745167,5.757859596271786,-0.8992370124348451,3.529977210620065,-0.8403970920629422,3.5059047742137492,-0.025288712871601296,-1.367395307143099,-1.6031633657174116,-0.6206807130127594,13.3259503955766,1.0133235028991359,-0.1640894613615984,-4.972177853271484,3.3834866780122494,0.29848810686414184,4.992901777248706,8.96115744518078,Backdoor,1
-1.9877250217273246,1.2269687641031886,-0.978987067961585,0.9152772666233755,0.13437669262867824,-1.7013532306331274,-4.149408697168596,-0.639870327628934,-0.20149189991337269,-2.167094319629488,1.5959347834211763,1.315077041182131,-3.228626036273357,-0.6161836055534412,1.4005091086401509,1.2528556282284882,-0.5363920798734654,0.2271484375512827,0.9777528019657931,-1.552542920285946,Normal,0
-0.7647597630727281,0.6351531261320037,3.582989776238631,2.761017755752498,-1.630687418436915,-1.3885765148537716,3.5392906942547278,-2.9519929577663584,0.24610641578230244,0.36211898158415146,1.1163614518342975,-1.4853687608707684,-6.346372808345811,-1.411067607667596,0.27957794748861275,0.5144522732179455,1.9849789760378878,-0.8680317775096128,-2.9882114603033307,2.670229201566264,Normal,0
-1.59453097545101,2.308438436224923,1.5105277531783656,1.4625185913504246,1.112517879666715,-5.496091397130707,-8.91014794329612,-0.7491256432463883,-0.3679999401174001,-0.8984960927145859,-1.1035989591859043,-0.22581511398387222,-6.655413024743607,-1.0944810810789771,6.198512594139397,0.7314393757398165,-1.5588511515210293,-0.44162954463066756,1.0706805574423552,-2.1903256931765522,Normal,0
-2.6162471748590423,3.920885951677056,0.9581076586603035,-2.3610570118659613,2.5252651090423686,2.7612650336327738,-0.12810683091909847,-0.014852134998916355,-0.04131106310784013,-2.8679105780982193,-0.15997102573488056,-1.7393539483482732,1.2070536395653328,-0.19614643075273572,-0.1690381659867528,1.0766055257836906,0.20324663440329016,-0.748313978166258,0.3863504788046588,5.3389560329652745,Normal,0
-4.4542137298663125,3.4902376812835194,-4.997844761942392,0.046222597929231,-3.21095994222667,-1.4982326174261362,-1.9954740091609908,0.17593235667353757,0.6136810281166335,3.063099194209723,-0.3321778315991437,1.2879843585758837,-5.121430000263103,-0.34978133190732386,-2.579891766659534,1.6329999533217279,-0.20915227402579784,0.5853573347956043,0.8547856026998808,-5.899582108408123,Normal,0
0.10034302418009666,-1.5534699526668052,3.059711091408082,5.164555348313943,-1.0111576883927682,-1.0934838760786465,-6.432768937419218,0.09614455029282465,1.0012819300667923,-5.3362147397757,-0.297607110281922,4.678561681476238,-8.465510488491546,-0.8872192590540526,6.021301553148132,-0.5274350394501375,1.5991642042809644,0.635128501151511,-2.694355975572236,2.173887417895806,Normal,0
2.947686610510493,-0.8354417008543116,-1.2958163296727956,2.7809949652880537,0.12526975708159482,1.3435118540155324,-5.864359660175275,0.08214950850097713,0.731689887296413,-0.6947035153367713,1.3879932027100965,1.0198010302049618,4.5539394848799635,-1.8069921167123046,4.413665121821813,-0.5692565605537987,-2.0594858217805294,-0.6985895415388619,2.069626114086951,-0.13735287295777332,Worms,1
0.6608472825123011,2.400470422898739,-0.18466399341380102,-0.4198704138524496,-0.6750435353003126,3.5040289517906507,-4.837680092727164,1.1222289791389066,0.31083222911616043,-3.0455830729657745,1.0976942609423341,3.024306158365207,-1.8050371855474014,-0.6975136126792172,0.4576504965538333,1.7893191873949306,0.1345825013260975,0.7972624384188448,-1.4784614798888396,-1.6795851851197776,Normal,0
-2.5968616024402182,-0.9971454383239364,1.344401737415739,0.1432003103918107,1.6888200633100825,2.4231532397077986,7.925565287106206,0.07091959550650895,-0.04624580089035779,0.3687810775725684,0.744529923983464,-2.3137027376734416,9.005878980009811,0.029018734725870104,-4.2576810894209896,-0.6857544915277434,-2.9452561774709456,-0.3860490822851164,-1.6393595308988806,2.7008048173312753,Normal,0
1.391403161470505,1.9486206994476898,4.747471475320742,-0.8434235992149377,-2.477632976022753,2.052462979198568,-2.290449131664173,-0.002318471259473931,0.238586760388034,0.4134623542925324,0.997779762009926,-2.849134098626231,1.4187935133894949,-0.980451552972441,1.8482969523594386,-3.892028747647825,0.8166394273693149,1.1852472467614408,1.2258265884329647,6.74212740011337,Backdoor,1
1.0716912342769596,-2.2105635521355644,-8.324183402461577,2.919049114877638,-1.5702283334131093,2.383423972543624,-5.02156460529141,-0.8208341775789503,-0.37320963275195645,-1.998359418340781,-0.24411377534822737,5.964313806648978,-0.13499170455753406,-0.11940957871632733,2.11645322918395,0.7637264464005495,-0.5036871723920904,-0.5599178441451599,2.415326692649443,-2.7229344987383564,Backdoor,1
-1.004492817324256,-0.9183010570856589,-5.30958173476224,-1.182404368031252,1.4185331444729434,0.7419410504686004,5.002478942478539,-0.8316663488629827,-1.07224397066582,2.28097947021307,0.8786601206329129,-1.7412893839980446,-1.742603024387849,-0.18701174251865926,0.8920457735949731,0.6154104154432727,2.2106107918628006,-0.06694600763319891,1.481890001969925,4.975618508428581,DoS,1
-1.6910747998422964,-2.352500526422591,-0.4452859417706,-0.3017180540239923,3.83153463198099,3.363173423286829,7.69119015855062,1.2729166602032445,1.1896897669429274,0.8670376959438504,0.19797991337486456,-5.119590680126261,12.16256088886012,-0.36387313776746005,-0.3584235446366939,-0.5822608371094924,-3.311528646801518,1.8060342085701266,0.7576278520758586,7.465689420740051,Normal,0
1.5188168089632135,-1.999792625896002,-4.893679681875227,3.652664811101239,1.1070145451805584,4.548029691036044,0.39207970108027246,1.8356898645889244,1.309848411660418,-2.818908373763311,1.0341946707976646,1.9878075354277862,8.462636527263223,0.8218697722591285,0.7630788621964395,-1.4843784714295114,4.12977286573681,-1.4112557218406563,5.42169072053277,7.9877685843608575,Backdoor,1
-5.152431282028411,1.1582350437892317,-12.807179541598124,2.8521700220223387,1.2153586002106467,4.36313204204971,4.574956251599548,-4.632789247156409,0.7159928975840948,3.398931868025627,0.4084462038419082,0.8847364789032452,-2.4110654618306535,-1.5692993382289517,3.5481285384211496,1.7594895222384803,-1.8526051622097346,0.5085322959665433,-0.24535872539806158,6.085886067175451,Fuzzers,1
-0.31053236496756265,-0.8595103907471473,0.2875303126369242,-1.7594194148912683,-0.8440821210785041,0.3957199935102166,3.8232797972081998,-1.419667095514173,0.5033656705515603,1.444951347623842,-0.37701295839399485,-2.094426837267333,-7.053369214275635,-0.15452472993274965,2.1970832256051804,-0.7785700686732261,2.0503207108379207,-0.7852692453090915,-1.837935188491318,6.041860511104853,Backdoor,1
0.8300222088167708,-0.10281308657785693,-0.39097018879029,6.596034924939734,-2.81775514198782,2.531304587206214,-4.420759789538451,3.4682359508847993,0.47477109722961475,0.33604711321287395,-1.1816997830645828,1.917501332352731,10.328071994256135,1.0365440763613667,0.4918127662611489,-3.997588846192364,0.7811824089290359,-1.0529246194624655,4.0917535291134115,2.3423495846957105,Fuzzers,1
-0.28923752174421624,6.528605508542958,6.7240801418463105,1.2987340118636252,-0.9641534123886235,1.0350095709653169,-8.8595464576338,0.9715910898835309,-0.023871068746969946,-0.7362772265321631,0.43702162114296916,-0.9833170051349898,-2.851711872309892,-1.0495592663586093,3.7232471658260735,1.7796465243453534,-3.2246381887631834,0.24722547006929957,-4.0283699275368745,-2.9001357689605,Normal,0
-1.7770640712176238,-0.6804829499063674,-1.5755631114023623,1.0564021198830553,-4.233654900227107,-3.113463981300173,0.16099094374579148,-2.4228767182938986,-0.9933545184333761,-0.2092264536333921,-0.9892623693210745,1.7648916645794235,-8.838650637897405,-0.68234442589306,-1.5298962736219779,-0.6127195618017545,3.2456149637440874,0.05521235360038612,1.284886453205894,-0.760624996810142,Normal,0
3.060435539181072,-1.9847962186037154,8.299719729868883,0.9317127441733963,3.166985968995789,1.4699839495637397,2.588853667115508,3.3178779906651235,-0.5532902752802538,-2.644765222164943,-0.30048041145753834,-2.0897875050384993,12.313764354971005,0.03441584426248023,-1.6313382405115378,-2.087899732555808,-0.534473710785782,0.03708210431099252,-0.6910366590122554,3.200589271416796,Analysis,1
-4.853424771015849,2.622377231583843,-2.566500063179771,1.2506191719388622,0.44553549210068466,1.9542923826904897,5.334179267066968,-5.718455979690356,1.4124482266873244,0.5977665943621449,1.1856193163391573,-1.2608172759593368,-4.867909732333995,0.43023379769841974,1.5056478773456825,-0.9433513192815992,0.3826359165174179,-0.7124304044342532,-1.5473496991392457,9.564885133825031,Backdoor,1
-0.9233036225470713,3.143489902899015,3.6116439425769373,-2.66590541993651,-6.266835386115373,0.16329435408175286,-1.4195655779909644,-1.4189005844189704,2.2161865787128594,1.1298108746252744,0.0033719922098608456,0.10620667733065448,-11.368155956263445,0.8464131611593031,-1.3133214039889252,-2.0811199960659064,2.6875481001474713,1.1888428682058862,-2.4109504824427357,0.9657142151030729,Normal,0
-2.736150524058092,-0.19053381610702824,-1.4898822357634658,-0.9862870756478237,3.790494351986759,1.183756985380173,8.335688628165133,0.20551827838249936,0.5365353013263925,0.3556009696954274,0.41429276673658055,-2.4227919010017955,8.009985385695089,-0.6066949152173058,-5.054936551022042,1.9905985780042403,-1.4212001885211967,0.6089679022736126,-0.09026118876026556,0.669839346425487,Normal,0
-0.20527788725981244,0.7096844721673912,4.006811183953265,2.939502993120482,-2.4029078768279835,-0.27280174876667773,-1.9358635528302321,-1.601094991881439,2.0055930636183965,-2.5229794644680927,-0.8368421824487218,0.8479910678023845,-1.4764094896599502,1.2952712338333454,-0.0565023014465631,-1.1548643824211724,0.5559278765153055,1.0679930445034893,-0.5634205464579211,1.282961518822481,Normal,0
-0.8664106764334372,0.037309887407147135,-0.0303935119728308,-2.8333372161247734,1.3476411250376503,1.8743157522309584,7.994454563336045,-1.0896072170749906,-0.26596112633294205,1.6327139239307071,0.9778115414182277,-5.887990013068068,6.747471616224433,-0.41227886332722014,-3.9363268631326473,1.6236117402756158,-1.4112238068498058,0.7980481544675636,1.0844850083013382,2.9651780477868686,Normal,0
-0.7098035046568136,0.07238268924797775,-3.710210461733375,-2.557702533081616,-0.2336231495181762,1.2780214473966605,1.3166512722442905,-0.3639782042864348,0.3096366151104175,2.0817805767698796,1.7742257245145796,-0.8441196852319847,2.7221969506229255,-0.13263291091448354,-1.3731835745450942,-0.401042294135767,-1.6888632458129351,-0.5189974472528162,1.619838478177353,-0.43760661252004457,Normal,0
-2.153143708249212,-2.0223652612709735,-1.1301498067708033,-0.5596085882154751,-4.3726539739365275,-1.3404593861232728,1.9046588120483032,-1.2536950355081695,-0.544159518370992,-2.6335411162821063,0.2561320936591714,2.254036961789348,-14.238518702966296,0.9365504295877474,0.052338741209595696,-1.8706267666510756,7.439478637154636,-0.2354029112864171,0.7716006150471233,6.931889391774723,Normal,0
-1.5329957023313991,4.878651641473152,-9.947985865824744,0.23361274579851377,1.1620818146524328,0.9626035732467152,-1.993355795201345,-4.828525460200385,-0.2916074837743749,1.0011551295485486,-0.2881468896381896,2.2288721769440287,-0.9306780113658435,0.37623393120866366,-0.9978919411763701,3.0961302852195383,0.7710778091226351,-0.3508052114564566,4.170640190766804,-2.4998826782733854,Normal,0
-0.3245766978331204,-1.072965711915216,-3.5993975706079655,1.1951287164395388,-2.391527129267791,-2.0528888548982795,-0.8378247016038931,-1.8458699635940738,0.7299211969049114,-1.1910308948695711,-1.2008465937956947,3.38918529798551,-9.75977946755086,-0.8735354123833502,-0.1313078831351644,2.0170179870502802,3.2597073840901443,-1.4676545636611737,0.07228625007178424,-2.8858080100597285,Normal,0
-1.6073997244072271,-0.7715667278357623,-7.4605614745591735,3.381343798267478,3.923767784437146,1.4344707137997257,10.01572708169142,-1.7654187267116122,-0.468810719194351,5.590843123758386,0.2689535543767578,-3.6287808279022506,12.946549356820471,0.4968901533612756,-3.0000890053523506,2.311298348129996,-2.735029813247643,2.215520699031174,2.1452231725776256,0.2739922145958844,Normal,0
0.33996628945385243,0.7281919421187909,-0.9932571753553412,4.100003850320954,1.5468128526131655,-4.16504796891865,-0.411185076098811,-2.6275935263226855,-0.4297466634439692,1.3429215474903544,-0.14023994946474372,-1.2106482530433076,-5.506314525691057,-0.3509941415994386,2.839569499166044,5.370932815740221,-0.26876787413131975,-0.4338726223247447,-1.431438507994058,-5.07756706337784,Normal,0
-2.2345398379637054,2.1931867065377166,0.7532285929986822,1.5800039207499135,-1.0491484368955502,-1.971291821987358,-9.381286401821637,1.6868405695342492,2.1578350720798922,-3.8159014676860172,-0.6441166604860968,2.9880712912684357,-13.784853849395454,0.5840901804351359,6.760329030831109,1.242842566074187,2.86619739224378,-0.45269792559143307,-1.0444788778465721,1.6648671325433673,Normal,0
-0.7996522697482928,0.39763172069148267,-0.8588045905828647,0.22345723948625085,-0.49446347848509187,-0.32240451935756775,1.0789920404576288,-2.3351891313190176,1.2673951828291294,-1.34739353517218,-0.09073209054713986,2.2946547793859864,-9.596788236377025,-0.38968442783540574,0.7474178542970193,1.5410478551473152,2.4525996041434133,-0.14228916505956268,-2.926314433105029,0.5910320982523884,Normal,0
-1.0940264444700423,3.9749587872076035,5.956698699186661,-2.2771082946932157,0.38864826419043785,-2.0894834370934325,-1.4493311403343747,0.26767906211704395,0.5292911325047989,-0.432573879404488,0.45023723475834404,-2.113634420840956,3.462234198786958,-0.43935988391646774,-4.169323837957675,-0.2826023790965837,-1.4885106869597369,0.4349591861740992,0.2671158797141955,-3.7325437846084686,Fuzzers,1
-1.4203414893541981,2.6291894320040825,-8.219139108620574,-0.7697404053395214,7.016001092038149,4.503493576395664,7.195513101262656,-0.047767732454677914,0.6592989867832433,0.9060483608011678,0.9459979627698588,-2.3121862828663864,3.2417197660480683,0.6592268962959171,0.42159569231578486,5.302395321125697,3.269449369343687,0.10514698402456396,1.261641950057547,6.753912898979028,Normal,0
0.14935969523797943,0.840572315170365,0.9297094989593978,-5.417086067283896,-2.168026668962738,1.6547728115038398,-0.5496214670814533,-2.2592957801332547,1.8157419248412825,-1.2062415947558072,-1.1824008349027357,-0.4796549605073801,-7.353130707321882,0.9952543946760563,-0.19820725468382938,0.9358150620013286,-1.1927712904640018,0.1882813886599442,-2.432015656110133,-0.28395368997770176,Normal,0
1.4180666176295444,-1.7317358095379518,2.4191401144129436,-3.5628357617026367,0.2567824088466367,-2.8588212606283765,0.5983021098752747,1.1667503518769249,-0.854478095669546,1.11404197103395,0.6794526721518087,-0.8921844887711268,0.8698677905989373,-2.0411509456604056,-2.560078784039435,0.29128404400333585,-2.079288619572444,0.13486338020692476,-0.8131777871615271,-6.531214457982641,Normal,0
-1.7111138956650103,1.0726248381797858,-10.018638468902418,-0.7849093828902197,-1.4718392313973316,1.9333510278083854,-2.361074272309417,-5.689071510019222,0.8492500865931712,1.0057086016899848,1.1882167565482367,2.2402968326086232,-4.166254654813914,1.8812455979210698,1.8634136463735453,2.0490221593403355,-3.5260312562476144,-0.11424496107048325,1.498183327330468,-2.29212393057188,Normal,0
-2.8157912916176278,3.904028070568054,-3.9078306828592724,1.9577105411338753,-0.5258012914322019,-1.7680014240224815,-2.6817490134395117,-0.024855261661414607,0.9064525405197977,1.6893728554578704,0.3986434717966514,0.6795757034324579,-6.938006777820454,-0.43084641761581777,0.3815857967210833,5.150752341801642,0.45064163117994316,0.6324000449549774,-0.8276175232300134,-6.081352620958888,Normal,0
-0.7156716628533161,0.413928347628314,-6.532927360803061,-4.41762391667279,0.3070733704289933,-0.09824174324392732,3.875835436242083,-0.3675032912091949,-0.8204773756509719,4.335335786053419,0.8898080515344061,-1.2635528447700128,-1.549581901462711,-0.6099799750411228,-2.9220280031046535,2.652254859054975,-0.3161755559125248,0.37056732792271646,0.8568054928077017,-4.348070025700052,Normal,0
0.965762802039992,-1.6104010960372093,-0.4410548405279632,-2.350726728618434,1.3384580284627812,-2.082530560621678,3.579957649967438,0.0810855530341561,0.9106956917429151,2.0166455479574097,-0.4939671008306439,-2.2603554327116107,-0.33507396951622803,-0.5484291241186665,-1.357079421538788,2.043152093790708,-0.4584585906877925,-0.7132582683169144,-0.3809237126505395,-3.24141668114087,Fuzzers,1
0.6345133705873309,2.849676616668173,6.143165755864603,3.797754677125401,-0.6777329158305251,-0.2023864554679382,-4.991018315907406,0.09973338779716223,-0.7531428760730741,-0.5441726394286335,-1.0172945976908025,-1.8234711203185232,1.0905088072683653,-0.6246973662957356,3.2182509759334055,0.6553856317048457,-2.4450250277178536,-0.5953372747430775,-2.036344153744156,-0.7105422966086181,Normal,0
-4.697601276924267,4.502859276621564,-8.511484311868482,-1.348817650912713,-0.1601676953769411,6.636052250328237,1.5200935318146231,-0.42869568100148925,1.0390173070045896,3.120489866261259,-0.6146414842422548,-0.47849140607598495,-3.7160746774581153,-0.4431932788708083,2.67232737888912,1.2542288055283057,-0.22292459264722808,0.27768714710403647,-1.0838543397540394,7.0185627240066575,Worms,1
-0.18778835585779308,-3.4533045179081228,-8.500989676650576,-0.6301457547883456,-0.7132039573118013,-1.2226978935779798,1.82350737361893,-0.6537248709211505,1.2079534760525765,2.7629304141196265,1.2444506093033991,2.9286481882775,-8.112450645026515,-0.8725247934775272,2.301696431723832,-0.3148430184568072,2.8283518097026557,0.32926932540814957,0.8858638710280401,0.4345718180415813,DoS,1
1.1636590255605417,-2.9377634835473367,2.617072820642877,-1.5234307942830623,0.7939862387790417,-4.690613917511483,4.727543220371183,-2.0968155814625273,1.129938253223768,0.042392157863592406,-0.6251405582368739,-1.656790476659212,-3.008963173120812,-0.5347907538310596,-1.9613101001883901,-0.09307186418374469,1.7628613208359123,-0.45332691257083835,0.10103829917813223,-0.8678101578807415,DoS,1
0.9316448201759897,-0.48034141053168433,-0.49433930208605736,2.203278402431241,-2.4964881950985154,-1.3188531307461522,-0.8912664284188739,-1.8258412114008316,-0.6283759759092804,-2.3251801382735517,-0.04097583810799503,1.8751881695997608,-9.601133661066084,-2.1922989081809443,0.49104761232082506,3.130308251013817,3.9400264073612457,0.7940929822240419,-0.7304475503986776,-1.4928178727772439,Normal,0
-3.155441654544216,2.026502152565552,-5.827155715590312,-1.9173188021823142,-2.148658933059388,-2.809150591997681,-4.909125841061284,-0.08571361588999427,-0.07489957638174051,0.14700926330344588,2.0923902890032995,2.5423958183387247,-9.8441328039496,0.6487882058302696,-0.010950332004427299,2.0105351948147394,1.6387260972727546,1.1477162469478168,2.366724626588685,-4.712638439393633,Normal,0
-1.0035030223672707,3.0864206135889094,5.681355040295186,2.107591259183294,-4.533660946895033,-2.0441211172333213,-3.9116117374587853,-1.464039000856379,1.9743263875527035,0.9974115968962893,1.5833899534269977,-0.927382303462621,-6.055802561456966,-0.08282290882277982,0.8369580352426428,-0.9929853543986513,-0.7698031999255348,1.1956352431945556,-2.3013493940117185,-1.8455754856082165,Normal,0
-0.7764614671482182,2.796041137804063,-3.7835925960176606,0.9856597469382211,0.23859504853460822,3.6439978286930508,-2.0622703518031837,0.2778119319862473,0.3256647209107891,1.9054064435982176,1.35793746132566,-0.3765225445431839,4.322021388190595,0.547267016312372,1.749019959849869,0.0015726100973416646,-1.7035503010266053,2.5853841120501024,1.2352340838049214,1.8896118390717302,Worms,1
-0.969891980913048,-0.5343580606442151,-1.496140460512716,4.599615310271204,-1.8275981812661615,-4.9422190086946785,-2.245184548114596,-1.8276074559406847,-1.5270406324123211,0.6309834898429343,-0.9517788172640964,1.6108326465250646,-10.919830113852093,-1.4068224117784063,3.0261044704192415,2.6789221353234245,1.8862062229590937,1.6666108135641995,-1.0767274716925823,-3.8968557931197036,Normal,0
-0.6350005171544115,3.5857142556238935,-0.12240231335866164,-1.660312145792927,-1.2762098058787115,3.770109867560545,-2.359075506196762,0.04203440827675764,0.6613570184612205,-0.542062462262082,1.7443572357147674,0.9354776773988567,-2.4828812221778316,-0.5938390587341567,1.1512189003388824,-2.428635326031336,2.378275447723663,1.1649737776570268,0.22760710748083035,6.131670799783547,DoS,1
0.9192375032530928,0.6056670369335779,2.0597381088655475,3.4857978018754165,-4.7483104093892265,-0.15603516010996366,-3.665793408114051,-0.2656346814685464,2.246337547615455,-0.6038304842326014,0.3212427752790439,1.3503684777735205,-0.1661565177738089,0.3833579367775718,-1.195308649643219,-0.8085569727475912,0.5960566646955715,-0.847262107455948,0.9084715821428127,-2.6826293531062433,Normal,0
-2.5030535741090647,2.469890988884938,-7.962877550301692,3.102380518753499,-1.4346613483826012,3.067549485989695,1.6064348612727044,-3.5815208158365963,0.792547854016627,4.172572137316687,-0.09132890269891217,0.5483284186218778,-0.41544933576622145,-0.022610053667901843,0.7215484310689291,2.0983166202858348,-2.660243193258899,-1.4898608422274942,-0.7981239631463795,-1.0172766989384698,Normal,0
-2.4423357039094915,-2.0481093355502598,-7.061279366389945,-1.7841137479738647,0.957407427668481,-0.7944205854107227,3.115827144132878,-2.010997734609702,2.207929217794186,-2.7559261958967296,-0.610145939629838,3.7437629079173345,-10.763842575172903,-0.5482024891490305,-0.4039524489055113,2.7951240078021398,3.9768983074837827,1.4581924771811208,-0.041487556917640056,1.0474989169599636,Normal,0
-3.1054681205282755,2.078444814457819,0.9113352946122832,3.2642479168015526,-1.5397975897473153,-1.326342045550279,-4.10247592963671,1.6406953049245372,-1.6581968499957354,-0.41742098369871794,-1.1024372693184634,0.790921100123544,-9.023112783781071,0.4116485651629448,4.473036097158538,0.20441498805137104,2.358740917863785,-0.2980930396299594,-1.4716354401401217,2.9785154374419385,Normal,0
0.2236151460422211,2.778309217947048,3.4143454530455357,-6.092101383925979,-1.4541056726710697,-1.1646504052193203,-6.609420186606444,-1.0464076515005316,-0.8146917670983592,-3.4001131274594067,-1.5770682676728154,-1.1833681591212442,-3.616607464226417,0.9329591528945822,-0.41473265800148873,-0.29028754196355555,-0.8283719577796729,-1.5092385936412787,2.490251558273658,-1.279785982655199,Normal,0
-3.539234644693984,3.361587103350101,-2.3786704938561223,-1.5321613672466268,-1.46184751369031,4.275709883301289,4.687184296519423,-1.1672648114416908,-0.39159121704709077,4.193459096017328,0.2680919866411021,-3.864706274213379,-3.1041396214289865,0.03768234868289792,1.3963603509786162,-1.0776603229455317,0.5368639075527115,-0.03507807072000761,-1.4036383277911333,9.10819314280418,Worms,1
-1.987566828746644,2.083949494529428,0.41872614893519944,2.841391950995331,-1.0993071551369362,-1.693195409529199,-1.3717610132127032,-1.0971124024247738,-0.23686286681924823,0.013821658986410634,1.4686470145390538,0.261177438333139,-6.402964356614886,-2.137448706399794,1.127960534595015,2.4972162869153713,0.5123859271262752,-0.5669991676770471,-1.909644870152363,-1.9111633775277619,Normal,0
0.6719694589642438,0.5347182616118135,1.8464951628030208,3.492511997673016,-1.0451971594963052,-1.1963289636531491,-1.538317567825374,-1.699956720183541,0.04895092292747902,-0.7477956898141502,0.40892734089817995,-0.03617740837057837,1.261295088561322,0.46345076870067864,-0.04422852218776785,0.4671968572521802,-0.37736155228558066,-2.0364109516977886,0.5581085010784039,-1.6117061420997314,Normal,0
-5.32897299077336,3.872425051106432,-1.175034076559462,1.1156652774648625,-1.9490928951417397,3.5518394812767444,4.513244881783846,-4.862911035784119,1.5767222011039963,1.627216324923955,-1.4683328563073126,-1.3094495302930018,-7.903257701417785,-0.38091350950617914,2.403041512287981,-2.5366679136585697,1.2655956666508756,1.8394772071211731,-3.023567154279829,12.072582070096885,Shellcode,1
0.5270563053153519,1.018899991523148,-3.1177660816965194,2.5513356461697856,-0.990016366014832,-2.8997747861335434,-6.339980708994047,-0.48098932266470606,-0.4335768168619258,0.012842341521249523,0.91724892205307,2.1592496517006374,-2.8016962592673926,0.7638905541384806,1.2959853210968153,3.0767411760972436,-0.7172277020045119,-0.7502849532186529,1.8253036176815112,-7.948634823474894,Normal,0
-2.414595889274005,0.20245530196679717,-3.7057428563442683,1.2485261234192584,3.544362375184023,0.7712236193938389,-0.2339297526860089,-0.8624357447521371,1.275119748297601,-4.85877705393376,-1.6090710084374933,3.1479068674401938,-3.5479821369883755,-0.3592987245190305,1.1724160364480785,3.96368631685639,0.8555277732774202,-0.8760233044568659,-0.9036587645342802,0.7140338887823374,Normal,0
-1.1496182368193313,0.6369155253330432,-2.1532246258959877,-1.5506830755408059,-3.156324695695723,-2.552784017812242,-6.774387210007865,1.1984942626824724,0.06664000216842422,-1.642758603120902,0.24155679420538098,2.0591792243736924,-15.833769710644257,-1.1922248489561023,4.355168972990823,1.2235739327353243,4.565359951075006,0.16704655337656374,1.0070198613185246,0.4145669722199965,Normal,0
1.2748700066040057,2.549285667307364,1.946772877675445,-1.3082008580634183,-5.005319381541439,0.6082145047510454,-10.621531646053503,0.4583518141199501,1.5309407165975353,-2.999163673748965,-0.8086461408155908,2.086926429401213,-12.554346237876711,0.44132217772987986,4.161516322232485,2.1267701594150354,0.6714017690393419,0.3930227833047259,-1.542240461629853,-3.195951122875805,Worms,1
-1.1568574824471767,1.1792899829463557,2.0499527081878526,2.206189149526312,-3.4947141210903823,-3.497502188611207,-6.783963231256826,0.5239707434747147,-2.342731486510062,-0.5891884326836805,-1.441497470503702,0.11201376754701142,-7.645964192678199,0.1012861330883167,3.644797624011846,-1.2424184316044675,1.9906472006296447,-0.5081445204864287,1.8242625283167966,0.7349875537643875,Normal,0
1.1336400525379,2.241599064266722,-8.590855378090412,0.7121773968556746,1.5937800470642507,-1.2665585532048316,-2.777593368578303,-3.4969181420420656,0.768780225788399,3.7301266827912185,-0.00024917541817413185,0.5071699443229545,2.1616481069379727,1.4882811905395124,1.301241408637416,1.803020396261699,-0.9722105252855057,0.5087612961282669,4.693211427824703,-4.392987976133388,Normal,0
-2.0749046175129777,2.614483606742588,-2.875939711047958,2.9202326612018306,-5.314485521940562,-2.543154636797427,0.9699262902103896,-1.309730280206376,0.6859003580842945,5.151116014021751,-1.1151034521867482,-1.0898519816558538,-1.4554062936253749,-0.3013879166394584,-4.938424683164985,2.0237671898859126,0.18245392861305554,-0.8209015268560932,1.6438291519090251,-7.8678219523634265,Normal,0
1.3558067771331732,3.381725699904859,-4.076883287766115,-8.30035935531448,-1.896379548176792,-0.6206551674248908,-5.972565878927271,-3.259279780513178,0.22368082386268154,-0.5857296244702352,-1.687023037718727,0.40412161379160283,-11.245705745799047,-0.1830775224038034,0.45726614235453633,2.3666403616693494,1.2577007692862936,0.5922446040804317,2.5852491822234187,-3.703020678180166,Normal,0
-3.963450531308135,2.5910514531907882,-3.4848924685298277,-2.294000953003305,-0.7345984881650438,-4.678568946310827,-0.575196836970413,-2.098353273576158,-0.48999836966134375,2.0101278759926613,0.8967959833638672,-2.6837150550617523,-5.607929650761772,-0.7462326377000116,-1.347825110236096,2.204710689599735,0.14175426512097333,-0.1511077721598841,3.57308889828378,-2.8979000220698814,Normal,0
0.33892591674389283,-0.9592692887332273,4.323224675388642,1.5535288217177468,4.939453425769417,0.6405842139723861,3.7046310147910324,2.790343949209946,-1.1010774576228928,-1.5260677382303323,-0.8393835039192011,-0.31402520396546185,15.465978111155103,-1.12633203408798,-3.367388765348255,-3.716131882199627,-0.43386062466233,1.4791162029869056,1.449381563923298,3.3981485953754595,Worms,1
-1.8777364415232443,-0.9372722812945473,-3.7792602609433605,0.8272671084142406,-3.2016129045783464,1.5769034646508748,-1.393655772651202,0.8428066951442017,1.454955682372252,-2.869728501573461,-0.21642099730751954,6.019512269719598,-10.709675532124416,-0.08463638723075591,0.43636228906402486,-0.6573925190185603,5.054685993497509,-1.4844245617289509,-1.1066035699693435,2.456743116608462,Normal,0
-6.5567926243126795,0.8819978177008929,-12.348024230412868,-1.3037447391080357,-0.604976401441049,0.2718369636672484,0.5938116050220867,1.0560395156424844,-1.8719948851431487,0.888224111540906,-0.2220470137311213,7.217157755990734,-12.848832239319146,-1.0823991107019761,-1.1031990858856076,2.0947920642950946,3.2449685137577444,-0.5279280464329243,-1.140415917366927,-2.6812181976538207,Normal,0
1.1217457699710316,1.6397346486516642,0.590578510549155,0.3958821877995178,-0.28249259856798803,-1.8520236840843007,-1.8135390957512905,-1.319796262823209,0.6674625719890295,0.41031848235140633,-1.217792708795263,-1.085519911148943,-8.793543731348299,-3.367805732935858,2.876836616902552,3.5997053246331334,1.8752201179740289,0.4335690048197964,-1.5799273074977065,-1.6321748836093457,Normal,0
2.002366288380849,-1.1617550563009633,7.434392059808507,-3.818093116715348,-1.2815470550672339,-3.575994653440741,3.4449134201605345,-0.5263821918745544,-0.515330409126304,0.1258282402386488,-1.8034425561326157,-1.9322870730061241,-4.932472803962531,-0.06990200607602572,-2.5784612383716334,-3.2659149415844086,3.880358165395799,0.1704564224822549,-0.9309291795602792,2.0334566002760166,Shellcode,1
0.7846706917357618,0.7648407127283052,-1.9127799762530766,-5.434988729662369,3.805389657393309,1.0612510623093026,3.0199382291933836,-1.5903770225325125,-0.20225952849293358,-3.0382242830481623,-0.47588261352084915,-0.8116855860398813,-1.944326159304866,-0.10907538069890607,-1.975305523271596,3.6423026173526174,2.1270659778705023,-1.262295361002834,0.7761177347217254,1.1430666305053228,Normal,0
1.5997069576653162,-2.909843829830571,-4.2690973401448336,0.2770783347651393,-2.0795432672170047,0.42890087846491176,-1.04777888828624,0.6455863093012933,-0.4055781849571157,-1.5325245333147255,0.8329184031213258,3.605134775882976,-9.683992597026357,-0.9303763787794554,1.9558833186144637,2.2876649838799423,3.9290824536529287,0.431911881640134,-0.7131054787434525,-0.9299195913351663,Shellcode,1
-3.3358161266265522,-0.6378302697642455,2.4129442694156307,3.9086189234657276,3.3356751187420466,-1.5547071483776698,6.850273597166713,-4.951769090542697,-1.1456139838605006,-2.2952152955897684,1.132069596638471,-2.1301260016817514,4.646556979562588,-1.4803291198232909,-1.9425996291865393,1.554844487715394,-3.296224290391942,0.26829116716341245,-1.7809325523331219,2.066214771341659,Normal,0
-0.5292724384947323,2.113979043173813,8.131424389930764,-0.5838343853307939,-2.487104582050411,-1.1060123592094824,-1.03500332108624,-3.301599813640423,0.40885418562167936,-3.538176434187331,0.5399418303546626,-2.493952063396841,-4.356490881138483,-1.067255024069557,-0.2013936174650488,-1.9686155731066637,1.3096144381738748,-1.3116659018678896,-0.278024921189582,5.310129227490546,Normal,0
2.92641489735889,0.5740400652110762,3.2022773987656135,1.1235059653734023,-1.2841455530113137,0.7548662034310074,-6.629946616270219,1.3612496680995194,1.934302166337711,-1.204860438967374,-0.8699918113988403,-0.24611202582629255,5.161203693687335,-0.7910132135916936,1.820726139717167,-1.0567263074603759,-1.9791972671684128,0.6867996204689136,1.7789319139412973,-1.73462540326543,Generic,1
-0.8436703156116887,0.25568039169712753,1.779471264868262,0.16311795172522747,-4.0216510727499,-1.4549684153050229,0.8888017005801112,-1.8795906797234438,-0.4983927119536229,-0.43284060478319264,-0.9949136759617321,0.4603764327081379,-12.626793452387197,2.317594009771692,0.6425403986954701,-0.5817807812048235,4.729281453125919,0.6346790841860889,-1.679834585592436,3.3391449872016494,Normal,0
-0.09685100345203912,-0.6802822836721907,-5.249889164954376,2.5744659452015104,0.3296655287732291,-1.3539465155763963,0.9886052031038894,1.361365077750273,-0.248766305420981,4.412949516728742,-0.6406499944489928,-0.7238474898812648,0.6717927133359215,0.23755561718928486,2.836152172427691,-2.7454557939929343,4.399681633240477,0.8070828933138953,4.667944549169915,5.566104973719782,Reconnaissance,1
0.48981389135408393,3.6875238905879097,-1.816168541761629,4.332131132184696,-2.0652213381498226,-1.9990886208415342,-2.706691473295781,-1.2655621423792485,-0.8499599239738012,3.638709712000658,0.7464576218021075,-0.09222906223107907,-1.3018246850812754,-0.5953072234321486,-1.374387976889044,5.171805469700086,-1.39189317371785,-1.355462330515652,-0.7930820218907217,-10.839718088038232,Normal,0
-2.2794970240758974,1.0919121264638125,5.211871606482302,-3.4545663277637177,-2.1441965084668024,2.6449895990602483,1.2322063077169263,0.31381654483918187,-0.16556274105008104,-1.257265166349622,2.693248986743286,-2.973074619780962,4.1713290184353955,-0.24456019880301033,-2.7523643262479105,-3.0325443208324847,-3.0557365099014415,0.38101167624550664,-0.5905797888371807,4.058274065954182,Normal,0
-1.6286492962710009,0.5312883179027905,-5.462639786024769,0.8227002477474956,-0.24335251031330318,-1.8133105486464185,0.20447529539251474,-0.04132959777481493,1.7043245157606308,4.799607385972459,2.399817499786771,0.5733753117496048,4.244681250589583,0.7436083348876679,-2.3303858900355388,0.27306565411358374,-3.035731740493265,0.2553948008594378,1.7729990630474135,-7.077970661361409,Normal,0
-2.1173145486373173,-1.5581450169040485,-4.557238941228477,-1.6779434225705985,-0.533348057891269,0.3934828515860025,4.021795168231584,-2.1586225007340483,0.972661304489664,1.313827357335492,1.3809530899180293,1.0458524603284274,-11.032247827341767,0.3246238742502759,2.685937437340583,-0.452845698311776,2.4301219356240504,1.9998285955346222,-2.2520406937561055,5.41313362097189,DoS,1
0.9058447443590119,-2.725843238180919,9.19105908041831,-2.5903535995694122,-0.20490243269289965,-0.5713318535204861,3.530642660331668,0.8856220374272326,-0.6909928128398913,-1.746770038980007,-0.934891526418984,-4.809072886524838,12.563979262179874,-1.302576313576046,-4.735154693830955,-4.091810286597347,-3.8028099661520827,-1.3374428653284094,1.4521600516795872,1.873892450478818,Normal,0
-1.2443819904780569,0.7507725775036913,-2.364626674629151,3.4700486796021144,4.306026745702807,-1.259805282984856,3.041374684209817,0.21823278504845312,-0.1806838921904478,1.6854633498741647,-1.4736993376276717,-0.6662181103333009,13.326454012128757,0.702608084547097,-3.3952660597918918,0.03463197264381068,-1.663986000792005,0.5930750337269136,3.408403847740359,-2.1368042829025073,Normal,0
0.006423957558602922,3.153846778881161,4.730862064405422,-3.650769936787804,-3.5415517922329474,1.2205982875077552,-3.1041852529437537,3.2002480737176704,0.010386405272113439,1.1609694587658632,0.9572487122278768,-1.4509093912330253,-7.960771922683274,-0.523982961850257,0.8675870999450312,-0.6501259206853439,2.0427905932141055,0.2202953952722512,-2.8374359376762803,1.063204443522089,Shellcode,1
0.6274071819539744,1.2445467014483669,5.14247841995222,-5.818374505736429,-0.7830144605344445,-0.7596852008487707,-3.520969133206892,-0.6106516690927851,-1.4270986909370476,-4.240949746898961,0.16732008356985287,-0.31613700505479303,-3.6329664951324423,-2.18044112000055,-1.734896579881301,-0.13025918306149675,-0.42690863605357743,2.047308950921435,-0.08413989701444025,-1.4227817784284384,Normal,0
-1.7376382635760024,-0.18722613941156507,-8.297455465797109,-1.5807110761762977,0.33587486715340764,0.31105094297138247,4.133964586938191,-2.0129720070048056,-0.4397630440943282,4.01759220487817,-0.6837276584862456,-0.14371567410688413,3.187517044531566,-1.0277054662165004,-3.3834493511787977,1.4991180284818226,-2.2351798701491736,-0.35392088748542383,2.09466816591157,-4.087722011291182,Normal,0
-1.9056610849052746,-0.08740684557779566,-4.268980640571088,-0.21950401473401593,-1.2544044959400589,-2.406508984037348,1.705112836823855,-1.8339702164023026,-0.7461897608208784,2.6588388076405147,-1.1022307296650038,2.027210030400909,1.4725624518647933,0.8163569837244667,-5.451795291210774,1.4245336531542785,-3.2501398849792085,0.668478533794523,0.10864189325265694,-10.245445409876854,Normal,0
-0.7078275749592526,-1.040317027662308,-2.805014675837794,2.158810467215557,-1.0788198785982508,5.4149531980123635,0.3605531425409477,2.8464307517566727,-1.054892231891005,-4.297363619521866,2.3237286636299346,3.08613641106284,5.205487651399092,-0.12481801734521697,-1.6171668175113467,-1.9800432452675145,4.3221929665801,2.2883029942286006,3.4226250939186498,7.645520189927906,Exploits,1
-3.202013480899577,4.321579394991813,4.039173421601445,-3.9706635392179224,-3.8635870687802734,4.5238347550813565,1.1824187086938942,-1.0407047605983237,-0.17710656720460444,0.41987310408049106,-2.363278223127534,-1.944679197352977,-14.085951616679136,0.04396779600074701,3.7393063194321043,-3.95820551106566,4.024024728102607,0.540002948924055,-4.6154779520628315,14.186602394265023,Reconnaissance,1
1.0250375686576458,-0.7290439869920892,1.5554679874142598,1.0363176141117114,0.30912617649141017,3.162224282663196,-0.7631043594015969,1.9438223181467995,0.9483928129882035,-3.163485970717397,1.9072942576819765,2.3387681518051977,5.873665668762865,-0.7349522727717606,-1.2369726030637045,-1.8012195716934718,0.603383226825484,0.7442198455991583,0.29217438859647626,2.265254382601856,Generic,1
-2.7890652386310504,2.3660417133912452,-0.0031525641675940186,-2.4873984421384985,-0.8685945019289802,-3.619943695802358,-2.891412673004802,-1.9400837119994563,-1.3869663030223687,-0.6501292263348084,-0.8190081164590941,-0.8630070954861502,-10.760054149300892,1.4840164904288837,1.7541037845378016,0.8717700719087225,1.4555680772086461,-0.13382828319967827,0.702966013318024,0.5035380275334866,Normal,0
-3.153470935656481,3.625247968218214,-2.418747120610622,-1.1341345362722537,-0.15130783863369057,1.0315014033769891,4.545422445850781,-2.328681813714854,-2.1862783467740807,0.8894487249940024,1.9382002425310245,-0.5627031431769636,-4.026278472311222,-0.6063122569782615,-4.034953792947656,3.4124029753551883,1.1415243358161282,-0.8076692668884292,-1.7155053669123939,-1.1503725341230475,Normal,0
1.5299580506538721,-3.650531803677104,-5.499298872399451,1.4531741507432316,1.159690402314527,1.5189691618995371,2.5180778673181443,-0.7251259018367227,2.195285063680741,-1.8411778519907127,-1.289025227630941,2.734183135147303,-0.45783949602961094,0.8700845071605117,0.9953025133443295,0.49227537010034883,3.263044455621112,0.32917467307223547,1.8167850758522084,3.414424110648845,Analysis,1
-0.41905849865729694,-0.13984254685531217,0.7768944331357817,0.24714734830849516,-2.5389848780815765,1.8555181068172315,1.5516794109332352,-2.2618008005883414,0.39652889731301955,0.4643724774223761,-1.7937958881257403,-1.540007665636499,-8.29450757223351,0.5564213188236213,4.650356027563049,-2.882094999966071,3.280466125218574,-0.9415066802024327,-1.003444146617718,11.047788782642147,Backdoor,1
0.21876044312795062,0.7334748532088194,8.36441113087849,1.4765013114081667,-0.8061193126670773,0.2961825947192429,4.412463492139116,-4.603274899757791,-0.7908021222571796,-2.149016093188255,0.3606333477066806,-3.78602064776579,0.8663234361108634,0.8750245019935591,-1.8637062701349079,0.9998345526698245,-2.4956224605609574,-0.7989512101530608,-3.9870117130182408,1.8147748582835428,Normal,0
-2.050682309056128,4.70470632874438,-0.48472219653242776,3.621468330842758,0.04605866217329435,2.6136398373198273,-6.049083920450954,2.9445192921349514,-0.5605590566866114,1.2668637752421659,-0.09242057982758684,2.9910298485231537,-2.628628523069722,-0.034173479655463426,3.321208498275318,2.731418556701305,-2.8565902422356384,-0.7236309963105796,-5.441252207776797,-4.862490753058619,Normal,0
-3.1848716513436446,3.0744765997514873,-3.175459130874952,1.2576277559058244,0.7678885091276783,2.72339605242301,3.8594093232274584,-1.2614729081409564,-0.5320018754998522,1.035207933956254,-1.2591794202018396,-0.05787532195930423,1.4992594301677165,-0.22405316796308686,-2.570865432005729,2.1427278260105016,-0.35635929612261363,0.6149086473415392,-1.2856672931510444,0.6712099013053687,Normal,0
0.18229589535909674,0.8455902686471708,0.718238650444365,-0.21307763553774461,3.0079352086159137,1.1726530011923757,2.927772846826775,0.043186413459215256,1.254512745361989,0.7996740190580218,-1.3593798907896668,-4.0482900999559135,8.772383532241301,-0.5275664048972599,-0.4370887357291998,-0.1742150031763503,-0.9290385699615159,1.0599582646743342,2.3172754694231426,4.081715070877009,Normal,0
-2.26175615879663,-1.5222748424565031,-5.624471574371092,-0.34191256789129676,-2.749527527243563,2.0182218776774024,4.435147106057331,-3.03615904398577,0.12233686455728619,2.8237393041349863,0.6494803179457108,0.5757138966309077,-12.884452248576743,0.5801534441242598,4.335852352534358,-1.3576946467516384,2.683582538102461,0.18317844598052452,-2.677394086695503,8.377749732825176,Generic,1
-5.224375215117349,1.4286358166728232,-2.2685132166636546,-3.143617112348947,0.20029999304669044,0.750785158701532,1.107967351596053,0.12797187993942605,0.4554008401944966,-3.0096348749226025,1.4538591044464073,1.4438923446337637,-10.185683761340531,-0.5431732164768234,0.8226458193557038,-1.0562668897785628,4.450688457233838,-0.8542143677178806,0.06050917570865977,8.511342980953351,Normal,0
-3.0673938467620756,1.9301669601892644,4.123792733824911,-2.8833552882115523,-2.4333282820982776,-0.2795732913011191,-2.8817652136798735,-1.0218862473551318,0.061016026348572075,-3.2553484982012115,1.8973540940588203,1.68658183011291,-16.956952936455775,-0.5033486193190452,3.892238222350705,-1.9351820311198726,3.0771527385489383,0.44872288939255933,-4.407562083954731,6.654737436580884,Normal,0
-1.8955632776207074,1.463708248298483,-5.330427349429417,2.3826982517603628,3.8403543393893447,-2.5056857364081546,-2.4141678073363435,-0.9484417440518594,-0.5238185636690267,0.06895366296678485,0.12148281007163754,1.2364603341586942,-2.8820616938530383,-1.008489744441987,2.493427250461149,6.124944225614125,-2.272002870922548,1.1073550441674833,-0.7234688675697782,-6.7370820235709985,Normal,0
-1.741264611956036,3.9610638092796315,-6.815828417494184,-2.72480699991695,-0.9232846842776912,-0.993637027933425,-4.1501536080622285,-1.7439683835298116,0.49847441041445206,1.9775529342320612,-0.6979554909960493,2.1157587504264668,-3.774673638036111,-0.532042607290571,-1.6296356574484594,1.6322990671216284,-0.2600009884429151,0.49832358747086336,2.841142393252629,-6.126476531013067,Normal,0
-0.1521787434101125,0.3790216871332215,0.5473967252142399,3.5489201324825865,0.4380073741347137,3.3276201397786838,-1.6686322886189315,2.070999795896234,-0.24199421242193814,-2.3399676122795476,0.42266214347905606,2.1301947874372034,8.92423205842324,1.248342160816372,-0.6328500215693231,-2.3065832623447022,0.009570927176137944,0.5511419018528504,1.5378371036863818,3.1166706766355983,Exploits,1
-2.374277561845452,3.493491119001657,-8.038783681704897,0.0987144217999818,-0.2712409732116191,5.128963455914105,-1.7998272104257826,-0.14622212974610327,-0.6735313929333132,2.0321992723598625,0.5762413008952402,0.372201074907903,2.7843532221683773,-0.7172408266319501,1.7132882890377639,-0.24423862806189622,-0.3423274031776651,0.18976625979916914,3.052988496904442,4.572736683712651,Reconnaissance,1
-1.6267094408786953,-1.5387341234483345,-7.0333501823813664,-2.571778221517357,-2.9247354174339177,-1.6903960996223422,-2.392996474114839,-1.4220085641311782,-0.030572784342494407,1.6287027895097053,-1.3116213774267385,2.7613854345971447,-19.885821059911393,0.34437886473180945,6.290672214392749,0.2661869936699519,3.584678093688561,-1.1680002841696138,-1.201158841985733,2.5111844631035476,DoS,1
0.16752420776484023,1.337253870590116,5.181974716465961,4.427928518024982,-1.5644260799844363,-1.220434461012104,-4.481919402065499,-1.3359316329458555,1.2340867449222341,-1.5792338817823635,1.0215795333194317,0.49836691482211326,0.2666817297093711,2.4373046240101695,1.823141603977775,-0.6575186040403478,-2.172091665590722,-0.10132068454193323,-1.5668127273784864,-1.5786937857028043,Normal,0
-2.2746050939545506,1.0518645122236294,-3.501870353347377,-0.8686569390070131,-0.647069141627738,1.4651390360959526,-2.5825224452807527,0.8720943007086239,0.828652592724934,-2.665669271910188,1.0538579686517502,4.315972387364518,-8.902520506090765,-1.4527012227897205,1.374567459316348,0.5749026749922014,3.2341562154319563,0.02946571864601922,-0.9494339868541551,1.9648840114185049,Normal,0
-0.7480549463588139,1.9414711295222782,6.359788439782342,-0.7396704486716159,-2.03401668537797,0.17911143489896553,1.6961405208409566,-1.9484718309834579,-1.4652688153969997,0.5354686123953598,0.3104843795280605,-2.211805357178207,-5.161202708744565,0.6099168907834213,0.9214779945188323,-3.210633120622587,1.2290664444291326,0.5262192639929443,-3.000518162149674,6.305942171247884,Normal,0
-1.2323029830496615,1.2453425207360527,-4.34296574891811,-0.5828095114866261,2.6350323959753585,0.5655540544130352,2.898317854336577,0.13010434003546534,-0.5607320028559994,1.355904992764761,-1.7444880584627906,0.3999478777782144,1.0096328712231082,1.2971344548031731,-1.8387008013100692,2.9068014203034114,0.1848739132602455,-2.0911247003690248,-0.2856538837373641,-2.3745947586046894,Normal,0
-3.4783019965828883,-0.8810982004163077,-6.121103694794085,4.12131287315952,0.42367007985489513,-3.1511018610732133,0.32768538641543365,-1.291087588417051,-2.8857502436841536,-0.060316470196587035,-0.3439030610443093,3.688120245985246,-9.376119601420967,-1.4061751862672949,1.6106469358059392,3.8759687280641573,1.2222215814535207,-2.542519032310562,-1.6112102727544204,-3.9132202702851364,Normal,0
-3.1474337214391293,4.247982798818338,-1.413921456284949,2.689494757305518,1.592342115785363,2.344334379602987,0.8252924415432537,0.052723030035249696,-0.08799424784569565,0.8564702699920066,-2.2467509439556443,-1.656077891534791,6.30372807236952,0.3789275656833261,-0.840215036422824,0.7420266139974311,-0.764487061848975,-0.13030062499669742,1.2657328164834665,2.965944393630426,Normal,0
-1.0975626308598818,2.167321932257046,6.9380695346612455,2.4386572922252094,-1.7842521424173006,0.7800624212856204,0.5989392376282049,-4.774875429869007,0.3263376613142739,-1.1653403123772819,0.03374040393854947,-0.7395865360257483,-3.9933923400161055,-1.3036068420696652,2.5680043358108464,-4.378900098239212,-0.14152265717198165,0.13071971171144806,-3.549792040320015,8.380152073353848,Shellcode,1
0.7000290626640671,0.48684095754147183,8.268071094395177,-2.4206768829589684,-2.0785219395194297,-1.0890795424954685,1.5561908048838309,-1.2272626601991004,-0.2650687890032384,-0.7899535977560159,-1.0154328126346357,-2.895481528208004,-7.727712020751144,0.3222133336277345,1.0831936038222296,-2.557177787848996,2.6017356470552637,-0.6595830924082117,-2.8763455224228194,6.051704584797351,Worms,1
-2.069705288096043,3.3382071877457626,-12.506662782851059,-1.6742776729584352,1.2520032418602698,1.825515969548427,0.09889963100999233,-4.01147723626295,-0.6480079851831785,3.2335118269902523,-0.8756311611257722,-0.19597279393578648,-0.7871648585447103,0.37904744964020637,0.5333200375791511,3.1795163870510192,-0.36178828865326107,-1.771503859021427,4.653448987265731,-0.20707091251429288,Normal,0
2.4897679621044917,1.5929452121859673,7.004041522902739,2.018260933589829,-0.893809210318666,-0.2080034550207439,-1.1731945148804328,-3.3468988055833195,2.045439802897123,-3.1648399264294116,2.115004883565822,-0.3881526760351446,-7.027512586264027,1.230072639089635,2.1129544014088077,1.6887869573825902,1.6487016844740825,-0.4034096213136703,-4.092969844564895,1.4385650216996493,Normal,0
-2.9426504387960684,0.9460139240060159,-0.057766751989013265,2.6420149536362976,1.460281418217566,-0.8170430929345285,-0.8100122638522929,-2.1713088628075923,-0.6874571386709633,-3.5962845038935054,1.2850398951980293,2.228082839075655,-3.085317503390641,-0.611776260334169,0.6383115566909969,1.7915096083653523,-0.7600151648693645,1.3633229841164147,-1.648524286389747,-0.08544933510177422,Normal,0
-0.8721965401160442,-0.4426075808351302,-1.4928275629837435,4.206093987681935,-0.2634413993106163,-1.5134556575146245,-5.6404339867731075,-0.07948931141924276,-0.7424448597125031,-3.8463548319772207,0.07861262596654432,4.195857231422927,-2.8464852443552155,-0.30034054830926843,2.3932172967006036,0.5953258436477702,0.952571483403671,0.9366809444440224,1.301299315073146,-1.3037551688853497,Normal,0
-0.8412445143317427,2.323380753895338,-2.604944087006131,0.8077079624726418,-0.23049678003469043,4.9419576669818195,1.4752239512166534,-2.9834860641511787,1.0869595052321475,0.7265157083212572,-0.7563253875660374,-1.0082367728798565,2.074834279493391,1.421022042741208,2.5763653718785386,-3.347795624682784,1.2772757779383421,0.335350026947146,1.7391336429050717,11.301957211960513,Reconnaissance,1
-0.54241213141348,0.6295601525322667,-1.5076527556837382,4.9532742697593735,1.6497660257932187,2.89225934909311,-0.4747047421287421,2.0793108397405655,0.2692772737968871,-1.2819754484776398,-0.318070305711861,1.5229376300916893,10.310520206850928,-1.0520081577890477,0.5218211123682968,-3.9993425537322267,3.006502071663502,-0.6546629736705405,4.5183600018491195,8.246574700961093,DoS,1
2.0553271243903257,-1.589406555965072,7.902260258047592,-5.335008796707823,-5.399006951588137,-2.2073650255142,-6.31371959480209,-1.3430238271147048,-0.0949992964107509,-4.556733934207465,-0.9463281691702932,-0.6960570714322405,-21.45677209697245,0.39680628159123654,5.451106873298423,1.9475967029534504,0.48263990318455896,-0.7937059803596388,-5.637968233903183,-0.7448308839170107,Fuzzers,1
-2.871029488184992,3.167851865193369,-4.721803301744224,-2.559130002143445,2.987670300148082,-0.07624460312134529,-3.851253957410786,-0.7030006051804042,0.3564470675268452,-2.8892202164503207,-0.17003998472445972,3.018521202716613,-7.043394475557265,-1.6394878749236417,1.3067613149626858,4.082469030443084,-0.04434101514116673,-0.3008319004712926,-0.6196820796965912,-2.7213449808729804,Normal,0
-0.705659776037669,0.9064097426861479,2.031944946573672,1.213546118040278,-0.21708201625004775,0.10666017848301967,-4.895057070208023,-1.1393604216960447,-0.3151331697400649,-4.5219243664491735,-0.28399994328688083,4.227089759204533,-8.41257282855402,-0.4029510756171176,3.3273971918052876,0.07981289189766061,0.7188631166489405,-1.3426410837987417,-3.252421335214497,0.8694611806909669,Normal,0
0.3167422229721657,-0.2884574085551497,-7.9084991409702585,0.513915869971918,1.242461452094679,-0.9613083020717101,-1.5432404715075312,-2.245550499889599,-1.4335068889800684,2.6737424269687997,1.0229255033526945,1.13643460816684,0.061289678158580135,1.7259579717603675,1.7443081239616594,2.515365310242475,-2.4363057447159076,-0.49163491358584543,1.9196289426646969,-5.142851721089043,Normal,0
1.4359613105631635,-1.0928826198435448,4.2941662225838,4.001282341432057,-2.64277362074779,-1.7584510894354883,-4.571035266505262,-0.5122007434239166,-0.6533908347533266,-3.8098215751689444,-0.3356767379037513,1.3144589351555287,-9.39154663200151,0.837968841977436,4.663229391763522,0.524842443001933,3.2503435695586016,-1.2644924064722456,-1.357590813263474,2.402126046503503,Normal,0
-3.0220012173979103,-0.5161777110900663,-3.7802967533495218,-0.14975686471782845,1.0326957960326415,-3.0750781371223135,-1.7985210301107983,-1.8351371841409425,1.0905681467828723,-4.3344819371386984,-1.7548290597350802,2.6172306464799435,-8.875205065702353,-0.8143183987396746,1.5461121661848436,1.0177227970672043,3.834179661151932,-1.2112181983000634,2.873802134214124,2.8611388872472814,Normal,0
-2.2589072142400677,-4.323426095104255,2.757166034030818,-1.0983133670628817,1.812235965762441,1.161964895086349,9.618762654384037,0.7845179482072444,-0.2739500165702044,0.21994140442016175,0.5616653288263578,-5.19929259014339,17.251760844615074,0.27412900618376757,-6.045791155317449,-2.598733798327339,-5.6497091668323955,-0.2954331384976787,1.6701491260435288,3.0193449489531297,Normal,0
-6.67173555907963,-0.34126071566685146,-12.228955332120016,-2.0804898691276965,-0.8046082328073265,-1.954507429964251,-1.3369681861089724,0.9474807865194119,1.796405855159646,-0.9865785747752975,0.01661540467044677,7.043964635798778,-16.480456443705066,-1.8358403176645526,0.712688561490425,1.0970099023477047,5.484459468900601,-2.3224870505935393,1.5308715932032548,0.21005831231583105,Normal,0
-4.912242890330095,-0.10964857737153277,-3.1918719554143715,-2.966100735485628,-2.9313278059320362,-4.253241675879221,0.7519957633781056,-2.5504125554867927,1.7073811047544476,-1.4412652972687636,-1.5826596719743449,1.3667441136800116,-17.611327606320685,-1.145022237757557,0.18288866531681136,-0.18373114343855157,5.278530526710778,-0.6810096727739703,1.080429573573718,3.424617460133654,Normal,0
1.4494955193151435,2.012804776802706,6.263045576518431,-3.7099605436509733,-1.5146770934144804,0.10227739954949322,-2.761185162996635,2.9470481697400857,0.21142122854004194,0.6899111408788525,-0.004859612783917099,-4.212750085797697,-1.6635488150999374,0.3099509788444218,0.9277756282327598,-0.008380993619934163,0.028507804501756162,-1.3170336937142253,-0.7952493361075583,0.5535708967743238,Fuzzers,1
3.4169485350289763,-2.9611634216889744,-2.2326538416778625,2.5260880407891575,-2.0627654290405784,1.2126562047569163,-3.3642972319765616,0.2786720681553013,-0.16652401270302583,-2.2802054147927335,-1.2792974977895843,0.7153240776326009,-0.5119542358615932,-1.251470562361394,3.118629975049975,1.2260021369466716,1.9562395493621618,-1.025329550768051,3.0549047545606727,1.384503019077449,Reconnaissance,1
-0.021831010504301807,-2.670847847107779,-6.174714696243831,-1.3680498304419384,-0.6895905638508717,-0.3810993839371424,3.044556274466429,-0.4684450034087221,-0.5309256971590914,2.307320720779301,0.5259545831479395,0.4898450995086172,-4.9008455265465845,-0.1594276466325318,0.7487614846124768,0.38275739183168334,2.2230153543424587,-0.8770269538606338,1.2119653745646692,1.1062924639019074,Generic,1
-0.2760286489315106,3.6454930377577544,-4.884356733607777,-2.6022585624876835,-0.28852370427456075,0.9254471293402546,-2.06183698751812,-3.120003880748035,-0.6832263748373683,2.419412109749539,0.4350034496746448,-1.942472827271325,0.09991424858141412,-0.7906351034457483,0.6217731208069588,0.5556830489682151,-0.7401433845709368,0.7512506631054899,3.805404368149091,0.6138907623564105,Normal,0
-1.8234474726735244,1.3484943018112006,-13.071720779965602,0.849625083820424,1.0965360930146337,2.152086128988288,5.375892148726764,-2.6504138262571377,0.7348451931294571,7.295391466936185,1.1517603697548982,-0.865564943222839,0.8271983643737575,0.6231200983196872,-0.17515429116717707,3.931397137712249,-1.2729168006312641,0.19348684759525261,1.2287593272688357,-2.283133688099811,Normal,0
0.7448504125937583,0.25202154412935185,3.975773388332614,2.6179155745547167,-2.7690861233753683,-4.031071969381042,-2.4761104249414765,-3.550037286932415,-1.5360898326199077,-0.3343041435175078,1.0894327982220253,1.1475796994256613,-12.008614165331945,0.7452511086442049,3.055771921171758,-0.005207898769491015,1.6058919453977307,-0.3275938814999255,-3.2036983104999512,-1.3731375242944033,Normal,0
-0.7395623132513356,-0.3776433671707451,1.403384194266172,-4.096267043865705,-0.3109757799355628,0.6762148326796111,1.1685743827047823,0.29186747996953,0.4948260207117803,0.22105839026615626,-0.5193677110823623,-1.9113138130793883,0.6927590291349248,0.2968814960997085,-1.1561952684409542,-0.624477940115024,-2.4969618130674656,0.8553770810259596,-0.7665201696408026,0.08877983325399424,Normal,0
-2.347013575549626,0.8785525653343486,-3.973194740372206,-0.3197132960653466,-0.36230825195178185,3.062796772799296,4.15157767961817,-3.1522529409272,-1.1200606219974578,2.2333463729130334,1.4890176597125866,-1.0922493689320867,-4.793919224925468,0.4775256411263925,2.686247885058233,-0.8048257142721342,0.3856258465779352,3.103201276114097,-1.6136961360894508,7.777554266346872,Analysis,1
0.051459441388946425,-0.5808400161615284,-3.3040678092211127,2.5569454786363743,-3.1028770691777616,-4.585102026924798,3.494273159745247,-3.4511953942906435,0.8353938659852992,3.0429145323210234,0.4735735373322883,-1.3437317199494183,-7.60505616041011,0.7681257118783844,-2.238298035949793,3.871618049273795,3.2068594656717897,1.132068339047842,1.4024456976419786,-5.050144479350324,Normal,0
-2.648430238252222,2.61035494703501,-13.840061565309465,1.986012417874918,0.7005128587249992,0.6515489630102869,0.8170036401185365,-5.76811492331274,0.8842171709772725,3.2422361544081637,0.42238390058315284,4.002752787507357,-1.0406059508018939,-1.4342654089613989,-1.7230093445615928,3.8105479800825357,-1.7113067691382984,0.11494012037700962,2.214831464888229,-6.4253573772616015,Normal,0
7.320146406964015,-1.8723784160112795,7.209803614695182,-0.5071412694810469,-1.5159212683505614,-1.7292739738508733,-4.274869058623318,2.1865570517267674,0.7611413126527503,0.8964920184347731,0.6333385376116621,-3.341304545754192,4.734909012015124,1.275897384550694,1.2214345552786967,0.09875886044914428,-1.2690629410937846,-0.7543359103240641,0.7634379891460741,-5.205644237970188,Reconnaissance,1
-1.7689224124463783,4.179858007714534,3.484459412655858,-1.6151619274856246,-4.458231112970484,3.5598227090586385,-4.875725695103854,-1.4618403730603307,1.032815996755306,-2.061261921675899,1.6800615248022515,3.2685619624192546,-10.364363849138726,0.8637663853644267,2.6116145546296536,-5.363146282009813,2.728590000775265,-1.021627588920566,-2.8644871242387713,8.130024770080277,Fuzzers,1
-1.4797565296509143,-3.2985676076217825,-6.357734761761031,0.6811891260206393,-2.3956128904095513,0.38591798798597055,3.1553574230305306,1.0262102344865358,1.0833692963605164,1.632397690124757,0.3871686266268043,2.265328029001729,-7.0410770934461695,0.43442511537812484,1.814214130479631,-3.415338350980498,6.3422875870082684,1.566052098366138,2.408006267501908,8.067875118042716,Shellcode,1
-3.6463477433212836,1.1971309571076085,2.056723726370806,-4.053843258791229,-2.1359719777849633,6.033564973218436,1.4793843533840987,-0.5842216236202242,0.4139051242353922,-2.3303591999749416,-0.3235415400584148,-2.148584940997023,1.2955110029933667,0.9018850682078121,-0.25981664634999424,-2.9706241595055802,-3.119657560340353,0.5043796726601891,-1.429342888985751,9.076129430122357,Normal,0
-2.949151723649806,-0.1643242539589651,-0.08951568403472665,-1.0507976325000667,-0.3387451450578137,-1.1585689484743416,9.325732417018411,-4.043990293867946,0.3028749006584418,2.497505765484712,1.0043935609356778,-2.5601190008473873,-8.559458034352655,-0.5804781804461929,-0.8219031101535417,-0.6673801474656782,2.916597360951046,1.765707148506563,-2.797946883755179,6.712799432696787,Backdoor,1
0.016110246533472372,2.06370854492898,1.8652263233050976,-3.4256216672710584,1.0764092184686038,-0.6887788892867208,-3.134176458538974,-1.3683924089837616,-0.465384548933506,-2.903477889467842,-0.38525601051275515,-1.7003713706477894,-2.0784962019417605,-0.8439647906271928,0.4093724407429158,2.137628954050843,-0.9920196094536732,-1.619452363658364,0.9865707212200066,-0.7193984367170518,Normal,0
-0.44593512576851113,-3.110826708389684,-5.09629851189144,-2.266392014807367,-2.8244179586878806,-4.834309121246737,2.8882343826022714,-1.4497060771314296,-1.1029294886061451,1.3863943479958678,-1.3584113413477445,1.4746184718792996,-16.988148823217315,-0.02087728092190075,-0.1010475287569439,2.425024663179663,5.981909375416343,0.13214375719132812,0.15230655608296528,-2.2888817390384633,Generic,1
1.3240595796365433,0.09288656308463494,8.640397559054655,1.5187336564710572,-2.1814390774568246,-2.2161781419764,1.5536865462608003,-3.708139383194951,0.06369720465318252,-1.4209231801699613,2.0570282489712572,-3.34313335200212,-8.64923997990983,2.6333835654016435,2.6854639483712517,-0.699989874934509,2.3355093523552877,-0.3281471030911709,-3.180816963627483,5.605090566008914,Normal,0
0.1666071935560185,1.0202271060460204,-12.184213570755347,-1.4509950525475865,3.114133008147537,1.0033182692266032,3.2323393898810218,-3.8624482492905496,1.276289573744115,4.360365874336779,1.48588754883218,-1.4587599719444562,-0.4907573624545513,0.19730837768698647,1.3220244342727185,5.021744030044763,-0.4310950592045244,0.671507073057702,3.053938869928185,-1.5058920782470928,Normal,0
0.7927612150743867,1.3407243100630017,3.3828265532493083,3.102806259753376,0.21488785890999873,4.568328003421385,-4.647711222632918,0.7000175204814275,0.4526576388032423,-5.475440298028912,1.6191445538188523,1.779919861160947,8.009802982778092,-0.06867285406832548,0.8729961575545241,-1.451671328508222,-1.198753808246149,0.12540967271338568,0.8325472079232312,4.057332260070484,Generic,1
-0.4319046251039944,0.22841974456180902,-1.923622136433112,-3.9359237274534107,-1.987067287479718,1.4925333450294003,4.35580444658349,-1.5679996194139827,0.34702407727468143,3.578062161236012,-1.6319785685202233,-4.196309211811714,1.9032936877855997,-0.2670083650374359,-2.745221680081576,0.188568916941235,-1.93689882963921,0.05105475379079683,1.118642467330237,0.3474812297253776,Normal,0
0.9128362108744542,-0.4597481960526001,1.1105827424336905,3.231053992281724,-1.0710950656243015,3.3416136417897286,-4.24480706514891,1.0776424213511684,-0.18113208997942534,-3.3645189345770845,0.07683277500661805,1.2865567552516306,7.801428388295996,-0.6213183752433622,1.539571672936499,-3.0233738670558035,-0.4727797921790873,-0.7276225128500117,3.0386557139346198,4.867542201351515,Generic,1
-1.3162659728404404,3.6426816740296495,-2.649848969318184,-0.5773528522040252,0.6269171416437924,-0.6434949662811997,-0.4268883101726282,-1.9403205129580878,0.6081375537713583,0.5494076999553095,0.11994831716388846,-0.2782039878726761,-2.9287509625266614,1.0005439574691546,-1.8004728324506987,4.504301774418565,-0.32079275050239975,0.08602084893636384,-0.18038401075139276,-5.044708744194152,Normal,0
-1.9045970463550401,1.3278888887209954,0.45743300889838,-0.9717394889912914,0.9717797908054799,-2.2196527777309276,4.702372883244285,-1.6611473697604808,1.0026058602262553,1.1184972979318615,-0.37200020411046164,-3.5988111004216057,1.6843485629462713,0.28800209387326253,-3.328578092645837,0.2990892135810852,1.5372606136449245,-0.018840300672472405,2.5221131145535503,1.9686226084645249,Fuzzers,1
-0.5413881467185335,-0.012133232001736882,0.028362642391690507,-1.7289921109389663,0.5756908379105714,2.2993216402615566,-1.320361528257037,-1.1889706070912227,-0.3948483695674869,-2.0449586075404382,1.2267854255586774,-0.8108585707704274,0.42541474214499375,1.131165893697313,2.2743323334652796,-0.15039088278776802,-2.583950278133061,1.4245144808548083,-0.2873247266479042,3.3857991920898836,Normal,0
0.38503822523657516,-2.0199758943737653,1.006154088566308,-0.6278775040115787,-0.6914913993670752,4.087348846507592,-2.4033032561542473,-0.34584077498795374,0.16652917310247747,-6.214603148904895,0.40848936006400427,2.5268876027971086,-6.407513722363598,-1.6615340699006595,4.4902007821837095,-0.32940672552800476,1.1293473313683262,0.33973352262994766,-2.296222575173529,7.421844530182758,Reconnaissance,1
-1.4717527181483767,-2.5501784324242918,-3.0724234124397025,-0.43797469198260197,-1.8958963906386854,0.47619304393747575,4.751377271091676,2.5581643212390217,0.5580647685685017,0.5289115329307736,-0.49227079402366586,1.5412058007568945,-5.199658858256953,-0.4458598349255892,-1.3777937933829154,-2.4408410485188115,6.878027195536714,0.7897052408187969,1.3642674197216214,6.473082367761916,Backdoor,1
-3.9498702183963763,0.49378519430371526,-4.909486241444689,3.443532666082839,-4.212117306573312,-0.48102567575955313,3.967469081108775,-1.8991487953874442,-1.9458117700615774,1.9195803525203483,-0.49910349080404093,3.230625597033805,-4.240309158386916,0.5703916552010759,-5.505333475708629,1.7130829848946543,0.8939629518627694,0.015131077348556518,-1.3124736154080452,-5.439760558087256,Normal,0
-3.9180610234856745,1.9431427043272147,-4.450799722630564,1.702073098279023,1.5115376671544216,1.1915810473453967,-0.540189449360793,1.3240247180268239,2.111782350631641,-0.936984424950192,-0.8622415228064552,2.8414174510146823,0.8420283910295354,0.25967101593177006,-0.13465090529360157,-1.232622653411302,2.322504972969778,1.0266820744716394,2.063420659168338,3.9659498975391703,Worms,1
-3.344589566939066,3.3570265964475645,-11.321337962029979,3.5378580896228122,0.7769115433133889,0.22154600625055076,1.3293646747016805,-1.8158894235976126,-0.887314365439144,6.75967300726499,0.8917642799146199,-0.059265594454858794,8.283279866383756,0.6616537667157233,-2.116165766475406,0.9230934963224139,-2.1877121207573476,-1.854136477154648,5.06403671451853,-3.721354990157861,Normal,0
2.3894911655187645,0.8964432963238611,6.77808711387641,0.9912711885322999,-0.2188467313686271,-0.7022947809710232,-6.488282599084892,0.7961878653500057,0.37707471692532485,-1.840121111252075,-0.48894142215976494,-0.6841681401014856,4.814209616792738,-0.8830872550109937,1.6938780950413028,-0.8454478735044737,-4.014991113790588,1.0234263666161731,-0.6854777318120355,-3.522320857579367,Shellcode,1
-2.0883550621591116,1.5480746276629431,-1.1646020521692009,-1.163751327862178,-2.3264160764680577,1.3739889456013092,-0.09269077702031403,-0.028117603130962232,0.9999728306429334,1.0329298145222205,0.34474457819095483,-0.41046966455770684,-7.312224984173955,0.49522980344350576,1.8638269762197246,-0.9269509825770739,2.110191845632792,-0.07187984833629374,-0.7908477378164186,4.873797009641136,Exploits,1
-3.709311116940856,1.3154296159989516,-8.329472631614172,-1.8406822752680005,1.5491297307244565,6.235159172336712,6.530280978094052,-3.5318725355837883,-1.7837586761873825,0.5701369348813454,1.4255356771528067,0.03148160993137461,-1.1001417816668673,-0.4893911124239613,-0.28733660330599564,2.2175653450946804,-1.2531456357902664,0.15531033394785856,-1.6391610060921988,6.029474059200371,Normal,0
1.7898332557728303,-0.8563902772889944,-6.523797989773389,5.006240726310666,-4.300878595186528,0.5028992988561634,-5.755207646812475,3.630982134116417,-1.6233169223424844,4.750268334335496,0.11937232666396394,1.2186988940222323,9.362922868982823,-1.3514964119272816,0.9809844879472973,-4.204360595801052,1.5478749939480791,1.263374815596718,8.474411816262354,-0.5680537612960044,Fuzzers,1
2.8505502574509745,-0.4431972953367824,2.0498802184040814,2.8518939171954063,1.4830988915621952,-0.8329868322584768,-2.910180295006845,2.3270808048027005,-0.46288113153134913,0.19373487629942532,-0.7375618941693329,0.1544686379574578,11.030943884650576,0.5143641995467549,-1.0327603361737259,-0.4371839978350768,-1.9667886602309594,-0.7847294673610576,2.1913434162730625,-4.841343384022564,Shellcode,1
-2.5564905398540274,-0.33710214019932394,-6.3597049929825715,0.11323765502586847,2.52403380325248,1.8986792887205712,9.88906220796703,0.25008869334021533,-1.1338517369605237,6.302077989223665,0.5578766442638786,-5.002252226255093,12.135744967153236,1.024455347043958,-3.9248327939058814,0.7702205831171578,-2.344633789674743,-0.8081745841977696,2.6970122681636055,1.8260003144065604,Normal,0
-2.8043101138277473,3.101059109217827,7.026920648188084,3.575431351646322,0.631078262423526,3.0277012413630366,-2.811004742724837,3.742262815154964,-0.6554927127836386,-3.4625968094962736,-0.09371867695910273,0.04528436003561742,16.049055559191316,-1.2040313712785795,-2.9222958134659596,-5.853459531132302,-1.70179057761821,2.0609713851557214,2.4488384341170453,5.827074803943543,Shellcode,1
-1.1856672146289382,-0.25045262044183114,-1.3820878460101054,1.8586287920597953,-3.1693796559076413,-2.184449919045673,4.958408672179699,-4.677380353619633,-0.06144568092050759,1.157018304338604,-0.6389548508027719,0.16378713374130305,-3.3012551562760133,-0.5984802264241189,-5.187359782282033,2.070754057688525,0.34099109888080137,0.009060053756755178,-0.5349420849691185,-4.881607397931801,Normal,0
-1.752272385949895,0.14172423431662962,-2.0641181620336555,2.188767687543132,0.9626526679626246,-1.774114860891927,-2.813923706054947,-0.42373441498885334,-0.8493170046245121,-2.7896504526086066,0.2459005514683208,2.398351644026037,-8.81035419593998,1.0766175886664322,3.583131014999512,2.8173334336805365,2.0808509456647126,2.301517677070418,-0.8733956816675922,0.2770334055011958,Normal,0
-1.4514170889175988,0.18708962104059323,-1.4924141026294513,-1.0149738870652276,-1.966106825665191,1.8563001761895306,0.9028098153347232,-2.213914179853452,-0.5055895399975447,-0.696997693079632,0.09411677168073421,1.3579843604733082,-11.524319353834668,0.30676583466209273,3.9147777528252106,-2.637099905570354,4.300452198388792,1.3329818101775455,-1.4445257468806718,9.83092905963693,Analysis,1
-0.2777352843625257,2.0722483542877543,0.9487499914254008,-4.638133359202378,2.4815575164368253,3.5139217250799244,-1.1020107547658808,0.7449258079328831,0.9603222190656966,-3.736924811940834,1.5247566638184626,-2.045939948193479,-4.528698832169067,0.0902751438037228,3.11421667469235,2.5712772977590617,1.239845020796459,0.9301022619192679,-1.0705365086588037,6.457212639287674,Normal,0
2.997050050025731,0.055843916723722575,2.331308300358411,-1.774204557416294,-2.95712945190535,0.548045660318349,-5.747334578257423,3.112241480347298,-1.1282563407019532,1.099800899496169,0.9835046171580215,-0.3728780736374414,-1.289116500103366,0.8666625575835016,2.0273529357097493,-0.8805093899423919,-0.413020985489134,-1.520170102559706,0.07901293603738213,-2.593453681469763,Reconnaissance,1
-2.365729315749133,5.2070934774011235,-10.12397508762445,-4.613631672102972,0.9275886841215069,1.9879312104726856,1.9729013847796188,-4.437745163786762,-0.07048732642763517,1.3650228588198055,1.1024406317817634,0.46763741858324437,-3.507289890416714,-0.21778386129827348,-3.8329891091491213,3.712458481901953,2.2398143765684853,-0.9337167905851166,3.7289985498157616,-0.9594916471326578,Normal,0
3.15581479460678,2.897336038997013,-1.5068654303115232,2.5445279911713747,-0.05194010514929248,-1.3893880856923189,-7.019182192337254,-0.3183164594806207,0.18251313767482133,-0.6653267451299915,-0.6454771776486284,1.8051454505545963,-8.743846933502377,0.1956125186384623,3.628541283670249,7.090600141014438,1.654811210574078,-0.6725122630100434,-1.5789363153070988,-8.263691981724495,Normal,0
-2.4512896621250913,-1.5919758895010365,-4.218106443098337,-0.11332187760409784,-1.6712417104390593,3.4338237390731114,5.575362754507228,-2.439333069076042,-1.8403785910958146,2.844951630326805,-0.09119664726125092,-1.440123389481299,4.696293104152251,-1.6739087145441782,-1.735387802316435,-0.7390082332825052,-4.902594625224915,-1.8440126216583699,-0.9353517752466787,1.3518477602993664,Normal,0
0.27540994178418976,0.25817088596946336,2.6733623794654164,6.011646577221663,1.5153441943670147,4.308965755399418,-0.804585847871957,5.333497384135036,-1.3420578060448387,-1.085891549646608,-0.13754246746483606,1.1341883409046338,20.74394004714271,-0.19785642882595886,-2.361816797092418,-5.396976481002726,-0.4323007115189761,-0.955592103639267,3.667197452762957,4.882577663101192,Fuzzers,1
0.3198311371587361,-1.2823616505336526,-1.877427510806809,-6.2187947353589905,-1.1583684130342333,-0.008632573057138382,2.3414540945714024,-1.1727318418700963,1.9653971848327059,2.074732508398789,1.361074975736483,-3.2166655172612937,2.578116292209147,0.6069747131714861,-2.7979837895139936,-0.9120194115918192,-2.473515067301924,1.2152901726375547,2.7615337428394757,-1.014915717765676,Normal,0
2.5940661927072233,-2.864531817429201,-1.131599535563908,-1.0633596787418762,0.24968132593733317,2.1883485445379374,0.7987895486905092,0.3942901393122219,0.5519098503466282,-2.944845392130741,-0.0240263262179077,1.6860294296959184,-1.5968567547605717,-0.5275536981396111,0.451525067000327,1.4061775878446867,1.7590980681473072,0.567524250303832,-0.50386671539473,1.0754072211773682,Backdoor,1
1.812361285979751,3.1295768252103384,-4.03669616898793,-0.54341238137235,3.123853339117714,-0.6284610059164004,-2.424193006490796,-3.088409480308123,0.6277706757271868,0.24010851003204148,0.4641695003443852,-1.8844331709519144,3.442372455406364,-0.14870890021863972,1.1538446802200526,2.271675012292416,0.9156619352720083,-1.6339520916417691,5.490390447561673,0.24774076626806574,Normal,0
-3.1961955850097934,3.0866410710415058,-9.93376349486753,1.7246885112011001,-0.3774033033537436,-0.9023048901361861,0.20778792917324718,-2.551312881674591,1.8872134301648316,4.73134429771645,-0.7683929477727645,2.224600716025877,0.18272356490553632,0.07355207733421328,-2.8154223888065113,2.905416340394363,-1.9313347224881627,0.2316481937225638,1.7463559048330957,-8.09975492880231,Normal,0
-4.752171357894687,0.20398876722646508,-6.405573612241345,-3.486263624288572,-0.027371297295286867,-3.585501574868245,-2.8630777957565363,-1.2619960532720553,0.8764954501520517,-2.8995714335930094,1.8642087960727245,4.274661587568449,-18.219516875746383,2.415849787083634,2.678865517465735,1.2201532853691792,4.66596679469834,0.776963359991937,0.8461478442699213,1.6676555178623826,Normal,0
0.8034952505376343,0.9236479614488058,3.7589178649330166,0.8822255546585747,-2.393799943836482,2.210120717950538,-5.9305557751390525,2.2098645162560278,0.13045342520921724,-2.798837174432933,-0.11033610837671276,-0.22157828841095983,2.3359413978530257,-0.23193741789128622,2.1013538752821326,-2.2347413137164445,0.14333972040131293,0.335824511969017,1.732601161052021,3.726209856285367,Analysis,1
1.2267342691215526,1.605524766370443,6.711753900788199,2.702001242238638,-3.6941168412764487,-1.071289208289891,-5.96101404927692,-0.4504326718420678,0.5031197819620602,-2.1311028856069036,-0.7205959118163332,0.08630834601826654,-6.0748873355013275,-2.2551457211251944,3.2497218370623955,-1.464342863381761,1.532276233465231,0.40588646541969775,-1.2296209036375725,1.7701100837219297,Normal,0
-0.1941257479541032,2.301965449743083,5.024589341670177,-1.818543006437344,-2.1566732592899758,-0.5537034538276042,-8.85571762552809,1.2414239555151823,1.0496870190091954,-3.366252494484985,-1.6425881343852125,1.2549359238345656,-12.992124300089039,-1.1587854646590234,6.822361832593814,-2.5429418955418224,3.120957265091751,0.8287853955022866,-1.415918749330745,6.011395004832629,Normal,0
0.5960367135607165,-1.7015810230590231,2.5461487337865107,3.852582030540609,0.9015115330041263,-1.4609303928191393,3.104567480540135,-5.439350948365693,-0.3286526879526677,-5.429195869323806,1.3229805704178166,0.8230712716784152,-1.3811733259707548,0.5513691503202077,-1.6228168796499278,3.333643263366136,0.20704721333959886,-0.6669183301927487,-1.354113953685925,-0.7248925579744211,Normal,0
1.6618371775179863,0.3099880130534144,6.871967151454286,1.3559445840668616,-4.272686108416038,-1.4398191842281656,-8.039857865297517,0.07493155408481811,1.3803195745797507,-3.471580968600158,1.8577258289483811,2.524605408580965,-14.795169320295182,-2.067266069058368,6.855666456700306,-3.256113461535305,4.347149427106501,0.9533783388016771,-2.685686747585765,5.269777105551842,Normal,0
1.0776499364064969,0.5066512137940467,-1.0253378715512595,-3.136053243935991,-3.8728890892820127,3.9730073342626633,-0.12275627486927188,1.725489639859251,0.17674475603449596,3.07944693434911,0.30560001014829036,-0.1313634393880676,-8.450194448885995,1.3498605220145055,2.8772282490385774,-1.6986895610339365,2.540600104483161,-0.18257293579481626,-2.7690070594948883,4.682578673485585,Fuzzers,1
-6.338988254504058,1.0087676152926095,-15.52465594533117,5.468125289414011,-0.46383612747138847,1.8342336714483922,7.78506020872288,-3.063547122815251,-0.4556045025388133,8.21480312711105,-0.9518014590450429,2.035684947881704,5.057530152383674,0.2904021374361527,-4.379780382947484,3.538995062973921,-4.515490336592523,-1.1017420180435937,-0.025168190944875324,-6.975997525314251,Normal,0
-3.0274554920976033,-1.3615348944587886,2.9847928341829633,-1.983452589869946,-0.7145995455116956,1.3949788568611956,5.356273675590492,-0.14898098063643372,-0.7983686328937818,0.06649872394189749,1.704794157624586,-3.861009976712026,5.412792861228109,-0.6438487710736684,-3.3249995392063503,-0.3754135580245681,-5.088811159431191,-0.25431011527797415,-1.8474175534539174,1.0558379235081605,Normal,0
-0.7936288788088854,1.818027608554063,2.4306053931919607,-3.2703093404229637,-3.7329323167753232,3.8674312917167204,1.2559007688324022,-0.9196921510639378,1.3239118518134927,0.8869624970118426,-0.8218116480737336,-1.4668524020340188,-12.311492474783304,0.9390115124426714,3.9993601905210934,-3.2223732623996604,3.83033666856584,-1.5956145290313493,-3.6312602612274514,11.54639923365731,Worms,1
-1.0212452415723527,-0.7995422739639819,2.456604318102933,5.57730402733605,0.3084434166295009,-7.195891562849283,-7.628956375853342,-1.3227881943820041,-1.5360796770382268,-2.535215965634838,1.5801836662744895,0.4809061318325669,-9.59593515825616,1.4891650633595008,7.807747094433139,1.0315283405826465,0.6246861594584827,0.9534512982258619,0.7534960189781921,-0.33583526669201547,Normal,0
-1.0232477374796778,2.9508061923220654,-1.0581957493968481,-0.8380557089241051,-2.545272321697106,5.674675550289505,-1.0871931665571888,-0.5243171488090262,1.474827768995568,0.5391938821933311,1.6628933102161827,-0.8238114225672643,-5.17537949958124,0.32095507744910967,4.6396771088959845,-3.5697381343092554,3.349455090688643,0.6168729245846997,0.08182511247041258,12.990453148904413,Fuzzers,1
-1.064553665375936,1.9660443605376097,3.301699932487447,-0.268763730012632,-5.632770778736055,1.155786531812688,-3.159413759131985,-0.03449331937091937,-0.5201524864952068,-1.7788454366187296,0.6897841481354932,2.0826707850306754,-7.383945325135766,-0.29521638782423004,-0.7454077081637052,-3.4265430043219727,3.5538246126153132,-0.05792120316351218,-0.4540728113537462,3.6025193678246152,Normal,0
-0.9982146822566603,-0.7563782854674326,-3.0795422871869387,2.610451450884992,3.1539003140256785,-4.858660563198326,3.24456937404993,-4.2846517569422335,-1.5899306717542343,-0.1040322848012305,-0.3704449349966743,-1.438607833190689,-5.969050529167356,1.1982597325501452,1.2518963667807128,6.280788120158809,0.12520203243301165,0.5531207796800928,-0.5018244209251108,-3.7797212611736777,Normal,0
-4.1401987119898305,1.6361821415552682,-6.029945646670601,1.578542189653899,0.879198614631298,1.0327969116987945,1.1939028729617855,-0.9204776141377514,0.333628889448342,0.82625726276709,0.30059241386530666,1.7887041031104656,4.202478488859723,0.4501162549173855,-2.746835444701275,1.2846277307332357,-2.621576559228706,0.9163416232688714,1.0632762112573215,-2.8261644709945077,Normal,0
-4.709087778252339,3.615280155441682,1.8156210446791818,0.0085854781262924,-2.0932591980610917,3.8825180761078273,3.3671411114449388,-3.796135444777569,-0.46896322309568717,1.6088952485833616,0.49064804374031934,-3.4061488293676248,-11.15944728818599,-0.3392185933131189,5.303136389240219,-1.0030492955824033,-0.5005715873344301,0.4340533769214515,-5.968863883312968,12.058694657381196,Backdoor,1
-2.0931587757086536,1.6465240681876847,-3.168261796706979,1.2312302573419185,2.8067605047338366,2.341235946424497,-2.5647348071810994,0.5199770942508231,0.21981285306286258,-3.2198124593786837,0.9470577416583126,4.201840224791281,4.0083477096214555,0.6968881420523753,-0.0545216882204862,-0.6727891083330455,-0.2577184428454178,0.481818378498869,1.0626070727828376,1.453311474787193,Worms,1
-0.22684599813664774,-0.8742568029909623,-2.9752232087469728,3.4936178509434184,-2.8498798831316763,-1.703915749565586,-0.6425838197199532,3.423552822632574,-0.4784186665386511,3.2628244281688117,2.211853956785108,1.2988290621430831,1.1523800039566012,0.07848974130893457,-1.3052902430176712,-1.605843083197411,3.560217142403954,-0.5152800581608656,3.30176473599161,-1.6738848602376348,Shellcode,1
-2.7580688620869345,0.9365355026911684,4.2507049666234575,-3.6889820060950425,-4.537034139028862,0.5313626310494176,1.4157327254034202,-0.18511138831109908,0.5821989245448185,1.3706568536465682,-0.563494122144739,-0.784775413277953,-21.843353293501615,-0.0325600269542642,4.475817935329751,-0.25213125116165924,2.224067281138513,1.5571391538937163,-8.982989728827459,5.2359287323809,Backdoor,1
-1.9374399662845718,3.590276611806851,-2.5480032267162374,-3.5165083481108095,-2.0407902883606637,3.58837596276858,-1.042448539551458,-1.9943743560821674,-0.008656047063539419,0.21080657607713849,-0.4923058249734765,0.23362400558476248,-4.394688275091855,0.28808737531309103,-0.32598258528061574,-0.072357067251404,-0.3698486992197253,0.030107823856040616,-0.5295367828602615,2.361028926132402,Normal,0
0.8672713347901286,0.3692324467300587,-1.5333119388751562,1.3227045858370134,-0.20273869786778387,2.0020225245209584,-2.4175487100934494,-0.08692517886585271,0.004489631233426936,-3.4261220386967364,1.3095189064672372,4.502501858380812,-7.143515735163635,-0.4868201433990694,1.8191109066266682,1.9087215121340604,3.2419252808366443,-1.9655489944401228,-2.223689773979025,0.4785774938380296,Normal,0
-2.080897764384021,2.0215989907442156,-9.738047001515692,-1.2452524213983078,-0.9208725415853918,0.961705347769181,-2.467609976950297,-3.903344679234564,0.2066817873696032,1.1157800161674831,0.9188547498430165,1.8567004974815968,-0.8652708450337887,-1.5882137516336081,-0.5855485323391955,1.7024512472484243,-2.060684615322273,-1.1437531142419604,3.888622081353124,-3.185350180828526,Normal,0
1.9539126315053919,4.749469833110464,-1.97469913269688,-5.0907528642767925,0.6233896934046103,0.05365389693529399,-2.0118309536939796,-3.563983539262538,-0.11160030732949783,-1.0381746236040366,0.7445124974025028,-0.32130616289986835,-10.514683176135264,-1.6705772951403695,-0.2316873543666489,5.2585420736970345,3.427998552479746,-0.4182707362016437,-0.09068428635994619,-2.697769681059173,Normal,0
0.17440728759031265,-1.4915031415080202,-0.868501944537161,-1.4970463246259995,4.0710479177192145,1.0939793382110043,4.911936659440313,-0.4534246014053165,1.3689240138058605,-0.46863066739694137,-1.235366616253304,-2.4500093042765863,8.195657467647068,1.1217904907193683,-1.3948067320202968,0.3305195950493841,-1.5190099045480736,-0.307197237673143,1.4818330473363277,2.8386541627242785,Normal,0
-2.1784453296034085,2.2346288918687405,-2.305583965644676,0.09078614804032714,0.5664500625097566,-2.983377531103004,-1.6926039284848269,-2.3481522849848346,-1.709889764595288,-1.3266192088430007,-0.6345290834981858,-0.9020344571241488,-2.5989324948987913,-1.3055466279884562,-1.215679353614803,3.8711059591138204,-0.12454994386928542,0.018463336303177483,2.683128641209611,-3.75762024852527,Normal,0
-0.21879095679856775,4.0978237729920695,0.30059909480813685,0.26732862494474774,-0.17481910865384576,-1.5585550333861022,-7.036537525685081,-0.720560105752962,0.8251163597626673,-0.47352062572014053,0.6735441623088173,1.7247786066711268,-7.905888734578956,-0.5278148097979576,2.975058313391279,2.8382786694119595,-0.41603756430851524,1.1520223028453769,-1.8721821723483758,-5.039707917142295,Normal,0
1.1656395612062034,0.1293040965655956,0.055197582345341,-2.004651861396815,3.6921112358830546,-0.31676224307472833,0.04942766109229457,0.10135764196398078,1.320171076307347,-0.9304586230462655,0.8656339146815353,-1.952970130079247,7.066653371076864,-0.5110989667242454,-0.24480445126116335,-0.43997030477027455,-0.4245042149197975,-0.49367815811910076,3.5249690417271475,1.8322545602683518,Normal,0
-3.2958664382893272,2.90382800104451,0.49581700605350365,1.1897744519425784,1.4882007032463451,0.6278071285101161,1.1596355502449411,-0.6918362346496483,1.0616085329545957,-0.8926885269667113,0.5156840540697027,0.10793896834880057,4.309450923777927,-1.3024597108220128,-2.924911076923104,0.6950528227612107,-1.9123235563096612,-0.7510073770644133,-0.5379759320871367,-0.834842409946019,Normal,0
-2.63296799271661,1.9816348862673647,7.10027004885285,1.0074247817373534,-1.0477597729788188,-1.4108672391200963,0.8637772123138903,-2.729513762765813,0.6223026774078732,-2.2849269420664964,0.07563037067748683,-2.660942748422681,-6.194574733250215,1.311571386827943,1.5150159426159566,-1.0477511532890853,0.5861979084139859,3.26428951086901,-2.639158355892316,6.16238966289948,Normal,0
-1.6575885084552273,1.2058414798535708,-2.648792373124903,1.524651677814104,3.5444900565068007,-0.030950507038160602,3.115417335595756,0.14950833236908623,0.024166138725236413,1.232471057840631,0.21596970972569457,0.04080360323727428,4.524647190397166,-0.9727609296498728,-1.7789987984317217,2.3750401001283503,-1.1193810547199405,1.8119738944354276,-0.5599189282831216,-2.3918402765121303,Normal,0
-1.1368988932310573,2.1367254692052904,4.01972870114052,-2.993061926761858,-1.9578490283889591,1.0171605053797876,1.5843424404993698,-0.9229074364886124,-0.08055565092003034,0.14026409081050417,2.157515217436302,-1.7592093442745227,-8.738555010645932,-0.9305120665074942,1.149377367278582,-2.144568123897203,3.0126480489664322,-0.5702722628945416,-2.6385776391378806,7.164670960129969,Reconnaissance,1
-0.8014979013200998,0.5814410184405487,-12.102147905033307,3.428442318096045,-0.10567450982112314,2.3305605780528262,0.9868559938204959,-5.2922277937690465,1.5275388581443612,5.953924800820587,0.3334179214902787,-0.576572550808657,6.6757568906597795,-0.7288362536282268,2.386861256837053,-0.10198439087182432,-4.0910365221526614,-1.0338513099554758,4.536507534430163,0.6516075617713838,Normal,0
0.6633768224583511,-2.66842798190883,-4.212037870463123,1.667378147077938,-0.7906529419909338,0.40524148206637456,2.812454774441006,0.6950903217372266,0.08504604782858526,0.12273825530195048,-1.1355301102068804,2.3325134605660227,-2.8267789937333143,-0.2728467963400065,-0.39560756006551223,0.2485405209172029,4.320875849126601,-0.8167937272892717,0.9544436661904538,1.6136787234508623,Exploits,1
-4.340113404266939,1.7787833161416833,-6.689676733846152,1.5829159960925185,2.6361802746208793,1.6212421286433563,5.336236280758445,0.036193623750435666,-0.21068491871541328,2.3152993909051416,-1.0400453814324517,0.345626662182589,7.574526464135535,0.23540025052057978,-4.400855351280158,1.6803818037005902,-1.3726971897171119,-0.12490960503918817,1.326900666665452,-1.2532917259338965,Normal,0
-4.6580451492521195,-2.896307101478902,-2.967466346612162,1.4135385738649577,-2.846666601179285,-2.6263667548347502,-1.652414181524354,-0.1090567969383629,-0.4004454261431075,-4.367079758447944,-0.07474861990256311,5.3021181805007025,-16.231454207486518,0.2979661384893192,3.262454662539386,-2.239445532339542,5.973855256532658,-1.1001920513341499,0.17229386370682365,6.546493204318542,Normal,0
-2.457211751787245,-1.7567996073269923,1.8354485881316966,-3.8583665123798148,0.22371794921184462,2.139562961824647,3.1278810170697904,0.7040621048264526,0.38016204116175073,-1.2187626492947987,1.0487245414867004,-2.7553649658749526,8.876635268086211,-0.416372517336249,-2.85438682892302,-3.448791101579788,-4.243976384698204,0.6878492438428068,1.5287299010768143,4.297039633773685,Normal,0
-2.818473171622685,-0.16831579273314157,0.5502308827731759,1.4077941135741636,-0.3632249713552095,-0.9348968535811197,2.3517078571557226,-2.5490786007316215,2.200923817571368,-1.1866680518765405,0.21789738989705285,1.1927112791705219,-5.905001957759274,-0.4712030397799009,0.10167710311154243,0.37040747992888734,-0.22611774861127,0.7999524297161409,-3.131146459054074,1.0990135858348746,Normal,0
3.7554567386610143,-0.7241961385668941,-3.3816837072694796,1.4859379516388154,-4.500151046957281,0.8978251315851574,-9.17063679052723,-0.5417264016490231,-0.7486327239940261,-0.9090868694947118,2.8611392932172115,1.778416099512732,-7.809503303011045,1.1069406333011844,6.202525339093601,1.8312201858003636,0.9975649190435207,2.614370011300883,2.0134578804884313,-1.7321147777144907,Generic,1
-3.2351867159745717,2.2288051624793805,0.3666922122219707,-1.8834104715486126,0.8620864664564549,2.270053928142491,-1.8038542221420135,0.10169808848462902,-0.4640312162552939,-4.232337199010766,-0.30989072676033885,2.7550823794033823,-8.887561804574572,1.5628232656437504,2.288766819181329,0.11864755496071644,1.9416465398287817,-0.2817563322053417,-3.092261666328447,5.45830920341627,Normal,0
0.34129137407667276,2.738754605079938,3.145898599349294,2.9410484542011757,-2.074150322254866,0.7214128164581373,-4.892208386073561,1.2700527383691522,0.08698077033775754,0.2027628587549828,-0.7354900906925547,0.28318390752616873,-2.800214879245419,-0.25856463122935547,2.8015600016054103,0.17058607846587237,0.24210764157770326,1.0270958696840424,-1.9035135552909812,-0.25544434742650124,Normal,0
0.2335747517234943,-2.804855956257027,-5.661295418664001,-2.605347326089372,0.863328262795271,-2.734048380203604,5.251430908241568,-1.7288978665897257,0.9823260632987384,4.586165662160558,-0.8595251117402818,-1.816524788106134,4.939420227880756,-0.06766145010198361,-4.289150591646267,1.7601584247756425,-3.545398983828432,1.4812176960243855,2.1896255217636598,-7.800779807949992,Normal,0
2.536056277191939,-0.5394207201498198,5.003081451633489,0.11516559661349746,0.5584668376041375,-3.511500828500286,-1.7240010326206747,-1.5579316087643171,0.09953400226004445,-1.6962750739865968,0.2180301243425409,-1.4096388867930885,4.763618883678247,-0.36238454014577803,-1.7639817545768235,-0.6885059174492334,-1.0720163523573154,-0.5673787259009379,2.3119936720101393,-3.3108501276600864,Fuzzers,1
-0.8550430395103353,2.907422044876074,2.5764896574757676,-0.36793956017999463,-2.275573012906645,3.32593554921119,1.200015630690525,-0.3275751368397577,1.6214525081520348,3.0531519114163905,0.10035544608675968,-4.520743794246559,0.8317618745924901,-0.20595803935486748,1.7558768277816994,-2.082982165785714,-0.7049755371422943,-0.3280994700076251,-0.8578096548878239,7.010546263194884,DoS,1
2.6105836074630426,0.31770166333430805,-0.04626353859962595,-1.070416743041554,1.5286314808886072,-4.435604824195964,0.14311425861791172,-2.0266287270866528,1.4342464682703717,2.2071667386677287,0.8158390325714905,-2.1858610726148795,3.9005775834010907,-1.135582509617947,-2.725875862503904,2.0999663015065653,-1.2504363696341196,-0.6858995107838715,2.8682857396684245,-7.810099477629084,Normal,0
-1.9969927812142296,0.5682495386697806,2.9926490937953085,2.3236385666621535,-1.3485468533269347,1.3901521811580468,5.49050172162902,-4.8071330444229705,-1.4668259699385697,1.1692063454239812,0.037972653873179475,-4.195474020144451,-5.831123607215272,0.6615166212776474,4.445637891118625,-3.0915436858267134,1.8200905757782462,-1.1200340574690621,-2.1156071650006756,14.04800006184135,Backdoor,1
-1.7702993150791861,0.42361964490142423,-2.7845219737509677,2.3215978482705633,-1.3090922597700125,-8.102869369169413,-2.2520852523553554,-2.995548850356143,1.016356831603006,1.048985782538673,1.7955704027791475,-1.592919921602495,-12.358141698790329,-1.4080892472263937,2.1780470521173703,4.474990029432764,2.8923551068382083,1.5427487877357553,2.8746618586043056,-4.557090107330167,Normal,0
-2.5009484428326556,-2.343668511529668,-4.934602087588353,-3.344930298393528,-0.952402470109587,2.627779289502354,1.6207566204515922,-0.9910306065187299,1.5372627743031764,0.5770061383607404,-0.11959917496180072,-0.2802135525937205,3.226183223402752,1.032003743804028,-0.5045597324770452,-1.527299612643315,-4.9153973845036685,0.2383988326530969,1.0570258552502216,1.2957343286176555,Normal,0
-0.6586213099400374,0.13480736368825674,-3.7711645177234057,-0.580540279826621,1.4793908940882408,-0.8337740704403647,5.153019905760301,-1.4306966232674245,1.1293948852632025,3.379568442008024,-1.3751591490453814,-2.4898342542414227,4.292533785965316,0.9044706629573361,-3.4560255847887658,2.915349071289871,-1.7932338624054869,-0.10673920855531842,1.0012454940275968,-4.164921446537876,Normal,0
0.8296267586618593,-1.2830946119890978,-10.627928781191482,-6.050403858935247,1.9202632341860704,-1.7209752199755717,3.88159699842444,-2.1214955550585275,-2.0790067910629206,4.0368568292189755,0.9004555810108299,-1.1891141338217714,-5.234030001816464,-0.2608010296479459,-1.5700740547423369,6.068058002513442,-0.20861148476041946,-1.3989214260045872,1.8974449594430733,-7.36959655731492,Normal,0
-1.1457400129060566,-0.4752443321017952,2.039400674724905,2.5929243130579103,-4.637972486638802,-3.6517049103745585,-5.783148564685816,-0.4218787097177562,-0.5784162376782022,-1.7874962764760292,0.20449204185500447,2.24538193158322,-9.210236407339801,-0.4931904370886025,2.9010815332367352,-3.6124937379004143,3.656692038521715,2.47247154045335,2.0509064700027966,2.790055209191318,Normal,0
0.9814027286585063,0.6762671379034386,2.401090821401194,2.1044384513910193,-3.82283995028086,4.263134092007699,-5.464666064417003,4.662592051304783,-0.31132861208426255,-3.1253143749949848,0.8940270538418312,1.670101856736345,7.066423405008469,-1.717159640363207,-1.7137850108288033,-1.695062220027216,0.721305203641935,-0.9297507246523911,2.418718238964364,0.6310966502597175,Exploits,1
0.743822940579586,2.4253641269632573,-2.5887634384140807,2.6237706944952746,1.5084619590028145,-3.0080924487091774,-1.9793993966406276,-3.061718173544119,0.9282946120337436,0.5482269121877696,-0.5102406217713283,-0.2074979134015673,-1.0866121036460696,-0.837749952403941,-0.5744185093213927,6.469198987803188,-1.6167392104499392,0.1836121706202837,0.34754162609463846,-9.452396138452754,Normal,0
-1.680578398850051,3.742936798971375,-8.875084509234654,-2.329766581982865,-0.787579338651903,-0.8128635502711381,-0.3629180992552531,-2.6532466859260713,-0.8614008465181893,3.3287861574281132,0.853884157420803,2.024782493781227,-2.858835221900989,1.3987773250498419,-4.176509264916831,2.931201523345581,0.5515371405107214,-1.3016467067193902,2.781100762236363,-7.589550139702709,Normal,0
1.5874546339078783,-0.8378647450731389,8.430506713223735,-5.20352883186027,0.17723637245392232,-7.030395181994194,4.6587206400251,1.3652407759297773,-1.487224707557865,1.9377504574854714,-1.1341810097997216,-4.021503422145862,0.17921043339995402,-0.8228646908892977,-7.289725158988876,-0.08011975283409156,1.066214729101149,0.2756970956476243,-0.46908229628877585,-7.635417562188909,Backdoor,1
-2.101195670441597,-2.215275275482304,-2.095388037805103,-0.31353041991353825,-0.8565276212043762,-2.1838017458796766,2.4964311659421616,-3.071264216715746,0.10262962936767005,-3.6107328497419946,-0.15699904061802855,2.290811625302531,-12.881536469884246,-1.8595446337554464,0.5452947802013097,1.7017898281466421,4.0625890139003324,-0.7414275818865425,-1.0058833311994217,2.6958427218717853,Normal,0
-1.3881240697948372,2.374835246302206,2.481287960945296,0.2694275252605207,2.1986700928936735,1.8906018267027425,1.5372502348870363,0.9140920411745617,-0.20754932996690803,-0.2568385595741969,0.6884933938660034,-2.979891961323916,7.256837325213238,-0.05132549384914269,-0.7066746770479173,-0.6842244689619259,-0.8739553835396443,-0.7218381972624011,0.8062328350461612,4.5054332006258395,Normal,0
-0.8854522572200567,0.1019450886226041,-1.0410912881618004,0.7560635726187828,0.3899879509802924,2.5810861320477545,-2.73565287882158,0.33207295870812437,0.1331760859936854,-2.8525566212963467,-1.2236789702990456,2.589545123940339,-1.7709136857612378,0.005087358115233961,3.1066714310549264,-1.3320919210910955,0.5605058296172639,0.16531139632722117,-0.4395302957292333,4.837265180058929,Fuzzers,1
-2.720561604846915,2.9759000530831603,-1.5235674006774904,-0.18024199822914522,-3.544455824239951,1.3622567303403805,-1.2165775112258295,0.3385202408567711,0.7011297981623901,1.209825271403886,0.3899774101393967,2.366273081584719,-8.035887177030656,-0.5266334417074939,-1.1183881759359098,0.8584981682413009,0.939670445013716,-1.0741189314575168,-3.054218517808427,-2.281495724627187,Normal,0
1.775058845723347,-0.23383646804801472,0.24720769806996667,1.0476260892027232,-4.254087184183425,-0.9499595275609005,-0.8274698793867762,-1.4818676377795215,0.5415941061731595,-0.03651581174767893,-0.49489544457292073,1.3854053936171167,-10.18005131441495,-1.068672767066792,0.15831065552402013,1.6756049010483653,3.734314511177965,-1.0637530288534276,-1.40309487153212,-2.0776040749739084,Normal,0
2.459497593384505,1.7715092943301634,3.500027056469823,-2.2125422593035653,5.869096635886088,-1.344938255862067,0.6157807257443277,0.6651584036695994,-0.8151666709601995,-3.1299472489878406,1.0958907812082344,-1.3507321091065387,4.9102426666171946,-0.11364520761400726,-1.7901960647210697,1.6600935284703002,2.854197043724098,-0.18882984322602964,2.0094237977818405,0.6131851924828342,Normal,0
-1.6165239297111165,2.7855950497677537,11.475920338168159,0.20056074725939954,-5.79502675703923,-1.9608656364665507,-2.4789424450731,-2.283793320893065,-0.12870917681509025,-0.23818202473321137,-1.0944333513488027,-2.550953952258159,-10.601161845470662,-1.5559857033323108,2.4130914856292085,-5.102021394248914,0.8580474768862132,2.1190167281423116,-4.025138174747276,6.273484409766588,Normal,0
-0.8916045603185141,1.863277643788491,3.884470678177065,5.738853228229083,-2.341133754295068,4.419717166834953,-3.898195028530661,2.3226428593263306,-1.4326016370863977,-3.997741334121686,1.3522711382297627,3.9547897483877676,-1.6545820007823706,0.24895673863819942,1.990421969168303,-0.7139740845703415,1.5626573361881806,0.869959269366351,-3.969950425286184,3.651514467524296,Normal,0
-0.7528285898925895,-1.7728317831808833,-3.4305574254170965,-0.9019067592969954,-1.3203656414754883,0.5496727106441662,0.6681622979980314,1.6328984964063218,0.815978130127899,-1.700461296445995,-1.8545771745663715,3.427668659453813,-4.2072121485198215,1.0913075295376,-2.134482188206402,1.088122805545038,2.6691563591521854,-2.3087413987177623,0.02784857889798964,-1.7749353913141512,Fuzzers,1
-4.349400085358747,5.007774528737972,-9.3221897584287,-2.6287775406104448,0.47668180387131587,3.8368520059598463,1.3399205108431342,-2.4623023679440594,1.3584476109827712,0.9648544620120947,0.5303361189805131,1.5042897687277978,-2.973930260141897,0.3941332388521774,-2.2280851664674586,2.5439895120354277,0.877401150047358,-1.784774569132032,1.4493473321343637,1.2495295687630004,Normal,0
-2.037937148462823,2.0506535195882383,-8.263579735756144,2.6306726104491434,4.74875979905606,1.5447687508302292,5.067856337262377,-1.2940075827288722,-1.285965486629445,2.7459510778543477,-1.0920609349254446,-0.582587108589741,6.93241993806418,-2.153745748134923,-1.437526734990117,3.4924617343275437,-0.007594866056840566,2.4647019843221645,2.1666651830021997,0.17640628671815906,Normal,0
1.5003226615785237,4.854224216613897,-0.8321855020305612,0.43636865451714146,4.016962204691182,-1.4339442947342178,0.258619384340276,0.3090528469976732,-0.06283447474147266,1.924869171673777,0.49479478432850976,-1.2030967549442262,5.094011100181898,0.15761780712294918,-2.5380726612556908,1.9061431389513661,3.7202911076773493,0.5919837486117802,3.347071337838801,-1.9242628535036312,Normal,0
1.1459118021970651,-1.6402686585903883,-0.04569024092209362,2.7346918227358654,-3.916529795674929,-2.2772972152033217,1.7545342724215427,-2.8309423146837887,-1.7489381565543463,-0.5423599840074447,-0.5116438549145826,0.49835099275510275,-7.09006817884955,-0.716764652715561,-1.4536112625567918,1.8309790787236766,3.5176351997517252,1.00039691332367,0.2545053960285384,-1.8096204841726173,Normal,0
-0.014877894834473882,-2.2321222555010785,6.956639308116829,-2.2851052084713572,1.4246033507882137,3.83443809665754,3.7176886816677284,1.5816109874682214,0.6137783350504451,-3.0138882395175974,-0.4656779386188235,-5.068115602665564,8.845704211496063,-0.06859200923225259,0.47765041851845313,-2.602600495387747,-3.0643040142144193,0.07071266600637727,-0.8137510856650687,9.350622545897979,Normal,0
-1.0996197576922508,1.8376410390090903,-0.23872963783671047,3.154984085331006,-3.7796086919534333,-3.8987809990587516,-1.9433036561231884,-1.3649795673487606,-1.2998092406153348,3.679275766840016,-0.5446931873215582,-0.5950736172405438,-6.206196202639867,1.2993336736577432,0.1999930125937237,0.9706267955165307,0.5601073524930137,1.2900958126833837,-0.02412321730872158,-4.889540305542696,Normal,0
-2.234509235602337,1.9894953841617835,-4.6697149713680215,-0.08993374680382482,-1.6104518160374954,-1.8866383447390338,1.202916426908942,-1.551290815525866,-1.2007149784734212,2.934082161931361,-0.09627645979926186,0.9916747149763834,-9.318052857642382,-0.4965890197181455,-1.0983068911699094,3.228856835985982,1.7085386224801618,0.48634099766556027,-1.2976219925933261,-4.549352999018533,Normal,0
-3.621993938802153,5.17077514055567,-7.009177410964613,-3.1381204740329887,-2.594132142109857,2.2820753391311968,-2.3803685041044744,-2.675635956119847,-0.4537155775039246,2.035747160837147,2.359452622486324,0.6939146022786964,-6.801419243804824,0.28212652595460835,-0.6714843965324873,2.011003836177977,-0.6689711064720004,-0.5723492376497428,0.8305404310199745,-1.470832224893294,Normal,0
1.6663222701622271,2.022663577009851,2.962022455824396,4.276849878658042,-0.5424310540997085,4.670131007493078,-6.321124257191717,3.8159433538609955,0.6432808713782545,-3.6794190366605326,-1.9248552199653335,0.2870390832220586,10.262922122766582,0.5529966399924376,1.8656272856688867,-2.126178076070849,1.3816969056602573,0.8772985198697556,3.7684581555998737,5.935705905852008,Exploits,1
-1.107383596509952,2.1540790099091796,-2.1322349663349374,-2.284954379887787,-0.45127816217961036,2.781315963586011,0.9995304337613523,-0.30662080550175597,1.044822414272791,1.1535163997088387,1.6478224125203127,-0.7472003986013425,-2.491519481720977,1.966870787025279,0.9058520741999353,-1.5620313204908405,2.271889601190549,1.444920254642602,0.71901876552114,6.362580538387778,Backdoor,1
0.9202470506963518,1.8060146542750795,10.203323285560563,3.5803515580104914,-7.088189983081618,0.2128074847543997,2.0810432320443946,-3.263984783855784,0.5617634898810563,0.6021609938484769,-1.559087443681418,-2.280371503576516,-1.927114732035652,1.0584674455595386,-3.0443312246620664,-3.6336584687883278,1.2906575381211554,0.9292832177172525,-2.9150246662662243,2.7770146249223857,Normal,0
2.1225827399746806,0.6783006997673299,-0.39349899269347,3.629248566819954,-3.688679278184948,-0.38149310345996823,-1.9652722723641574,-1.3639912377750123,-2.609899364183232,1.4262319902777119,0.36645180477525385,2.3041085402900765,-3.3175229865693314,-1.4130761271026409,-1.0639114178045124,2.2076010555041856,0.23857407615195725,-0.2467458755942907,-1.866531332651841,-7.252066012568607,Normal,0
-1.5000680128194372,0.11738640940486267,-12.988460819225857,-2.4229064894138705,2.49698360776203,0.6946921169767135,2.847417450665216,-1.9453165601782958,-0.3842010047704921,4.482064536950969,-0.5147441368134572,1.0579924041279036,1.1897080921595369,-0.38818864765808114,-0.8200178706155827,2.4288599823144095,-1.1089874939512687,-0.720504258457595,3.27057747056559,-3.151019491405712,Normal,0
2.047153817886233,1.2579722694715278,9.644188872121045,-5.0905432224866605,-4.24003885263402,-0.7125086240461915,-0.8118330408913808,0.9989904714606257,1.9143640484309277,0.15568670228909176,-0.5354037031561784,-2.232918121680613,-8.001467932942614,0.9191939366621029,-0.6129337059218927,-4.1348225991104695,3.4235443972428286,0.3778025938636361,-2.482044798586147,3.6619337411388395,Generic,1
-4.736525967715268,-3.5303336859084906,-8.648949330887561,0.3272259201657566,0.07093679975262268,-0.9135884590156844,11.831780009829235,-6.6960684788191385,0.3345193854951219,2.456272898877507,0.6003183960020816,-0.14700645766578813,-14.833768087542945,-0.11126089706175073,2.3837680019712124,0.46981270720541213,3.8750558950677103,0.23775421849806472,-2.249664792170485,9.836095361180831,Backdoor,1
-4.867128432592599,0.8903373827236609,-8.227158496455608,0.5430314846653901,2.7274336281070077,4.037077657743737,8.8156171939636,-1.257418290205368,0.22865777420419428,2.304635366233711,1.6849151796680646,-1.2181474919081505,9.972724890332259,-1.2235292186497402,-4.7499978454876235,0.9816680945097931,-1.8195832727112402,-0.2879945478850487,2.086391224354627,3.427169122286533,Normal,0
-5.712008178626302,3.746088775433121,-1.496682244691831,-1.9035027114127732,-2.6059081902724017,2.1553700942221266,-1.961402383137381,2.151815820192409,-0.3557434547329391,-0.2442470544288997,-0.5712949420296661,2.379101689618376,-8.904930187913699,-0.7675366433534065,0.38788810016958064,-2.2702993013401525,2.6487385370574414,-0.5619298595106359,-1.5417059418126942,5.127464234421358,Normal,0
-0.8025377302351993,2.4847857559718336,-0.7100569189432002,-3.6677414871473726,-0.14087043694066304,0.3502435742872718,1.1361161870311554,1.9340009247363974,-1.191115154554174,3.8345056330509455,0.1589994764917582,-3.4740155757644806,3.2991687658799775,-0.08440110437809184,-3.0610007664773455,1.8198511416657186,-2.173371952571566,-1.7681867608556778,0.42814523413875083,-4.368573742786071,Generic,1
-0.8968990159271174,3.851837970358967,-8.349917095185372,-1.4046978698657024,-0.024329533069224807,1.028222131374819,1.066570805389012,-4.447309252404716,0.1979564866991803,3.2680304653372234,-0.09978781342697644,-0.20688642879830965,-1.7816967620992472,1.2079455697522943,-1.6603413853045588,3.0277561789209413,0.22682044268767365,-0.6945944069912875,2.5681274369154123,-2.511859268586622,Normal,0
3.5491398585877767,-1.274132074186246,7.365418079278364,2.352569761726053,-4.155362083703365,0.08420447792339658,-5.229639302519914,1.5222433687390753,1.0288683147158495,-1.6626777873024026,-0.3037856010623942,-2.0643241204533473,-0.15371317789329098,1.7892660607670823,3.3822961785327013,-1.7718703447511217,0.18048488489743653,-1.2383970609372494,0.21781103210575803,2.089304151219384,Reconnaissance,1
-1.9102806914346362,2.6713775358195173,2.2443180903787896,-3.4913247803602765,-2.1822533579330807,-0.10298674890605364,-0.10103518438524417,0.8184535233565313,-0.9842160761758001,0.9759182451851243,1.1005318874451913,-1.4472034454235414,-7.936304569269149,-0.5133408767381371,-0.6456480216798655,0.49167430061545114,1.2549095855241899,-0.5548126328043629,-2.3437603182380387,0.34163676701998646,Fuzzers,1
-2.445447843915338,1.5651468139247513,5.944225502046072,0.9578677809337859,-1.4393960631684293,-1.1437649172838138,4.017592649162334,-6.634609639698605,0.44212764227837215,-1.271211237400736,-1.006789347829359,-0.8129314789478698,-7.065875592218456,0.6572850086940829,0.4848809831013273,-4.385713257292538,1.3625832774394497,0.5072913791774434,-3.073081898021922,8.87438742299295,Analysis,1
-5.2214278391668145,3.4394212149961323,3.542204011086398,1.4997462201166014,-3.3309448798912094,-2.086147430167948,2.125569926765613,-2.2642969779492716,0.08321303627211424,2.2739026570493026,2.1808201187667766,-1.301321268948782,-7.87610902393156,1.6038697254435437,-0.706573764565684,-2.6201889482933836,0.9547208763978539,2.3470359479462966,-2.781136156907124,3.6319124076443217,Normal,0
-0.9571267703352926,-0.6298600747833158,0.9386955033127696,0.4786936526022705,-2.5917005448639374,-2.2253921273721806,3.2476551976553063,-2.694825817665623,1.4405053235501524,-0.15976430942650355,0.356566877576198,-1.026989082997373,-10.715654868080325,0.38161823909981796,0.16384246778077616,1.084703301740027,3.775360441675481,0.15818350084720675,-1.3098317568630302,2.5685784114876093,Normal,0
-2.949527097966582,-1.4712799843143378,-6.893286034079198,3.0350248348961406,-1.3359347525734417,4.298370994800264,1.6022469307411884,1.3360941353488238,1.346013822926349,-0.7538081978322733,0.40458547427145347,4.446612226436933,-0.41126250968449374,0.7068636331492262,1.241590742893398,-3.825176143070741,4.136842994081681,-1.2348013863667844,1.9843769178204016,9.370658235011945,Reconnaissance,1
-1.067995253917393,-1.0783490642592204,-0.6724014887202932,0.7728528519408396,0.307490824894888,-2.2542472817825994,0.37617965751507243,-2.757839899074903,-0.49799755589366845,-2.669407954405957,0.3936254146418557,1.2605061036562313,-7.025426523082378,-0.31820245782744283,1.1857913438023915,1.3389957842371003,1.5825442401709238,0.9385715398455845,-0.36252208845883516,0.959280013681042,Normal,0
-0.13692165804434842,2.4479612468678695,-0.12257547571355343,2.590838175158362,-2.8709611986414934,-4.281128763643682,-2.2071881873437684,-2.436186973624408,0.8189577560280582,3.357561290895659,1.9293533440079624,-1.163046709438111,-6.125957870583659,1.177718035390598,-0.19250511435447093,3.268712968684029,-0.47191978887127517,-0.13604263037147946,-0.4612461708347597,-7.873684271321834,Normal,0
-1.9534523812689109,5.147297625421737,0.8351066069289061,-4.775720791002735,-2.1870270767253555,0.7973659069883183,-5.6567146315889,-1.045488984158635,0.01364438153949612,-1.3704330288180055,0.032583070499585656,-1.4302997893226927,-4.653106717951058,0.16994554172655796,-0.1821220884583412,0.3920670929417359,-0.5891142714441294,-0.5574329385751464,1.7259764172251149,0.27547148682422407,Normal,0
-3.969058894819285,-1.6399714929697806,-9.311287989220633,-0.8638123179623627,-1.2094362638042127,2.281682958954184,6.027985004960945,-3.511318169381333,0.6693094691936471,2.0533289438486504,1.239861200947702,3.368801530802818,-17.37817528761746,0.8418231670397884,4.154988595504756,0.11318247552780836,3.7953628420692658,0.3004741944679497,-4.303688529699433,7.90762231401501,Worms,1
-3.9010019531963396,1.4113323505859006,-1.5964682225908708,-0.9816152336831134,-1.8599632908872528,-1.6893533971702226,-2.8936152607094408,0.9085316440076632,-1.7473631486709842,-1.296889179156981,-0.9093693167108169,1.3764117088097838,-15.138323179562194,1.1836688741983097,3.737813644223143,0.2623224477204662,4.606396552627478,0.020560153849150973,-0.6018506837215687,4.541503418766944,Normal,0
-0.057303876251014296,1.060196213890186,-3.3524747661461824,5.732729352918043,2.8200246291585005,0.9504082997025942,-0.8103887222763119,3.090196580388415,0.8088027597023184,1.0398331511723233,0.9320025038449464,1.9494458302421793,13.53939747566809,-1.054835610250261,-1.4721481513509493,-1.6943794355539619,1.3554243274432018,-0.6162527942266246,4.708675995317881,0.4359633430209145,DoS,1
1.6241582857953047,2.148950804672894,4.3334179820597445,-4.450824912219486,-1.4174921379866163,0.2851023170509659,-1.7771897584259069,1.8289309276503425,0.42199208102511115,0.369244006501406,0.002043510228310226,-1.1612528492843521,-1.234448857826539,-0.0685971962344092,-1.9629288919523789,-1.1659719087758809,1.2257060266527153,1.939449217220537,-0.3738320320555749,-1.0962644099224599,Exploits,1
3.235100805177724,-0.15449001443778831,2.3127781871985427,1.690184737992861,-2.945461936757119,1.0547563216450313,-6.933723305243897,1.7518887714818323,-0.469120708114063,-1.8971395862800675,0.4453763669963374,0.06397636719974487,3.266469445123114,0.3837258197309604,2.024629339500124,-1.4658009762823003,0.59190232428546,-0.060409294752570404,3.440935731118292,0.5048398400449439,Analysis,1
-1.5754987842979,-2.403414238728023,-6.625212528312434,-4.603639119131969,-5.819642818211777,-1.4521311477746348,-4.21180885602869,-3.4929487617470816,1.191483357686506,-0.7826682653950877,0.8162745882328386,5.121938756854268,-29.45436129124241,-0.8330942943013667,6.482437842492836,2.462887784556809,2.205750500368118,0.7248255605854094,-5.018892739572375,-1.6177836980224163,DoS,1
-5.773677157855369,2.003615817975428,-7.91801828455089,-0.7033127760845961,-2.3759624809405766,2.363685987237471,-0.3197756374397387,2.175768164736627,-1.7099084443537065,0.9722678176304944,1.7883383534627457,5.373574315328054,-6.234926702346831,-0.7975578928734657,-2.3293363911856826,-0.31534547859011774,1.8511579801860019,0.18307011011359745,-0.6731298777591496,-0.8646656287567689,Normal,0
-6.053496755478316,3.6313530810030614,-1.3386435139509198,-2.6601422970425097,-1.4552165415721023,3.0618292723946756,9.467655904073744,-3.583477212484673,0.19585400551782683,3.775278358434576,-1.2692403163132961,-4.874788805731221,-11.043325684140196,-0.45729101495744107,0.9350724626870116,-0.7145628063197818,2.8691531378848767,1.8712094514935098,-3.707663689781196,13.164991333960627,Worms,1
2.371563565219204,0.35097825516532954,6.07397001726764,4.536838308281455,-3.240793728057114,0.8183164597487931,-5.192224994789633,4.2059027238703575,-0.9491805333536313,0.2749563486049589,-0.10063463692310684,-1.379461455762688,10.091087094016443,-0.09470111788131681,0.3412163031720358,-4.071717939087435,0.007425495809075144,0.8965041830082391,3.0669190457958653,1.3688931132114281,Reconnaissance,1
-2.4871890575341826,2.60490368359456,-3.758990161852438,-0.263538739842048,-0.7876193100735014,2.0599866015283914,-2.0265093055888967,-0.8114956947653846,0.012686497363241974,0.5495972921540841,-0.05216815160340364,1.9815914189659876,-3.4083712610377273,0.8142308098753773,0.9404099599618532,0.3830576522183393,-0.9172770947529347,0.22159370937478226,-0.9637637418600787,0.03224552961438509,Shellcode,1
-0.38066717123867755,-2.558589826420093,-6.250743209108888,1.8878552429586795,1.4399711491568965,0.829016583928444,7.428043286533623,-4.346807505653133,-1.2006428573958614,1.7964562816536243,1.1244174681466639,-1.7589375957031037,1.8620012429281423,0.16088895449079876,1.2381501800575618,-1.6412710681490121,2.771398365913128,-0.41799223363316956,3.7510599907336504,9.556889526877033,Fuzzers,1
-3.867501245660394,2.6563136156051876,-0.8714248560980318,-0.8543203785256426,-1.1050264993079848,1.2051455515711664,2.7950024278031114,-1.6573343158067966,0.7460046522328675,1.112228636498346,2.8519618795584027,-2.1468257675414635,-8.112350539120964,-2.008801495570681,1.455418291712907,0.7176161360301845,1.5178364653109089,0.3822596165483177,-1.995643244622018,6.076399953935006,Analysis,1
-2.667105220651168,1.0368820257775746,-2.2787268966390104,-2.3417492451085353,-0.9995866106560021,-3.145982718668251,-1.1381582877136946,-1.7003867049956247,-1.0291623331365496,0.22915315109350542,0.1180523244147983,-0.3269755095516571,-9.496041909145767,-0.274040249496892,0.7242424058673251,1.392420638396013,1.0598939670626324,-0.37451149977495024,0.7244970037197169,-0.964366600041076,Normal,0
-0.929097917131585,5.283291487776864,-8.2181126103619,-3.293830259346789,-0.0021277571623468106,2.0118270915316394,-0.6257925608123416,-4.983524403906107,0.8742487625571962,1.3233548619771676,0.03328575021686556,-0.5044692152472822,-7.63279907174624,1.308024666102327,0.11648441448306524,5.05368607088531,1.4738885340555576,1.5206054547309742,1.7459879051131437,-0.8212078236363328,Normal,0
-3.358545653593874,2.840781469419953,1.633517136738576,0.10762515736660117,-1.0322796614878236,-0.4438132092394461,-2.4256598385923205,-0.9847197864613321,-0.8126947248165548,-1.2201097921050803,-0.11051417070792717,2.301611631800011,-12.081059048837545,-1.1969374119716447,2.7311395930045563,0.2775326849997173,0.7916414823870108,2.291959326935979,-4.826525754754257,1.3319737743150073,Normal,0
-0.36851066344461003,-0.15469947597102096,-1.2810031171094263,2.6509636162167407,-2.1953043895633217,-2.7730130377113325,1.6760426659151484,-2.9052832215825966,0.7771623859264323,1.1908358142243771,0.7748906311517684,0.2287735183185895,-6.324420945952217,-0.32547597587649235,-1.1005513648383007,3.02376315630908,0.9538542167945209,-1.2309981875052616,-1.1123515151673002,-4.533811591804696,Normal,0
0.32888118633295904,2.012568921192052,6.156960638760909,2.5829780841529337,-1.4486587391753414,0.4993720124235166,-0.14818062417345076,-2.015909043007957,-0.19552578102936102,-0.9751343563884775,0.312419820099923,-1.3528838414845552,0.5283852479047738,0.34581519415153167,-0.06636499026989817,-0.8594858037695414,-0.6308885035924789,1.4384562381626407,-2.229411948880789,1.8563709782569793,Normal,0
-0.9802656028927987,0.5567882721690423,-5.891542903553516,2.2927213299278963,1.2631490317662557,-2.3626805782637303,-5.854337702549108,-0.6148147624148006,0.31316308787932257,-2.245855973548459,0.34322792894701754,4.5628507202550015,-4.4342068566228,-0.12511660997129617,1.6886184846993042,4.003773577743731,-0.12373272098057164,0.9292178232672162,1.4262679026723477,-6.924390201752086,Normal,0
0.1555714261772756,0.4707408906236277,-1.3810808881037593,4.573504121147563,-0.8666792291795642,0.6592104023197263,2.5961871951921314,-1.9479665006055034,-0.494350119949439,0.3938408881141644,-0.3054412138436379,1.2955925678910747,0.3650328767326028,-0.0065825814031294635,-2.4789910763518392,4.033067674371528,-0.6114067629591764,-0.2499853846935096,-2.5136832002847673,-5.38093317553063,Normal,0
-0.8302191668592023,3.3498571808175863,-4.514418662522801,0.40517831690260664,0.8057546438988892,0.9649047020568309,2.114217350471684,-4.876020769695966,-1.1107891836563013,0.5742434422099554,0.19728529119858065,-1.2890735929229034,6.9788999121109,-0.3375032976131062,-4.1378965684356945,0.999106951207905,-0.3176447095969883,-0.12617600146371527,4.998262403437944,0.030378384862632002,Normal,0
0.9705117607452327,-0.2622844052072756,2.373080400295648,-0.9901719903263846,-1.340481752361333,1.9024194407818547,-3.8599684169583535,-0.4550141054710821,0.8320548780275395,-3.3702643322161525,-0.1913817623944925,1.0278325784836404,-9.74679716211593,1.2904627249393372,5.482812748826898,0.2751683517089365,1.040177283781996,-0.7984181036011943,-3.1540693839884613,4.572311658651652,Analysis,1
0.7675286384150266,0.6000873687197881,2.9087243733656836,0.8391357839849574,-0.14029605574073978,-1.4486191965401347,-3.1479855920213713,2.3874726018802592,0.1273806344672715,0.5140599815881663,1.27038602812898,-0.13072030201604234,4.023035612149583,1.0148972539380186,-0.5540481823327312,-0.8292158511555117,-1.191591214720841,-0.45847846098413136,0.589034845620817,-3.615534541544267,Analysis,1
-2.7499439001870503,-1.0661638328126108,-1.4317086794252625,-1.0660842927658012,1.4036178077684478,3.010402711235277,6.998419978519005,-0.34480572883363125,1.7329885492100978,0.8628793026018547,-0.33957717323157377,-2.5909591186549057,7.67799054008472,-0.04720352075153966,-2.970603551278515,-0.3200897252285504,-3.2584482263824333,-0.28643608611767146,-0.459296583082633,3.389263934762763,Normal,0
-1.7485660835112942,-0.6941644505812102,-9.55900735622261,3.4462779873906766,-1.1227097332263587,1.0095005475079633,1.3943446232067167,2.6481605414513543,-1.72799785858838,3.2819432728681983,0.6154780045559826,3.4867951875140295,5.587903774900485,0.4615438379970972,-2.497878649620408,-2.8996288321143955,4.4703772669163495,0.9030218003896557,6.202377574168963,1.8514364944940982,Worms,1
-2.6651793003905784,0.7265172182889439,-0.47831783704291064,2.773493575619999,-0.5702693051744951,2.60842885132241,2.323703751825905,-0.3998887514613514,2.1288308247271233,1.6430120510165747,1.0298141885062604,-1.9745824728956562,6.82001422053094,-0.19277959793463204,-0.4151292917918965,-0.753660256271866,-3.8014139027555696,0.7938438452438367,-0.47527916060959097,2.3749547424168926,Normal,0
-0.4673557490021809,6.239874109145292,-5.9484553065240995,-2.591469192141525,2.5014504456668494,3.076869958878113,-0.5022741748252683,-2.937103391305424,0.41458406435809686,1.1076214564237146,-1.08223913695185,-2.1602633937050726,-2.765085463260619,-1.9874353047706477,1.675747329928973,3.425757212188097,2.8306076199909507,-0.3852297552574248,2.8113143028859797,4.608288360765177,Normal,0
-2.90288686468698,-0.1336221828103028,-4.82751431890011,1.5450989882185953,-1.0918110413195588,-3.467446321434264,3.400172784935469,-2.9247395955928868,2.5453827884151843,2.508776218603126,0.03980750314788466,0.02556793993382911,-4.457244118976298,0.007641085936465705,-2.574880221409813,3.0608426313313477,-0.30687509831228077,-0.0709282188728815,0.311519359702741,-5.372606266287212,Normal,0
0.16511686928078717,0.010419392484122048,-2.017191814044835,2.384882478883908,-2.3602000082300205,0.10220371629684832,-3.279047770195824,2.6932474987561354,-0.05537432420377761,0.46144311585616093,-1.024230887234727,1.592519422860744,3.834952789194212,-0.614795086388384,-1.4041860612621662,-0.775699391275902,1.1098034406061608,0.09560284965405634,3.4121420781802474,-2.510521240107833,Generic,1
-3.7368404481189863,0.1190081881076408,-4.383319259459757,-0.9031197844934744,-2.0986551733906254,-2.4450821588364295,3.003259141675564,-2.2146269263312,-1.013264308591272,0.22362365903033354,-0.49393597148945395,1.156602094915847,-11.366760925207537,-0.2058450363787221,-1.6214564715688535,1.3576279886579479,3.986606132855335,-2.354651287593866,0.46054239556527854,0.7290988987829037,Normal,0
-3.3414024472294113,1.8232786037579507,-10.123797976864692,1.4659503054648955,-0.08528530535196044,5.339851701845071,1.6150487276231351,-3.308691405446935,-0.9110625179043068,1.7012783546101475,0.9460444703644726,2.9831447776734628,-3.5650375601170503,-0.07808209771573828,3.3671874599890477,-1.333383336018218,1.1058409834045955,-0.5283622790157917,0.3416824280032489,8.325683070546969,Analysis,1
-1.3591563494897776,1.4584575969988354,-2.4074805535924284,-2.854185044755727,-1.6733000003266225,1.1756202939502642,-1.3841829279860136,-1.6602769787569318,0.5414510939081782,2.128975034439768,0.5197537274490656,-2.576110535321627,2.3993172725911625,0.20554342053911084,0.23139018752297158,-1.4991172596724858,-3.2400901213521505,0.3855640216451009,2.7725308087228306,1.3135833473933687,Normal,0
-2.085817921632985,-1.6838124870601265,4.5821720234275265,-1.1466875397424148,2.631307245089177,0.6031996448359623,6.932561993567894,2.4208899396763077,-0.9785533403551981,-1.3094256312753947,-0.09083257799537278,-3.416912313799016,8.47057727736339,0.7067935059306063,-4.551259265468856,0.7279697122188996,-2.5826952362652893,0.24178834617982453,-1.844818152447429,0.806205754513488,Normal,0
-0.9948796879782141,0.15854560905047443,-1.1987276399524227,-2.4496744758306823,-2.7393200634309083,3.03282481017232,0.8462207402209967,-0.5825814205123448,0.10575217868244959,0.9553969328560106,-0.4295929456565029,0.10445424457467944,-13.431755499175173,-0.11089299723893983,5.007016711534247,-1.3467370382837278,3.0810891461915446,1.0846399127791726,-3.6653776064300994,8.538092153175429,Shellcode,1
0.966088051671615,0.7304514446838482,-4.756651443836264,-5.635379471692549,-1.906172549412727,-1.1241003651047965,-4.913085134934105,-2.3088916087294624,-0.14365920964836287,0.5448504643262246,0.46652687896637174,0.4089508803825541,-2.8340427399267853,-0.2300203781467896,-0.434703864727364,-0.053234151012386155,-1.2940445247366585,-1.564466004443077,4.464285283976009,-4.227905033472745,Normal,0
-4.729767150293528,3.6105262923498556,-3.6986271439697647,-3.582078022728621,-2.1749427745895686,1.8158110808241568,-4.444804896611245,1.4672702329847227,0.7807560023881039,-0.927450604055992,-1.4284811266467767,4.513783475963349,-8.889097743361763,-0.6553509016152382,-0.20376375308713612,-1.5721310774085335,1.35302055635592,-0.8300766992136013,-0.874914095357521,0.6969615096322492,Normal,0
1.3138403903738436,-3.1284198538074444,-8.205769760547032,-2.561144180802483,-2.081593613095587,-0.8872522908381466,-1.2619951205552362,-2.53714797577612,-0.2823016134961476,-0.5323949604258092,-0.09335437128604555,4.353570536051023,-14.559954616654288,-1.333080010987834,2.1945704313897814,3.727566728031263,2.0872770861983567,-0.4360528058720126,-0.9152817284050374,-4.633403631954417,DoS,1
-2.6989625113646687,2.334781910705737,0.578412254621069,0.17620293629149963,-1.043655018049438,-4.233307552275598,-7.874188608127154,0.32315807240335737,-0.5452445693019066,-1.125218267099689,0.427851671102578,0.3434120481989569,-12.24700069569339,1.2997973304279393,5.626026419542514,1.0372707561248835,0.9794574581616087,-0.046162051069567465,0.17943226828306802,-0.328712186725467,Normal,0
0.35484290103770544,-0.4268804054597277,1.9598965163865603,-4.132797331670082,-0.9362982690352255,0.623779619862477,-1.396675654958978,-2.017621363157926,0.9402293058388486,-1.408684222988164,-0.8591723578764829,-2.2192420709722422,5.383716375423509,-1.0089343457611863,-1.1394456876331163,-3.2685266206654227,-3.3592727755760894,-0.32859045439370943,3.2117075862187447,2.2320931654565057,Normal,0
-3.075260023093442,0.35441206390455393,-6.144659084205601,-0.820793454081278,2.747378131553788,-0.8526950925359174,-1.9610755992409181,-0.8759413664973196,0.8653647002171212,-3.384747460645828,-0.06208824145659721,3.515917053057101,-4.705932098833423,0.959509859761044,0.6153001283652713,3.2938661859028993,0.23122936400477112,0.24387629867032387,1.000501462891128,-1.9681789228382138,Normal,0
-2.8164044142434417,0.19415532853426587,-8.478402874551094,-0.6513803095960856,-0.8589075535549786,4.583237579516889,0.5976459370376986,-1.3997104908923372,-0.7118978274569489,1.1367564430057566,1.1463337251918946,2.1443515146032883,-12.1367059193928,-1.2727270831691984,6.153218472968859,1.5906998053545216,0.9413838255447328,-1.060970993647361,-3.2464136697922372,6.45043914310077,Reconnaissance,1
0.10519951608102263,1.9274732681533315,-10.870341968382311,-3.9272351030686994,-0.5097890173508755,-0.5166021196372819,-1.8466904600125038,-3.2604259975081873,0.9100771660235525,5.39422569659555,0.6157420833970998,-0.9877988498101617,-2.7594812551022923,-0.8091288985646569,1.0611807452340978,2.0231402277039754,-1.2539405346895787,0.662841769223382,4.693683765798738,-3.95173315032483,Normal,0
-0.6986077289071249,-2.6770974181054576,-3.015812067260714,-0.6793236115255401,1.8406773119743012,0.12440559301797616,6.184195469529731,-1.7362089384610835,1.015298601822176,1.0014341724251064,0.3733900671074874,-1.0956507400494635,5.816366427996375,1.251379902407576,-3.288648382234841,1.5284979676917732,-3.3065878069331553,-0.5933141619367829,-0.045304879617034555,-2.542755974917035,Normal,0
1.889880912239609,-2.2431817185653213,2.071604472103034,-3.631458129463804,2.6471711526624073,1.7439563874754396,6.80291419423415,-1.3876911730558372,-1.3337046590436523,-1.943346414175375,0.06283441927758608,-2.525146857531058,2.51520485662324,0.35793227812345724,-2.449864289813065,1.7443270392187882,-0.17850914961614905,0.9915126520227832,-1.6260365596199224,2.315518378446348,Normal,0
-0.751031401882972,2.3034581403118084,-5.052071114099393,-3.0683956717262313,0.6043322054075535,-0.8399287715239874,-2.187478119647894,-1.9934742081238208,-1.4627395648477357,0.7589786914965148,0.3900209560943685,-0.18435041953799924,-0.7099454135375889,-1.3251970816011804,-1.0390582203850887,1.910667017658675,-0.7994179548549684,-0.5600851557607555,3.3999661190746444,-3.427507931768975,Normal,0
-1.6436298044125126,0.24086488598525646,-2.591282526496084,0.7446550677399149,0.08929303334561745,0.3681842997195147,0.9820002348647412,-1.9607754408744325,-0.9514898065921323,1.2361218458864622,-0.4076766133753464,-0.021148671833968846,9.170249798772135,-1.9465986776512292,-2.922890485825544,-2.263017172231429,-3.6385236375194965,-1.4442918455510363,3.0431996965593324,-1.052947564074195,Normal,0
-2.650428137512403,0.5835502493762645,0.9638825889264477,0.8839169790589723,0.5287111443808274,-1.3827119856232835,-2.4408320543910063,-0.6830942757219441,-0.7790908587377849,-3.107768069412196,-0.6180150723722206,0.647896291869466,-6.02266547793234,0.3611821670416381,2.9309074307838436,0.4414105667816376,0.5848544394589846,-0.5734215137672173,-0.564635690694945,3.0293156806551114,Normal,0
0.46200286663544166,1.4340297960585668,0.08430436770995259,-0.7324468816487089,1.970945490882843,-2.6861843438640665,0.3293597742321294,1.3342473754996744,0.027199374182909214,3.2528095271305624,-1.512823992935168,-3.006829824788997,8.99588741093801,-0.7152381539177879,-2.861181302699033,-0.5201052745731909,-0.938219409872588,-0.36428687982420044,4.153948432089652,-3.464963294442041,Normal,0
-0.03917419450015647,2.0739684297851895,-6.608784706061789,1.6913439618575596,5.101831980428387,0.7626848432303229,4.189532286981619,-0.6933500866982122,-1.181767219126379,3.358453304954281,-0.22269460841187166,-2.470060799814635,3.085000349052018,0.008449538558109804,1.0971878022057293,5.153929615286001,1.044089605715278,-0.1545783830187845,1.210300296747803,0.23524232713434715,Normal,0
-1.1952694613767867,0.9381025104152775,1.5476161307674894,0.24807286884055912,0.4524827921879919,-1.5783427298776418,0.5633986823165316,-2.3113762206075488,1.831006980477132,-2.419153778613335,0.3933106935524428,-0.6565373592782375,-8.843204312235539,-0.2930006033312716,1.9782798253149383,1.9223236129452754,2.7814380680971893,0.20419746861408708,-1.2908662535648898,3.4537671967673855,Normal,0
-2.524576150892493,3.5385888945882513,-9.489652255354684,-5.381175250322846,1.202346986186912,-0.5504961818513441,-2.712634420144246,-0.20988787841632672,0.38753176905355363,0.5586300285796781,-0.6363507273948811,3.7394923189302602,-8.41491001808469,-0.2890648419076363,-1.9896884316589973,4.156646711097185,1.7717847121060202,0.21540310933394566,1.5379115011650222,-6.635853507540411,Normal,0
1.2818398878371946,-0.6023187832168084,-2.684522550188116,-4.9237682801578035,0.5518184432266651,1.9377222010451043,2.0541635924919586,-1.7600865049875516,-1.7095556453239635,1.1846910472564371,-1.2159669950518106,-1.7294320165565233,1.8752656871663276,1.1908710299594518,-0.3614880390490015,-1.1951971441675826,-0.8463698813938774,-0.5870519651225333,1.9062325512805116,2.7160893348857176,Normal,0
0.655081649119059,2.900603001993073,5.8751168002629885,-0.6299056030360828,-2.3759091578352893,2.199796348616615,-5.647499969539638,0.28998836129496275,0.5521362641417847,-2.691142667276318,-0.655582391307999,2.0816579260679577,-9.273921235000328,1.1765516333280692,3.92455355804201,-1.7728507858694589,1.559715707209064,-0.0230199841502025,-4.569149690854392,3.700692694199852,Normal,0
1.746903323034033,5.061629780337474,-6.305903402616189,-1.2064488240497877,3.8926196324977544,-1.3157685449157626,-3.6194249354123285,-3.465566028691505,-0.0070315931104071696,-0.08411528328448625,0.8259171322782809,-0.20588424637634462,1.5885832435443523,-0.5260118282402395,-0.08994653291277532,3.249681636137063,3.246482285050349,0.15771535411377002,6.94670549433667,-1.4842940294130011,Normal,0
-0.4398594838483002,1.2030507130585488,3.944542524320012,0.5535759580111288,-1.0407913557715665,-0.19639038926657593,2.50791213193638,-4.261228059990515,0.50707054126648,-2.4304013442274774,0.4257944740472442,0.5693505658297496,-6.205393439475492,-0.923470574074319,-1.0908884067713056,-0.18886072877459736,1.8369325760513466,1.545287340313692,-3.0048700989637163,2.7596741524684942,Normal,0
-3.1262949554125337,1.5865211798101022,-1.0169982857638251,-1.2471353050228995,-0.5396066564478167,-0.29808869789699743,4.214992843887069,-2.747591286412082,-0.5050492603101437,1.0801917265589744,0.1719824945624504,-0.9335785864018604,-5.276167824800602,-0.026274479927417403,-1.2691455722332505,-0.5312027022970813,1.5235041153630315,1.1830771811176481,-0.8763489123756963,3.77393664192341,Worms,1
3.6770043023970964,-1.6528263399725,3.4129566451073288,4.929373200583501,-3.0235215759874707,-0.5272538647471996,-4.884548210538267,1.1927188619609024,-0.6416675462469028,2.3415500107518374,2.5249703968066464,-1.9204607974925558,5.466342992782378,-0.8167814782605534,4.735999140589232,-3.9910257807515284,-0.9395416161153562,-0.5194201740895246,2.5276888340375105,2.347347858976542,Shellcode,1
-0.57684298158362,2.7191026161983216,10.224632575392583,1.2872997339918446,-1.8567981063249286,3.9719007711259042,-2.1794193971914884,-1.0831403345661275,1.4507600210860958,-4.9332392234093945,-0.5252618994803853,0.979145294723801,-3.603055845305221,1.7522731900835546,1.7436598955601945,-2.1453167423805466,-1.1975928485561425,-0.6762307418119539,-6.899528161366822,5.705470801577635,Normal,0
-0.8636399803352122,-1.3688304853648425,0.43006993510710134,-3.3723257214710873,0.2325773048005959,2.3522448360613826,5.783797616062707,0.8564187127702234,-0.2646747534513352,2.4035150445919378,-0.6963435845473834,-4.234335811812826,4.346433091370095,0.19212336761064816,-1.4638591979233666,-0.5255493734298746,-2.692743858946459,-2.1163147721661764,-1.0571940946035765,2.973055053815997,Normal,0
-2.5013119976179117,-0.47324424719827674,-3.3423988155251863,2.3849559067959465,0.3260622299310094,2.893776445671683,7.015841331426527,-7.026951671568957,0.6479567960252406,-0.12325895134479126,-0.19549763308923243,1.1647473845645706,-7.566749657048972,-1.399312474269876,4.338492478833139,-4.9702859915129345,4.392347195502049,1.29827156690986,-1.2352870250283758,16.974886755573202,DoS,1
-0.25761410384483585,3.39929666483076,-11.652266925687817,-2.8600808689111603,1.9193340450103495,-2.0255324735216926,-1.7330830689848815,-3.6703260467237886,0.8912278712918772,1.8584540067365558,0.8146387134625491,3.511556872741946,-3.67732768080469,-2.157802092700347,-3.055857599823522,4.264939222108716,2.0612954868279054,0.3918506029578167,4.7592726323065495,-8.37481432133148,Normal,0
-0.6948237754512072,2.4091856381967958,-1.7494850974994152,-4.006638911126528,-2.3405272229091194,4.31130460785708,-3.526684715819056,-2.25443054084659,0.9039045554638461,-0.5841502729028789,-0.8426150405889085,-1.8017574158912013,-2.0018514245902264,-0.6226149919058904,2.9862378871774533,-1.7600803497707815,-1.661754056181381,-0.0056584518627058955,1.8197858340522726,6.5433551223624065,Normal,0
-3.645089909435272,1.1533147347420651,-3.0657066715743775,1.4627659100380692,0.6500255202323872,-2.7800650513767926,-3.63312421727856,-0.4405157450560132,-0.48853106209698816,-1.4876490462218972,0.5104567307912509,2.683891109012167,-9.551210555217384,0.0878580116639373,3.2793725160669047,1.761975102322547,1.1221343799890948,-0.4516333460620166,-0.5429037600527593,-0.65163302601424,Normal,0
-2.3103916696447167,1.9782053759200662,0.5727009399809555,-1.7076589879535016,-2.3211480959792925,-0.6974628184817375,-2.9895960723095145,-0.8343031880830705,1.2512291104641673,-2.1334085514462786,1.8086093100071383,2.860228734339437,-16.421256610715382,-0.7380175884796651,2.944803471684849,-0.20417724783367985,4.197125650868397,-1.0128156378409354,-3.0305253198739175,3.306354224773151,Normal,0
-0.89785348815191,1.9069157342474607,-2.6042556448455247,-0.7636590105947034,1.074315512556975,0.05864699276236607,-5.512363341668585,0.1381751358638632,-0.13465695978074205,-1.4528705472150203,0.31229936420360715,4.2824316155255175,-11.194104382218212,-0.08258846310812236,4.340553504306166,3.2810643599523366,-0.3722978590081234,0.07141185391531309,-4.306605380874572,-3.919383961048938,Normal,0
0.8094278548013429,4.770705522465134,-2.3426549005316626,-1.3411819243279035,1.6425402282859785,1.4973275574217713,-1.7390778069516166,-0.8038295559167203,0.5192734974998787,2.574711574418277,0.6801271750618841,-2.97474498350601,-0.9551798060320975,0.5170182564641927,2.7339139584307732,1.8305038344128302,1.5973655202333097,-2.592808453869774,1.8382559348456633,2.90362350767442,Normal,0
0.7778813007312804,2.048538822660991,6.890007071418538,2.422711956107591,-5.444744572200516,-0.4960126371897411,-9.675435164641753,1.0985846861908286,-1.7742841922242647,-3.393991601624336,-0.23024267147259858,-1.1393657005125348,-2.5657371334465324,0.7969325646390534,2.9841408274736883,-1.5681115332258324,0.4247886280997035,1.0336128376464708,2.071463607374831,1.5681404917349837,Worms,1
-0.8657254804346826,-1.685309526221574,0.35287015547979605,3.010846837253425,-2.5854521391751195,-5.083748234199593,2.751784564541001,-4.058975232599693,-0.027017167644053444,0.1517403552478669,-0.678870215685374,-1.0193078940041902,-8.926686644413094,-0.21321837282983316,-0.15164038357292853,1.5836185473722761,2.7381775132137274,-1.311550901282355,0.31698455427687144,-0.6411366889644534,Normal,0
3.9754415751303958,1.736422793404465,-2.877464054541387,-3.8085722288121593,4.577915413120639,0.17109010401462998,-0.2058087939783968,1.2893477725577642,1.466945106744465,1.8604902957319034,-0.09935782126530102,-2.27129751504774,-0.5317160877461364,-1.4771962101012184,2.462780455038228,2.577547635921025,4.073280375137005,0.6116920474979233,2.5676682390057266,1.613310205574931,Normal,0
-5.177268424357104,-1.8549936522591874,0.9411431249217994,-0.19521019632605907,-1.4949705567691538,-4.560085197976589,2.661671663603304,-3.9162126215627984,-0.6070463017262211,-3.6801766847102457,-0.8595557739522429,0.8561194878189715,-15.935208705412586,0.9104268159439326,1.7337767290291972,-0.9832524874470807,3.683241519650869,-1.1564357971176482,-1.3046348149818034,6.604990627219637,Normal,0
3.7609567982908505,1.4619226452063794,-1.2700387299983147,4.818661468617755,1.6176426116023763,-1.3882234220201601,-10.745182012420164,1.394690432707523,0.008772775188144158,-2.0368066462377614,0.07841769795665741,2.970776855408192,-3.7332670312058487,-0.21443169008619967,6.568184782781757,5.979532483601122,-0.5479482768315784,-0.7099138971419392,-0.6503207436624834,-8.185404933632045,Normal,0
-0.08768347173488977,1.1658669081328363,6.161289043665782,1.3679651580506098,-0.501709777114769,-1.6107005780918828,0.005100856368160003,-4.306886340812812,0.5370947919412994,-2.643826328695628,-0.026600977372341333,-0.43070639473933614,-0.3858529053526393,0.0951185219022376,-0.0036453945233809737,-4.164600309297879,1.1847470907696673,-1.1079321269556315,0.5073794500111144,5.844375290430264,Shellcode,1
1.2800663304602886,-2.6843485202273896,-0.38645533402607124,3.5406261378173935,2.7777180470112706,0.9054511881534856,3.8564644120427034,2.6513388815764056,-0.948061994488213,1.458665477309811,-1.3866779670462017,-1.288668523730112,11.063924493443913,-0.8783397502678539,0.9939176689189597,-4.442155729003318,2.7460323540778893,-1.0819041571980519,3.870638323456527,8.43288941111006,Shellcode,1
-4.133736743964792,8.13293731921113,5.196917583638785,-1.8641803014724423,-2.2174972708216054,4.761410421947393,-4.743441574837173,-1.3547184283337987,-0.5746330320054897,-2.217986150500516,0.3438625447122651,-0.39880380625021117,-5.279773770530341,-0.2816456145174668,1.9294852831184568,-3.1790772338698448,0.08555575506742574,-0.10097610491818541,-2.7240481103805014,8.982525275984319,Fuzzers,1
-1.260778125139889,-0.12668461656699415,-0.17418522736896835,0.7840763460402752,-4.770983656294691,0.7772231316175202,-1.3763483702816357,-0.17416970984745483,-1.3084746309253235,-1.4108371635443553,-0.6844622012492365,4.139535081519943,-9.926593733578462,1.4551429352934444,-0.021549648513942365,-2.3003939113788476,4.046597850566391,0.49461410193582,-1.5925459378686422,2.4189617626207602,Normal,0
-2.8566259467694177,3.9505499253404466,-9.749113024656674,-0.20010010158968994,0.0644547271067808,1.611631689173217,2.257848761679055,-5.026557145535286,1.530615071172418,1.7510182814147823,0.5679574327665837,2.0637701751397115,-4.5407146338292605,-0.6242386236337543,-2.764628492491485,4.833038969383404,0.08973893387904575,-0.6777464982678786,0.3306366175676889,-4.042833887849119,Normal,0
-0.6881271190207873,-0.388505780828188,-2.1280247499342826,-3.200646974025245,1.2607818526758074,1.7965299872819096,7.877055308870222,-1.447704159204295,1.230102183073231,2.4527397618041737,-2.213022111328532,-5.217410687501975,7.599486965413671,0.4686188253559924,-4.099135300428694,0.780796281417502,-1.4361754323523983,0.7380787516866149,2.338774851064131,2.682441143639836,Normal,0
-1.4162616237049837,0.8724599232241373,-0.693833155204735,0.7842281242068692,1.634249945945398,-2.7186468168368823,-1.3452845236341373,-2.6304775075693634,-0.213332916201082,-2.437055899251017,-1.1394572445525422,0.30534590669478257,-7.429423564970685,-1.8234964332148014,1.9908244712226193,4.16281066533165,0.07661812589999606,0.6752148653262328,-1.1296744430980974,-2.0330608097304514,Normal,0
-1.4469192855374147,0.5192616195378689,0.03930512332858782,0.7451575015730985,-0.7992431724921985,-0.12636603090162835,3.0811792506168283,-3.882693659179427,-0.12478458239113234,0.5212960887189022,-1.2866944024914968,0.7184273026690584,-3.646527002306461,-0.4269588364283679,-0.10817760672606491,-2.56404544327005,1.1774463987406654,0.8503355529804406,-1.1100203895019252,4.434777438732525,Backdoor,1
-1.0994109374931003,2.628739272437768,-0.2421679292113305,1.2642723511780067,-2.354487215843752,3.6698597077977393,-5.002026694763531,-1.9519429569698667,-1.0497221859059624,-1.7658632715369307,0.6509556711106305,3.0507177332278195,-6.155016388298107,-1.8976953602849258,4.706453690132288,-2.9911898651876436,0.6279561859286454,0.5207592263469469,-1.6468163032238416,6.636259485024654,Reconnaissance,1
-6.453776916445907,-1.2276626218664553,-8.860136289742155,-0.02583115552689752,0.9401733525083347,-1.7976936897880345,3.6932723588201695,-1.5129931463920947,-0.70189810539909,-1.2682557790103686,0.6346302063920273,5.4437999687365375,-13.742345606091426,-1.1613821472542445,0.18810962834159373,1.4099624418125583,3.8677186851720107,1.3360196867583152,-1.4770191045117618,1.954811263400789,Normal,0
2.7725600406839135,0.9848076129974892,-0.25932514751979596,0.6468056185805438,-2.488212241938202,0.8601138884211654,-10.080443853323736,0.42530925191013325,-0.243893539629392,-3.3347963117320223,0.07936601339153318,1.9459435049442573,-2.1756495485574048,0.2818324840548217,3.0373696938611427,2.6223010603089065,-1.3260352657241006,-0.34138077704952186,1.6279552106075628,-5.050096279153775,Fuzzers,1
-3.611494725645901,-2.0942649649448883,-8.201087490691359,-0.8276218965554385,-2.7793421533647797,-2.0246248601691508,2.1712332941279238,-1.3067688571220901,-0.5093741983254958,-0.9138732259761739,-0.4509639480337017,4.342092203652516,-10.345798445126409,-0.13526668017495463,-2.588800007845646,0.22653411350882968,5.1109089237979966,0.27185914779272075,2.737034118796839,0.07865453545560319,Normal,0
-2.467892421439453,5.112613697881422,-10.587772090084755,-3.738252294326149,-0.42017300731492657,3.575735286154854,-0.7693963819350913,-1.85839642681317,1.0097147675438718,4.396001399743318,-1.0477629502589543,-1.2345858923472723,-1.370185450569959,0.749842223524697,0.5293857146709886,0.772026637854474,0.9324603808536618,1.0250456494261013,4.6197931167456066,3.2137343046294164,Normal,0
-3.9070055399622445,-2.4322750792208025,-9.382121639569494,4.694770063003686,3.7944385124111557,-5.234674435377465,1.9344693514303803,-2.5482303763950935,0.9557251929512316,-1.3649968211715229,0.01378276463087382,3.115063475429076,-7.227788776387316,-0.8963736514067573,1.437949323208143,7.055216122687987,0.4862035121914208,-1.0893887574613736,0.5052847498766753,-5.860145252694519,Normal,0
0.7327434490738147,3.7767910199616836,8.330250842039819,-1.5829664797204268,-3.5249651012237533,2.472449444323911,-2.291483898197897,0.33818342133505785,1.080855249860043,1.3043763176605,0.1463806397295397,-2.5030252999262466,-2.047014938258599,0.5464503795186555,1.3393853470477084,-4.171190957238057,-0.1646965398487732,0.6855091273963796,-3.166172662830793,5.057009229368857,Analysis,1
1.6504537856178731,-2.057640079714111,-2.1509700182019484,0.9484339526296324,0.9912649438533743,-2.167463700039082,0.8421440736622047,1.1655148707057295,2.677060531207597,2.7273976255975754,0.6294982240808755,1.194995195306005,3.574923220148279,-1.4864476379004168,-1.0113818114678028,-0.6120183044722873,-0.15294634006485563,0.0021708471959423757,1.0570474105706364,-4.566735658766283,Shellcode,1
-3.0214657028184106,-1.6499839417399422,-15.670818678628036,2.6960259986398913,4.76912098557569,-1.8244927271112505,10.622432270511084,-1.414050127443975,0.5280992622763334,8.800115413704352,-0.5237975968349913,-0.09499982045208788,13.618509801180794,1.8478250031315486,-6.603579147786387,3.1454047138010823,-2.7768464404839968,-1.6824688961006844,4.897264246034997,-8.30293127222886,Normal,0
-2.8593235906520706,3.2633056879122324,-1.3607329585642616,-0.8875134947769858,-1.3318884705479883,1.9007026494605532,1.5498077265124224,-0.8582106655171027,0.17227974771628662,2.439248002131687,0.14165422108858416,-1.6455675017242142,3.0172021038311483,0.013271752391360402,-2.7156683388984884,-0.6514887324351657,-1.791492458795951,-0.0070791300016539915,0.526763972888548,0.5416051899628478,Normal,0
1.7567606549858144,1.5428789299979764,6.472933547070237,1.8554605917651419,-3.020135771791445,2.2213077129673238,-1.3500669826086051,-1.6296524709858329,1.5113259857834025,-2.017034628208411,0.11329442729253622,0.7832119212067807,-2.4817572450030614,-0.3131121085283415,-0.014234185022150347,-0.7962043004739625,0.03121135946246545,-0.6089355511311296,-4.07159456763006,0.8700206729839477,Normal,0
0.34343469884315025,1.425224826846279,2.6811341646753437,2.114522878217679,-2.9219680900362413,0.7967470934706844,1.2241810717728885,-2.193231896194234,-0.6832852632175852,-0.3886129893131275,0.6554853247141043,-0.6683979281351466,2.183235451233061,2.0781440593944795,-3.581363460355856,0.372129040934714,-0.2199743126383571,0.18349651270264328,-0.23093786381725945,-1.593445958087469,Normal,0
-4.614478767303231,3.0764984478096133,-0.921456136039982,-1.9149570264044096,1.0584441065572294,-1.2286509559956946,-3.7901923419244863,-1.2004643289234682,0.3755857489573709,-2.629887482439793,0.8302093880397223,2.692607716542658,-11.892481081171784,0.9451189004723339,2.886007706669833,1.362751875720728,-0.13040583874431122,-0.08098411445023078,-3.0612396526471235,0.4339437998858702,Normal,0
-1.485393426578014,-0.44981951335531,-5.5629965583681,-0.5685775721579391,-0.09729586979062832,-0.7690743864842777,3.0101231321653215,-3.6847533815415177,-0.2684898596883967,2.0471537518999012,-0.0222621896151464,-0.749075637590672,8.413484620823336,-0.018167632908799185,-4.871325846023717,-0.31335023438978316,-3.6199881982519164,0.9020834376005004,4.5540799701608154,-3.8125921487839687,Normal,0
-3.3041136060897998,2.346754899360203,-3.9647740244898793,-1.2612024151260606,2.7750352395468347,3.630144226257741,2.905531315111788,0.9816050312365703,-0.07969582873034067,0.7589130038379361,-0.5012192318977378,-2.145051015392134,6.543183390975516,-0.6386407827659374,-0.7431733152470219,0.010265508192728534,-0.5987993031095675,-0.6709311005343637,2.245535205837024,5.852808595785339,Normal,0
-2.2117765898644146,-1.5697493215417433,-3.1045285168249457,-2.4166547214419136,-2.008953296193695,1.4719233444746955,7.659040300922317,-1.3141719735946435,-0.5251506527596319,4.709664304559814,-0.9018445685352869,-3.9691454152746863,-12.050740240441113,-0.279159393258717,3.669669739580436,0.4277288729192543,2.1230710282715344,-0.6224709567788811,-3.644949194924631,8.397878884133142,DoS,1
0.19825604771102023,-0.33420254599253196,3.4469424277535587,-4.256778483353536,-0.6809105286854438,1.9389859562442733,2.9607581327083436,-1.471668483102211,0.40476243343132756,-1.3089901458382487,0.43925948938067555,-2.8241816947905933,1.9962429049956687,-1.3749656476773362,-2.281240989431318,-1.0138174913265194,-1.8322308612596387,1.4803096006619325,-0.6491013987145666,2.825681842993581,Normal,0
0.23052772386429865,-2.531829846297752,-0.5135895006641222,0.6238914552442648,-1.0421604442987937,-0.5023474667815426,2.3113057963078627,1.2465101045823173,-0.6827956085012468,-0.10027674098536332,1.1186035774008911,2.6478800277734544,-0.6245117076011687,1.2513648985189492,-2.573034032827487,-0.6982259176612773,1.3890736596211437,-0.20691816824627107,-1.0620877841540288,-2.340925739157376,Reconnaissance,1
-4.134520733915146,3.808288335624725,-2.413100077549105,0.17663038297162226,0.2685088798304007,3.151681175155665,3.5524301225237798,-5.038875553650901,-0.25028373634563345,-0.8820823303012153,-2.365981147732006,0.3741764956505329,-4.087495815170118,-1.283262173674004,0.5233551403730956,-2.5506932532376827,2.714891273404683,-0.7498877459418788,0.08605402805388307,11.280056245399976,Fuzzers,1
0.7575266532550113,2.7823276570319426,-0.46221670177340923,3.1227678403004084,-2.073581162376591,0.7605929248623422,-7.159574514685446,1.231225473016722,-1.4629148869780788,1.0840269329368288,-0.3640012345478949,3.0297000706989503,0.4676773772998497,1.650102213808546,1.1317027272725593,1.0590747115563208,-2.486649171723201,-2.2804159731577003,-1.3838016090995495,-7.355381149185478,Normal,0
-0.14481565568549382,0.9020953944722618,0.45929741158925536,-0.4402576224292283,1.0344347940638965,3.2274665985716133,1.9010846207950318,-1.5986496560298975,-1.0812659295458893,-0.14691328396893444,-0.8241782798004911,-3.3248395852567363,3.706091709246759,-1.4202132730195294,1.5956948839464133,0.22460178508475148,-1.9207230945777358,0.4139856289289939,-0.019952068530274314,5.596574550938691,Normal,0
-1.7600258865438811,0.5570678419190027,-1.9683112082486651,3.959600090525286,-2.4637487493488988,-4.809135191693215,-1.7353101392430499,-2.13073249270221,0.9133294119466377,0.7212375559091937,-0.29369022617075313,-0.10099110504767461,-2.5226193191072195,1.3951673934928166,-1.2566687640134688,1.4931328696916926,1.0370843438553323,0.02753380967865958,3.558411247968185,-4.3290539131207035,Normal,0
0.9453055269658277,2.2033652236736785,1.3225466155197119,-2.463321786470429,2.9366986150889254,1.2644330047512122,-1.5239936062875534,-1.1403645049392042,-0.6348363515497958,-3.3155216638447804,0.6335039556375781,-2.5159488565984676,4.816756246564307,-0.6378255221768903,0.29270915063016334,0.2275700543855621,0.7639349911693856,-1.5784249760812215,3.9304858595711902,4.939013558741178,Normal,0
-2.5792986195445744,1.369162223681047,-5.501910982859515,-0.5022976538931414,-1.331837634812882,2.0645641372183507,1.0417246277795662,-2.9100991338041515,-1.8050291283624669,2.766971441463131,-1.051284356794708,-0.7836913568636187,-1.2339147557874373,0.3855760361110734,0.5303952198358355,1.3789660498714518,-3.6872005360283393,0.45854175384171414,-0.5592520039577855,-0.7109768799367895,Normal,0
-1.2155675139801942,-0.4509957098542199,-8.728094170054803,-0.5035734535751596,2.0677409120867494,1.3098958018280003,3.0261990003857555,-3.4685278829566757,-0.5875357849791466,1.320929628318074,-1.0457106472694933,0.7381809949609632,5.758606557759684,0.4481534001069268,-1.8735132341326017,0.8517877300124603,-2.1751839132128197,-0.9636897256181444,3.5790163686055085,-0.7230669469795493,Normal,0
2.172596735384591,-1.0100398605659322,4.4950416763224785,4.677707622956622,-1.0393229284122538,1.7076697544042967,-2.6587390180504564,2.6495295488877373,-0.944823893643764,-0.9023662693124935,0.3877868268899114,-1.1401956028976947,11.389936239693538,1.6356295007752812,1.1707141025463341,-4.117938059543624,-0.24960284864373028,-1.7967832458768926,3.0267020046201774,4.582129364571232,Generic,1
-2.8838717222651353,1.058543253887508,1.1029476141044594,0.46569224495387507,-1.3600147282814616,-1.0392084741224221,-2.344769579162983,-0.3431442989807495,-0.3984565703230503,-1.7926520192415725,-0.5823021314299596,2.327353146840079,-10.867111895691757,-0.19868111556839854,3.3560915188901923,-2.3184063039687284,3.29068364277719,-0.3681496669891692,-1.6497545765295212,5.594722157457756,Normal,0
1.750866320097341,0.2757546997096654,3.6368064995968474,2.330878490665871,2.0844232299005268,0.36476895670182863,-1.3288741441152425,2.1341956620054776,0.48631896232978217,-0.042762392534659854,1.5346556886871234,-1.0648378059320245,11.348859379943104,1.3060868702483144,-0.2064071790297275,-2.405218223362003,-1.2786528013871417,-0.6343275602950759,1.8727759295668354,0.9312573005257205,Analysis,1
-1.4939227911186694,0.18230240587565794,1.197919850822124,-0.5273101434083508,-0.027753269119734192,-1.8523078525945462,0.6307166877120645,-3.5441106718335913,-1.113105737694444,-2.10504544039681,1.1754260623468091,0.5157957656244923,-4.79044161265085,0.7537747113564292,0.05947666202037216,-1.0112890720824117,0.6986161380198574,-1.0121835811265585,-0.13831690451796974,2.4353614417998832,Backdoor,1
-1.0097679632394292,2.365962859641304,-8.524503862037932,-2.9593980444749213,3.9116146284774067,3.210418804537551,1.0718140723461924,-1.6586384144225295,-0.4345911478260124,-0.5685343810703902,0.9847208482486919,0.5645248586251013,-2.593178830513176,-0.380780872340753,1.5273375474866735,3.867710808857816,1.7126737810061172,0.1429332830289056,1.6215826974243073,3.068163554593843,Normal,0
-2.110011544938477,0.6814871955232357,-2.5222889656632512,-1.7711663783075173,-0.8630146955834086,1.5373521782615556,5.864821525211345,-1.2545932696277289,-2.0797893361606343,3.4193275657023716,0.21103372929094982,-2.6980892682574953,-4.852481857380346,-0.951267688212614,0.4576186591226993,-0.7847582029183093,2.306140031294914,0.5378410736607816,-0.7630177634391817,6.8536279214564235,Fuzzers,1
-1.4401472364446175,-0.38738705343884194,0.7437020097465029,1.8721262455514198,-2.381185405714749,-1.687563023864029,1.6813699937986395,-2.8518473566581255,1.0058286206592073,-0.48689710553873655,-0.5264848226902434,0.3323359639296889,-3.3458083782992096,-0.19969908193814329,-1.8159911795054704,0.340224149772967,-0.07098367269128913,-0.6017875088606148,-0.7459475552392658,-1.3639647653378917,Normal,0
-1.0771883988601831,4.061822787424877,-2.100506477865117,-0.7233734474547088,2.205758571767281,0.8771873073333809,-3.0082262423202573,-0.2918424894485242,-0.6590158484933484,-0.5316012265176175,0.7037242080689715,-0.4858195513486475,0.05219034996484162,1.1284888883891497,1.3848923907492532,1.68467332874949,0.5584705365761611,0.236156406987923,1.8085031779447283,1.26461890377152,Normal,0
-1.75201858791833,-1.3210369255859393,-2.913145388376887,4.72976916767038,2.011052809197306,-1.7483404582128708,-1.1914988668277025,-0.7718381347762412,0.44450169353043195,-2.3162945800590333,-0.06885629150462086,4.342900036225032,-10.252172567603742,1.130831823162261,5.0722223958234745,3.135750112329943,1.6482257654133832,-1.4843264358857589,-3.819635270283318,-0.20147915401151062,Normal,0
-2.8630786290551526,-0.21123366427328438,-0.42134332509573547,-0.12245209990498918,-2.9387443902977006,-1.2664171318708919,1.4026948302763511,-1.480130638924364,0.9070498189055277,-1.0886671785167086,1.5809464319541704,1.0537384019132772,-8.939048406718772,0.944322443120109,-0.4985593889848694,-1.3534803583553856,3.536958996903519,0.3898654545349406,0.030014257629077168,3.8918826816294514,Normal,0
-1.437544944304138,3.6671854186204778,3.8344993244726835,1.428161973530706,-1.5431872404760403,2.943633869136915,2.139290147342053,-2.7116059161657855,0.5489984976655381,1.4062129855461734,0.7483736725592421,-3.3269019595733345,1.206780561071338,-0.1542379467575356,1.3547137088852204,-4.1632941075523515,1.021131627739697,-1.7920889937244764,-0.2932825823259402,10.77559853639865,Analysis,1
4.786346115951158,1.8096428638071598,10.600932138478655,2.3020609049813134,-2.7491212661153455,2.4056357336452967,-9.87069659015776,1.8864604948845507,1.618010572954878,-1.8727069456176835,-2.4750652830730395,-2.9911471877808005,6.121478935285308,0.7636425838823355,5.785381384790403,-3.716916725905007,-2.752235141619334,-0.04856011481956304,0.26068326849629053,3.875017761189106,Reconnaissance,1
0.7047802387264284,2.730544859824276,4.4552960458689865,-1.04199831335252,-1.463267736933661,0.38717757804023334,-1.8411355074576836,-0.9791379638385326,0.4517907556581576,0.8688902888587325,1.5488946082720827,-1.5381709552823226,5.438706226801413,-0.6299060427037885,-2.109474280861894,-3.1975846925779705,-1.8622654345987844,0.3717439093839975,1.0140651376970813,-0.14176268143961623,Backdoor,1
0.06678474137177726,1.1499977853196213,3.2667917930555546,-2.621466681575987,2.4838181932926267,-0.6498235122552176,-1.6829717967560947,0.7360855132065758,-1.4549544662522913,-2.857941716472846,0.5801133729923058,-1.9215464483903932,5.558314817503435,-0.015490022116927378,-1.285871725133338,-0.4816795827296465,-0.7227748179402848,-0.5515268242807339,2.7507793547561743,1.1261537001112771,Normal,0
0.044151565643290036,2.418568519529461,-5.225094633348773,-0.7177126710198404,-0.3354352270936458,0.45440109635829884,1.760193793804049,-1.1807007724314817,-0.19685509039307414,5.5427614214785095,-0.20840350783775094,-1.6789573247902045,-1.0510128557036285,-0.3052627468312322,-0.37453750053672363,2.231625522342124,-0.24704001433001221,0.4896939541937503,0.3518434904657084,-2.942651865171435,Normal,0
-1.1165643201150983,0.1888363848411112,0.1246956938900533,-0.7120892589948221,1.730779726774423,-0.3788574526156405,6.474333317589734,-2.2937704331593816,0.1235174623658303,1.2297549516690807,-2.5438013006149998,-3.3336002372679694,-1.1028249762506397,0.128412895109899,-0.2827446634153663,-0.3429692004580125,2.327608218457361,0.8035848052548032,0.27666208671132697,6.617203124572359,Generic,1
-3.792276263458467,0.8169136751491185,1.8465800208345957,0.5035024627964596,-3.8332747131945277,-1.3740767121850352,-2.1801806045196512,-0.3823421903724018,-0.0897648872738478,-1.676526106500514,0.08609437179585895,1.6614549536036487,-9.814885691297606,1.5055071485491969,1.1974680986605584,-2.9690517280885578,2.6058178936014533,0.15396226626563522,-0.6545674354201876,4.514875459381854,Normal,0
-0.5309869295434894,3.6815394570134616,3.7072671853651804,0.05120050327025316,-2.1125438577717195,-0.8433772213721049,-5.764373107559239,-0.9266034402634158,-0.5679106765132114,-1.8564329447109666,-0.9537798798020337,0.7954869075499656,-10.208863458534148,-1.0616904243080318,2.731926622476151,1.358219405066471,1.0327428608724853,-0.9066321640953793,-2.703552088142851,-0.8623467291058777,Normal,0
-0.555546426341307,1.1125408609826608,-1.75623527012139,-2.8342160887303853,2.7463574938631155,2.3682767979141848,1.3362492419758087,-0.8192829067567549,0.8536630070653789,-1.8065966553278034,0.23748399180216492,-0.7396236327883186,3.5140222249137727,0.8488472818375628,-0.7242333750829458,0.1600865828299185,0.009230351777413492,0.18209622233075679,1.787375142096777,3.90165623197402,Normal,0
-2.2927018337280556,2.910202392105602,-7.695115618339017,1.2822339918978498,1.1167421023318758,-1.1748142081221276,-0.9566884326484073,-3.8146546547959104,0.5493988336672512,1.8998069081457254,-0.7251253544177355,2.1230709344126124,3.6161228039225275,-1.614522523521391,-2.6800267335988903,1.2730128749101153,-1.9797018547091236,0.5187680446311247,3.6875212848750385,-5.449847956554058,Normal,0
2.166719574361693,-1.4362289192553512,0.21282017329708247,0.3896790249583989,-0.9435156885398346,0.5016380486075759,-1.5961049015726871,1.7349610725232014,0.017688064918399277,-0.11835256188360788,-0.53526270451034,0.22431124206325825,2.8576755946158094,0.6044895601744262,0.45304531759156874,-1.56267258719246,1.2638703438656995,2.605160551093298,2.1905157303480767,0.9497246520885423,Generic,1
1.2578525419137383,-3.0682178353480385,-7.228693976091427,2.159078488665782,-0.22089055393103463,4.271402714463954,0.941880777094756,2.3748193906493915,1.0348156283499688,-1.238390619853875,0.42914151966160685,4.476294188204866,7.64782368496226,-0.1553669733555032,-2.212730681120489,-0.6476578515811756,1.8929957394857722,0.6336381650075443,3.453935320952444,0.5104053538409582,Shellcode,1
-1.8792753677136926,2.8685717099033274,3.1769704723433314,-1.0229727708430345,-3.4064122363748637,2.815640967254936,0.48705836496795374,-1.4196030816892908,0.182136194000205,1.7183011226402463,-0.36788081658261934,-1.1961293912129358,-8.369947902404821,1.3466759268360422,2.6384057108611443,-2.4779942788187315,0.3710192888818262,-0.43184734381704165,-4.588879590335935,6.583034046358628,Generic,1
-0.09685216404172614,-3.7762745998011624,-7.758193948211113,0.27846106573404006,-2.9170870192492,0.007696732635635861,1.6818073679595607,0.4546860996230633,-0.2748963788021193,0.4429155529520328,-1.109336332221177,3.311151210141243,-10.012723053783777,1.5990193321002086,1.4586271012270102,-0.12805963685899635,6.25264196374795,-1.6159727887442987,2.0395282578126417,3.2983266537653932,Fuzzers,1
-0.1592198008055128,0.7990881956927853,-1.544744179956069,1.224844276719154,-1.759604501079286,2.56663566798193,-5.781402968589107,-0.07517110798984694,1.731252309290564,-4.703766673290686,0.41251458077094677,2.7618373228635553,-2.317591626509242,-0.034682259045993494,1.8729165362456008,0.9911645567891103,0.8754943035457647,0.7800059609916365,1.592785501193343,1.551813149382404,Backdoor,1
3.002720650267227,0.7567945473341036,3.5492737932579104,-1.131583014168584,-3.98337028008621,2.34178466715868,-9.532646208981584,0.5411987392342379,-1.217238649889543,-6.854090859340565,0.7249503535466539,1.1088177706145053,-5.757451856569764,1.1850762665583683,2.453639249916572,2.9391556115640407,0.5645381656773747,-1.2207345670556264,0.5975981542261308,-1.4041321467011794,DoS,1
-5.032906023289757,1.2846694952127926,-5.352836276767136,-1.9885837867882015,0.20685967087927581,3.5893376661558793,4.673739003635193,0.5378186428162683,0.3355054412351294,1.6974319068467834,1.097793351904618,-0.3796908163696975,0.4146654320027241,0.9352125215054032,-2.384697662201995,1.4928636243762528,-2.1382047579610175,-1.223541566041858,-1.6035780111325542,1.2658585146058323,Normal,0
-1.522104637168932,-0.05391103009097353,-1.8066375147862113,-0.46240388530322774,-2.048299897048838,-0.021846443364397672,0.7546026654794716,-1.8051043207775368,0.8394289191976938,-2.8849639532189615,-0.11710322685533016,2.7638606539881003,-9.707219619635044,-1.954922641123551,-0.9691187211111769,1.1260717281501602,3.996356304625322,0.09017849669256522,-0.631856861848368,1.5573764645248047,Normal,0
-2.0345882846153733,1.7820425792204921,0.13494999410677488,-1.4030443552619212,-1.6550279870663893,-1.986108633236532,-0.1183891249545258,-1.6127192260057304,0.5200464941938938,0.39045355710056473,2.4628739651691522,-1.1096752462702697,-9.346345453281913,0.1945510073683852,0.6318290585841098,1.1363305653056652,1.8913243031469356,0.8283374677817912,-0.6115718923707496,0.829790995896915,Normal,0
-7.151255664645447,5.246190658885499,1.265135377035027,-3.0422930425942916,-0.7662657221819582,0.3441531390399617,-5.055925376003586,2.100801488031474,0.09971984611754682,-0.7227016565971538,-0.18012638997650401,0.5998154801592523,-10.870219252798822,1.8858912804286394,3.810565210665667,-2.4820146145335014,0.34130641781086124,-1.421083377099567,-2.3995239736328324,6.252167570800232,Normal,0
0.05797044328232692,1.2123333901091176,-2.619477454369818,3.6891807957596754,0.635900829791086,-1.877504400361083,-5.977209938515302,0.2011095555458451,-1.401984268282893,-1.1638979758282242,-2.102701753557958,3.3031149036439325,-8.421300121619446,-0.2910258930152916,4.516635469945631,4.644180742299594,0.652968454899761,1.102626308382792,-1.9495564381739654,-5.369114333498323,Normal,0
-2.893008901290682,1.1419335075581962,0.2611504043883528,3.3734268468043083,-3.074367519735645,-4.904936248727805,-5.551016923939453,0.5280219443345318,2.0123285817551695,1.3100014718860211,0.38599081101934346,-0.562220047308295,-7.685337592867516,1.5968082795036493,3.4786010017451643,0.21500016808756772,0.4268299033886378,-0.7412274174241421,1.3107080017242634,-1.866360071573905,Normal,0
-3.67451562372647,1.6792763833479034,-3.8784882316486082,-3.253159781325932,-0.4962100006188608,5.153984925392803,4.196473174711635,-1.681569485555822,-0.6740609036543742,-0.28435532610835756,-0.1199064110521603,-0.8764006598498586,-3.1426189118831784,-0.020912349557911533,-0.9748279130244526,1.8802799281980165,-1.4343149549158634,-1.1957083472240397,-2.415300353264133,4.290934315181847,Normal,0
2.8143966050311535,-0.16090737235390362,6.1813210617213485,2.674205013520269,-0.5062756168692684,-0.8601099848614453,-4.670081624625899,3.2494863756726353,-1.2047884208037478,1.105702783180658,0.5027250604054202,-1.4925576038284176,12.247468125282433,-0.9156429732353404,0.18503526465205278,-3.9951030436089736,-2.9518412405068863,0.3169591410187639,2.188111217385015,-1.9853359012188723,DoS,1
-0.3788577800427304,0.20878827336239691,0.5130671287549635,-0.6790418955626454,1.0571854274200998,0.6224540571284877,1.2110561698134472,1.548373876100638,-0.1681137742177196,1.819268152472905,1.271919995586886,-3.206720579950072,6.982316705636706,0.43211416532507396,-0.37870910459191687,-0.933637297266912,-1.826524016159477,0.2722317474079267,1.7561147601124858,1.6618537314306367,Normal,0
-0.28950670745833396,2.6929057751540775,-7.98720684256517,-1.5828259949287808,3.600612505406289,-2.832984347829946,-3.656849957165583,-2.225496904051743,0.8513319673467323,-0.05908175268725735,-0.6737520332390572,1.2357079603815233,4.184503178859879,1.0067496355982357,-1.859889854362704,2.306952239738054,0.3803412983700356,0.959173625095324,7.542470284533106,-5.246894699110768,Normal,0
5.048476383595974,-4.3147370162419385,-3.5663786562811355,1.9309167161671605,-5.88169582694705,1.9097303408085131,-4.719524678825364,-0.6729404337101239,-1.311126949731419,-1.7184673857499133,-0.6010895660413919,1.8387244554061446,-5.898488607076159,-0.6373283556090819,3.777898015640882,1.4349455727706042,2.322047935399975,-0.4730244651798012,2.3728354335275936,-0.4021308793597407,Worms,1
-1.1527904391582893,1.9703715956658678,-1.86480558545652,2.598478447052297,-1.230386751617646,-2.7489460184497165,0.9011204877721525,-2.40636141980354,-0.8895409182894928,2.565687141020575,0.9964319432216039,-1.0325439952851752,-2.256485099381104,-1.2415162853732897,-1.8466861630122953,3.3019954898393156,-0.2710684733406694,-0.10677975865396522,0.261123017707916,-5.648688398145829,Normal,0
-1.9295709380797104,1.8389711629949177,-3.84573012054498,0.1704234596476617,2.0943751462881353,-1.0525655674702479,-2.310942113168055,-1.1213326844489444,-0.9514786809038223,-1.5400911619487456,-0.30926022202156084,2.5538276074237474,-7.939515424354946,1.875910722591231,1.9945195675641227,4.496280342153589,0.23339744683178498,0.4554608412714052,-1.884983104584431,-3.472469482555069,Normal,0
-0.1060869424650639,-0.239526859088538,-1.0439674322683585,-2.7904773235138007,-1.7328291712451698,1.0067771389370532,2.532555202053089,0.5771292550148786,1.1024326416172194,2.5613108554338235,-0.9611550352626188,-1.9421166711132023,-6.964956202938611,-0.8815099646745195,1.4014896232855525,0.18288887823120215,2.0759124159408584,0.9375640137582277,-1.5105659107491798,3.293702422791848,Fuzzers,1
1.7452166627343255,0.37055717403841815,7.4742746173272305,1.0678672896724337,-1.3035532998036867,4.129695956919667,-3.879330435161504,4.685488679004344,1.9381158447244513,-3.69211055220922,0.7957765740255877,-1.1568650447604663,11.687310527812196,0.2654303760645662,-0.41932367894638234,-4.758721578248968,0.21421687906107056,-1.293996879250124,2.5021271273962626,6.552860570021965,Fuzzers,1
-1.773409453026641,-0.1494654240118758,-0.24493601750553462,-3.196354274029945,-1.709723319373442,0.5427792789532502,4.8222761878831175,-0.5223838072205548,-0.7291790521766582,2.9014105555972876,1.127185075343519,-1.8015734321074288,-11.723782610723948,-0.592512596030106,1.89816218550749,-0.42413044011870193,2.5038385928687386,-0.6175359467146098,-4.053142999155453,5.40439205787504,Reconnaissance,1
1.3458322067334354,2.0124967891432095,1.7763512033057203,-0.7166472396463006,2.542923760538713,-1.7869505273499016,-1.2321874418370728,0.886513066841438,1.286871921509803,-0.4518751589527177,0.21686676129199955,0.29524168747708557,-1.8562833398244014,-0.5754938958563004,-0.5003448542488541,2.901710921454305,1.3139504162301234,1.3792494261623907,-1.3154414062549802,-4.350580174544292,Normal,0
1.0347523883969,4.420944743449439,-4.271743674539927,-3.386668281707068,-1.7004230595775183,-1.23985806843082,-7.925522700507798,-3.111788188588355,-0.39132207752028364,0.8179420199494811,-0.9317567818050291,0.8032083676427155,-5.621560003868187,-0.4705826564233987,1.371569322386034,1.0853553842920327,0.28756927591266845,0.7022623719135461,4.09010253299911,-4.148022297108449,Normal,0
-2.8717257141484565,1.117982121751921,-2.38524899658871,0.7235619783780978,0.6598531428967458,1.501680016212486,4.428175775815614,-5.74500121926385,-0.7099519004865639,-0.7989754513799525,-1.5927377584740732,0.2861966598437089,-3.442186563319482,0.12736873877327487,1.2287311564501642,-3.0440258745094706,2.206435770538529,-0.6790925674132892,0.5452396611826618,10.68657894840803,Fuzzers,1
-2.1613637081754358,-0.25876934446327216,-1.3516294403009537,-1.3002021280624012,3.0767710381889035,1.8836767475044929,3.8038292629733617,3.387884064364531,-0.14593419520458695,1.5844479851590683,1.3285418523493597,-2.332707978871359,8.282612373759742,1.4076661345536252,-1.1420850494498742,-0.8544950584815525,-1.3803880724761504,-0.09586726733486632,0.9765552445341548,3.3608827805405745,Normal,0
0.635905312952896,-1.4364051041422505,5.025222232180955,0.46024299538167723,-2.5342770253253883,-2.1867603047083226,0.08389861579591823,-3.4694869240650124,-1.8800076023684493,-3.2106167047826117,0.8065438637417565,-0.16319857201288857,-8.399718590682987,-0.7266577972596497,1.3816066334286885,-1.462806371527372,2.4550154075648507,0.22307427323713172,-1.1010972281782356,4.064507140355562,Normal,0
-1.5282104225281916,-0.08481039781827548,-0.45169979642473,1.7938608834305947,-4.652333239335756,-3.8177451912922975,-0.2840174580882503,-2.351821413526968,0.7803235903028443,0.8644722248289023,0.13790211610976857,0.6238063996493235,-10.967195275696806,0.35382007460241144,-0.4700648028517238,0.8653696336881567,2.706772648358699,-2.58565322481448,-0.17202101036330752,-2.3860976186844494,Normal,0
4.510223293197999,-5.660427101369803,-6.924747453004562,-0.934300399694211,-1.533318473273105,-1.8770026277977094,1.5188576065632717,-0.27924873786038185,-0.6105815971454611,3.2117911109817756,-0.47684865915790237,1.2540657607129588,-8.750843737313662,0.2740446038448129,3.1515923556168124,2.018045931998437,3.4321244871437155,-1.4151250996575062,0.794283399239343,-2.761525875649846,Backdoor,1
-0.21459135512321814,5.561142041641015,-11.905378793355778,-2.489803872017284,-0.11165581953596093,0.06450055237879293,-6.605987887538238,-4.459499563836745,0.2308899226704679,1.6843146174915327,0.9267044828267068,4.2929573298821415,-11.288605061847548,-0.3349142915775115,2.033507815307784,4.59982988012561,2.0054937021857207,-0.13947281605210232,2.607162910019033,-5.978699615244548,Normal,0
-2.722357745911468,-0.6957486705874085,-8.545967041289524,5.411360107598096,1.3313120863021757,-5.310646852030782,4.308372669436701,-3.1882151273877666,0.594489129883649,3.423099630908343,1.0509034928830834,0.8793119851592983,-6.132850158272927,0.40500471569711505,-0.9534279265677705,7.309166322450719,0.4412489922195595,-0.6455201993917885,-0.3097354278281975,-8.957957816983212,Normal,0
-0.9230117749373619,3.7377271239101195,3.018127283965815,-2.3356869594548613,1.8896167040912035,3.916708086952253,1.2227058218712723,-1.874597965903203,-0.8552333004345047,-4.000853543503263,-0.03191629980651214,-3.477432066613908,1.5211012873639989,-0.5865195926238929,-0.11544027880008967,1.411281360265365,0.8585621073707941,1.1298824075532663,0.48368320942781895,8.067899744442052,Normal,0
0.2889482891629014,-2.8349170358303777,-3.470681611372011,2.4745537402192834,-1.420889697390991,3.3785050050886967,2.038475549775207,2.6523637040008516,0.8144239716875006,-0.9291828071750137,-0.7003271630271423,3.070833531805228,4.717115970880368,-2.430566123844962,-1.641150305838969,-2.4689179527022835,3.1764046343118673,1.7472508086305154,2.1998877604488345,4.028011649392105,DoS,1
-4.707511311790464,3.5400370744770098,-4.478531074766996,2.8456181715873017,0.004974022342031148,2.6140704071496144,0.4365114319561765,-3.9845089075879354,-0.4263834070495703,0.5975894998169858,-1.0307026508566344,-0.7038127166933142,-0.6105109255283256,0.0035512732703650183,2.1655370424352824,0.7223509499964114,-2.2782610518254933,0.23203467850391193,0.10882501622606489,4.98144879841588,Generic,1
2.783071754590812,-1.861760847487389,-4.203185017769423,2.530405814649127,-1.6966163400472507,-0.4359122590775357,-1.7008144042442896,0.643002580347305,0.20312632765055458,2.2449370549923287,-1.4630720727731958,0.07118895638794731,-1.1180127646432059,-0.1125151560132924,3.1640820091630832,-0.4864452953549956,3.479852467733485,-1.0667248176734219,3.819373904956916,1.821412023026635,Exploits,1
-0.8389518982865416,-0.46615061457296747,-7.428403759688988,5.297229166379431,0.14405326829397014,-1.6409532015466683,1.467688364764393,-1.1211696072111992,-1.400059263224245,1.5271799747815913,-1.5191735588465338,3.0956406207908818,-3.195829835985562,0.44460194136440706,-1.0748634202218055,5.744467104475176,1.0291261131278076,0.02628084258740832,-0.4302392661822627,-7.791349819769874,Normal,0
-3.3543069420299916,-0.32429486784680006,-3.52926393528692,1.163225188973871,0.1082384546537567,0.38293419316327104,2.0646943493323553,1.3743894626635287,0.038645145484579646,3.6746415841950824,-0.31710603616642263,-1.2081003183584111,7.808348718834077,0.2930588277250302,-1.6725173556232455,-0.9347651632271741,-4.440966482117305,0.41343696346078196,1.085817661265351,-1.8895565310691174,Normal,0
-0.9737024574071385,2.800526136580602,1.904757404252174,2.197569669407752,-1.3460104719397747,5.081442307738185,-0.1926383445491502,-4.618797390268788,-0.26268578400464415,-1.2191289139416757,0.16458309507607757,-0.7629272095632091,-1.8303118764543373,-0.6409414492642758,5.292981129915667,-5.324639231755159,1.3529083212967081,-1.1027974854936686,-0.5235923607134789,15.437842039995799,Exploits,1
0.8589292492078653,1.2381083759841602,8.74233528100298,-3.1395795574633274,-0.8949860389749082,-1.5214101034720264,3.487621664610528,-1.7262623774472057,-0.028692388044620012,-0.6818641605085902,-2.2975681036844526,-3.4961297888348706,-2.837664160752046,0.6279146925550038,-1.9626169233249513,-3.65699573062049,3.3735603138006356,0.5281257206311444,-0.78101042061123,6.394513167796122,Generic,1
-0.25606285762075265,4.47354963796767,-6.00100609384724,-1.492198708888899,-0.5066079076461174,0.4764720736289195,-1.971443306733353,-3.44378530598323,0.2402088748456703,1.2519033022810409,-0.4740782029223237,1.1446844400925205,-2.664476088867574,-0.6446133060420489,-1.9040900696900924,2.4979276335905904,1.3303139996112217,1.7890227409090098,2.8314862311652043,-3.4263970405173256,Normal,0
0.6478854978478914,-3.582915293277349,-2.115691649303817,4.586319483243482,1.902175999915357,-4.86793879147374,1.781443552190988,-4.909381822801887,-1.0869960871517366,-3.645516778230871,-0.9609339238790036,0.8280626413642087,-2.086393047534859,1.5702922982743863,0.04506422002671151,4.688815992435018,0.24421870502783682,-1.8107213051670272,1.6771175361616009,-4.017007802155244,Normal,0
-3.9147695194461143,2.5429573559953864,-0.9390510355990804,-0.7096795351972598,-0.4804360648329894,3.3719468123558993,3.1811236299405543,-4.011751875599027,0.4773899306542641,-1.1858824780102557,-1.7568098454570265,0.936275801366123,-13.067525179768293,-0.5947114867543952,4.22692639050941,-2.117180866755926,3.7777678770412693,0.45581481251824585,-3.9901114055659015,13.213496866593024,Backdoor,1
-0.47044117318301093,-3.741111480509357,-11.032146987637837,0.0493453739607288,1.4615802040357835,1.468042247255906,2.9225779156260114,-0.24620398332907412,-1.6533174780814952,1.1306701090929914,-1.257737983397527,4.771513496403568,-4.993150469317932,-1.358205747033914,2.602557657606142,-0.6928188897809389,3.7271364648616383,-0.7454768422990277,1.3511402032295259,3.9537715268819595,Exploits,1
1.1005240556587674,2.4991359385600824,-2.5649811511314313,0.11096075665738225,1.8644565217480191,-1.337671183343307,-2.712444184122258,-4.022841942036225,-0.8501690885320156,-1.2585866368565553,2.1677241206196283,1.0851458379468046,4.86237571925899,0.04775330857156707,-1.8833499159078912,0.2452830317683936,-0.23317585887893433,-0.6153936285702839,4.785773692039459,-2.646362957457276,Normal,0
1.5134471953051558,-2.3869767324499502,2.876356588784116,-0.8772404635894877,-4.577162653407601,-1.0391638994966819,-0.9296186054572777,1.7894100634558918,-1.0869453243167277,0.12934827909229174,1.3213711056665753,-1.2171697467927993,-5.022700493264692,0.38998586163351884,0.7817749171373514,-2.443029009185627,3.3617585972770363,0.02621029151865091,1.2970966194381601,2.969707915708937,Backdoor,1
-1.8681729500768154,-0.15399829806374377,1.0603866665091457,0.8552487813923582,-2.647323677409117,-2.341068291973802,-5.482501587808238,0.4394979398480321,1.4183074699259375,-3.172429378433883,-1.4106120061186107,2.267607750576264,-13.183315444161602,-0.2310797369129438,4.671369461343178,-0.8209831366589868,3.7175918443916123,0.20028644146179478,-0.23206012605712623,3.6287447529359595,Normal,0
1.9737917433369674,-1.6694880378885637,0.7786480829912666,-1.6717212814079505,-2.2309282957836434,0.2612991444330164,-0.2207834402782366,0.8972770885338837,-2.006402631063822,1.22434358702461,0.7706537165675023,-1.3858129176451652,-6.649385894883721,-0.7372932280493669,3.190644401016261,-0.6249816763272718,2.2691593971332957,-0.29436517152181574,-0.814274630600762,3.211415572347665,Generic,1
0.9113519431221635,0.870671396245732,4.568133402501911,1.4646257164299872,-1.3126127005706953,0.4590774606324196,-3.24938316002295,2.199925939436229,-1.332149820289441,0.539618950616028,-0.30992422142022996,-1.6428082701542293,2.896419251848269,-0.09884916110273652,2.807130296877989,-4.448056651169795,1.2235976142798264,-1.296049239606369,1.5697161877095789,5.942988750487692,Generic,1
-0.668366848063981,0.8324103248801938,-6.198589533408894,-2.8161654680047885,0.2890892568195791,1.742247276150593,3.2819826861193193,-3.816214727944952,0.15130493741355558,1.9879834716573437,0.9050896093707508,-1.5135979244705524,-0.8412019514249558,-0.6892460058033757,-0.9891829064545203,2.339516453318063,-1.3823284972354208,0.1863585827132914,1.1584340626627876,-0.07230700263697609,Normal,0
0.5576167204201008,2.6511330839086296,1.8971832764689542,-0.9097260682760617,-3.715142887062176,3.3075606407162064,-5.471045989636827,1.4530183617334451,1.0558731394775773,0.8427508224845813,-0.6400853217739039,-0.40222587448339653,-3.1979108238706266,0.9231661713210024,3.561514375326992,-2.651335685625254,0.3133752379553414,0.8729568659267387,-0.4990611593591845,4.20749110247879,Worms,1
-1.155268343393999,0.818435996930243,1.7062309474479105,1.5189979585002433,-2.8329308210908652,-3.229036762867754,-7.8615567042155305,0.11564818328233017,-0.605673660093263,-2.6567960434966444,0.45734868476089546,2.2148553263889736,-11.062923515501126,-0.040801581303208885,4.541423440663099,-0.7719820426368322,2.3722595571148544,0.7785603539766984,0.5347664312005558,0.6794156641978488,Normal,0
-3.456199633726903,3.7883118916408947,-7.502854579851204,-1.9542823089531762,-1.1290355558749867,5.774112580124907,0.746476448711249,0.6499621811965477,0.5148516811159259,4.661366373196245,-1.480675391857008,-1.4814553292841421,-1.4215213097299966,-1.7032529972148642,1.9075099615032078,1.1081772391092488,-1.7166613093825345,0.40461199871604037,-0.717105788132382,3.6037873920127703,DoS,1
-2.4390250637270867,3.776535394068321,0.9374951580494373,-2.0511029543730848,-3.522191210419935,-2.136639668910262,-5.090314809336906,-0.37326755424597047,-1.471499230236672,1.4780499193978827,-0.8416550666239515,0.05021020620247252,-10.131271229849311,-0.4957995313842904,1.3481678426530401,-0.7405046459393465,0.6333625133902813,-0.8869380201285353,-0.5747160553533359,-1.4454136020713806,Normal,0
-4.9689282172098395,4.3923236725335455,-1.9097421711590408,-4.047466990976856,-2.034065085344933,3.2075238913373587,4.732681977399454,0.6942968119492794,-1.0932899655067536,4.046627290031706,0.6418494855523148,-2.9787555767294913,-11.634576801004712,0.6191561224171671,0.48117112643383186,1.2782857656569142,2.4339591961386198,-1.1818102911132828,-4.328040622302016,6.165175460966797,Fuzzers,1
3.42684391639886,-2.2254054530603296,0.8719375458510259,3.2716579433366144,-0.8719393230569547,0.16705085679011256,0.8895413026254362,3.2581051327118677,0.5059153880005607,1.5779221651600364,-0.5549327160031743,0.33833584334006794,11.638669696469739,-0.2919785595855003,-3.785845113916598,-1.3813777323934728,0.5875889065246286,-2.4362293206111074,2.821861776844044,-3.886417888020838,Fuzzers,1
2.995677766837569,-3.309818965115877,2.9848510360196707,0.7337774592644355,0.7330746567734341,1.5025760456225572,-0.6148330395745698,-0.6552416402138146,-1.0638250700947505,-3.7102149856589994,0.15623574893738468,0.9558292270788915,1.823245831626336,-0.9755719198590362,2.1317021492540733,-0.44254579038735065,-1.2967575716300432,-0.4817054672268445,-1.5332939359755722,1.803415538488503,Backdoor,1
-0.1869553664075776,2.1891197364809134,4.157717145158601,-0.7403143936648265,-2.0950374995266445,2.6458867573727267,0.5682121045012619,-0.8768548891028427,-1.6509805566552327,1.259612035151863,-0.7253491649120763,-2.232235287318795,-3.568499242642194,0.29088894197078796,2.5060273972918647,-2.9934558341747364,0.7722764904796171,-2.673318957826405,-2.5953345050784606,7.554791991574667,DoS,1
0.9953545743578575,-3.2973457975410003,-9.014398727219978,-0.0689445655241121,-3.9718344831301295,-1.77008792474669,-2.455493829474017,-2.705990858264583,-1.1133285659133674,2.2988759474190967,-1.1134806613919588,4.464595895635816,-17.370376010829553,-2.133995392000717,4.9777827538413675,2.232676722885565,2.0379812963480846,-0.3244348575252138,-1.4443602863350642,-3.9385524998171877,Analysis,1
-0.11813004175218933,4.013477204703085,2.8278298025763076,1.2471919203029633,-4.692107101433534,-2.2452820595231957,-2.0968675311417293,-1.9630043166311657,1.6387612469500321,3.3449761524701698,-0.18966152512419504,-1.845875326439812,-6.868830648418551,0.6452448203221168,-1.057807845107647,1.8148289229615266,0.13705881379265494,-0.452502847691051,-1.7720422583724103,-5.488707439225802,Normal,0
-0.8032870214064858,2.623166056333649,-6.040888050070212,-1.3936811175517885,0.7118709177442767,2.137610143417409,5.525898038808456,-3.464415985691322,-0.18076809987796172,3.8747444258243395,-0.7700563022042354,-3.2631520049667238,2.6345097689391657,1.1866695768493973,-2.525124478235222,2.4771628583784144,0.08650336296877303,-0.7303215339771693,2.1926973042699855,1.2009991030092033,Normal,0
-3.198843935605671,-1.1547568132413062,-8.125623058023534,1.4796733080050264,1.3032068796694949,1.8923771138692786,7.039377516657415,-3.8861963075322095,-1.043291205661538,2.4554385669995114,2.0238796174855107,-0.7765158792488935,-5.275189551709752,-1.8311160916004434,3.298591881062131,0.5705651809913661,1.6089630801378438,1.2549288299150514,-0.3118803264670392,8.795741909986573,Generic,1
-1.3841276653615462,1.6536983591607815,-5.881277165858307,-4.7047602298443625,1.1171230998108053,1.0464403407334841,3.0086703639517705,-1.1937358280118897,1.740451821415559,1.6868542329168448,-1.1856179643680285,0.06075910847681265,-4.9977714448378965,1.7337990341370537,-2.0988390899918707,3.653699375965543,0.4027582574758499,1.3604183878015916,-0.7840673883360934,-2.735063733097926,Normal,0
-2.1463912003068084,1.878040060537908,-1.7128080332875095,-3.453752662361752,3.1144230413467544,2.4660062430664307,0.808556534587177,1.0722635572562913,0.8545555429633496,-2.339381185081542,1.2876944131841719,-1.1652939283801245,3.280359919441132,2.2229552000609347,-0.9053495651816361,0.6059276949087076,0.46997009617183005,-0.8925821355462147,2.1494964075480083,4.633378773664745,Normal,0
-2.5057540582792774,3.7811521099655563,0.9329397210388766,0.04077759103581324,-0.29658585494087586,2.095773184974954,-1.117390313047021,-3.2296724001020927,0.23809264467799757,-2.1036465601834338,1.2191159888502974,1.7089748924043393,-3.757977978477337,-0.17897602203862556,1.0604813207423545,-3.064626005820677,1.6332851372811434,0.41221379514787054,-0.6027578554445572,7.335799436609838,Fuzzers,1
2.073880379186389,1.4084404190826192,-4.419491091059853,1.406394185114844,2.9716122886440917,-2.915443122544459,-1.0332717952848596,-2.7226644737512973,-0.2843758413423561,0.6476986049620672,0.4160823712415787,1.2420408243264762,1.6408572726275525,0.7113059641874001,-1.4119892504303933,4.173078145217568,0.5203393879134508,0.20460922377599047,2.639483124977433,-7.596937959447124,Normal,0
-0.8106105727724122,2.8312933602306445,-9.53250971312977,5.61352208504953,2.270285084429972,0.4852195063538607,-0.043848264522456326,-4.257021753042414,-0.391211614041985,3.5135122901203975,1.1888467189970484,-0.036806130192444275,9.772970997991676,0.6715745645136891,0.09854658080944767,1.3795514664386461,-1.5351502093643425,2.4845809842450635,6.044720103940425,-0.9914947675034022,Normal,0
-2.2033436726273155,1.2891729082824497,2.213135347542311,0.12987765655431271,-1.7303787909276203,-3.024580817281239,-5.948412730051815,-0.15930878165908546,-0.04775287882518631,-2.2882847640729516,-0.22359014013222114,0.8280383099647726,-11.709108478841735,0.42586134920843244,4.774306359982258,-0.8732609938829512,2.1433736645533843,-0.92089903118371,-0.2573530065488897,2.9628510600373525,Normal,0
1.8887575726220387,-1.1637186772789492,-0.9070137694143374,-1.2684577585563597,-0.1069689117567767,-1.1545723292710957,-1.198155058411585,0.9121386786904614,0.043469775472613235,0.4791923165237806,0.6288307169074809,1.7852263081448771,-2.496011200432368,1.0583635039241885,-0.48978558558173146,1.5305326726865234,-0.06683483992615114,2.1312097580073313,-1.1367533492610162,-5.803074266746568,Generic,1
-4.776648671500102,3.8281748517772582,-6.478728576918473,0.5529859960286547,0.2187475718022096,-2.5382806200353425,-4.681941320799433,1.1089199466386899,0.29452832500922926,1.3273542448894853,0.6456121462685421,2.541466081523552,-11.50151669808655,1.0282824711049414,2.5923224901945736,3.923182957029996,1.616732920245183,-0.09839182710802215,-0.29566915069154953,-4.06514354550425,Normal,0
-2.4728261414852617,2.1230626764915383,-2.6711649581924095,-0.126763253400745,-3.329975446836401,-2.776902657588832,-2.2367907978268065,-0.7061616947014202,2.2186469035868575,2.1946012026767647,0.5773682982138633,0.6652559903946252,-10.203996600010514,1.4151127269680543,0.03713064419625023,1.7275326013808356,1.520277809191145,1.6931374915640562,-0.13600139290897895,-3.9451473475540895,Normal,0
1.4365125435547792,-0.8624590476687499,4.595078819011624,-2.040394998325749,-5.1795904910804405,2.4208430723741388,-3.4175173927847915,1.272807466052667,0.9265004853115019,-3.9245426851653806,-0.5545346023296309,-0.09968406626549609,-10.216591567019217,-2.648791613688187,2.7310602382831943,-0.8543641448084863,3.6396990079302416,0.9308613974488872,-1.444872501682704,5.835755262125362,Shellcode,1
-2.094256417995929,1.8168111423596138,3.0970225592786895,-0.7307397483694358,-3.4120483481241957,-1.4413517807417644,0.5390478252117525,-2.8635943786366207,0.7631642927279919,-0.3312221083645026,0.9399325711491803,-0.1372769767461819,-9.612004295265901,-0.07085916664044703,-0.649465329061383,-1.005948096261867,1.6679318168679023,0.5454569028494952,-2.24188801054392,1.7286452943491666,Normal,0
-1.3460976780192437,0.12974537892942628,-4.005428045018855,1.0915168983967436,-0.2692943160863195,3.6983741539654713,1.552817868483922,-2.9830432996211265,0.5475036779866402,-0.41841624593209725,0.4337901587116489,1.0125403907061687,-7.553559439757656,-0.8804276369232692,5.624540462213847,-1.8013148530101502,2.977941524910084,-0.21338047601372664,-0.9716372784816247,11.65621923805735,Fuzzers,1
1.3925559375869678,0.7814969154056731,3.4103953335093755,-3.6165747323529525,-3.121740974702414,-2.2272411920294735,-2.2677087259793725,3.7732221776011743,0.849056101242407,1.842121982896157,0.6637654719829187,-1.6454056098558458,-3.6050205136843494,-0.2873076878663312,-2.3580457034891307,0.275243304976619,1.9650324248906257,-0.7685165669797679,0.423656841455065,-4.931582307237186,Backdoor,1
0.8885952994075633,0.3884372679875989,-1.1770268390453547,1.5529658103678576,-2.48857908216037,1.3235545422451016,-4.707945821221168,2.160841768692421,-1.4821275994549805,-0.7006636390979802,-0.7518176862880701,1.5201863656941856,1.8810721021222094,-0.7726451901303082,0.4671222891224899,-1.018547203074468,1.3247215927427538,0.8470599213816565,2.9205718198554953,-0.10458968725079221,Exploits,1
-0.6743305032394975,-0.13679378158342015,-4.509454244738188,-2.0913167848785745,-0.8941062399239552,-0.3982501190518608,-0.8399534912798294,-2.9058448287325396,0.5420998596428898,0.20148286374141255,1.1351543656180323,2.697135175881898,0.5536062433835991,-0.6928430027718153,-2.8081097761283624,-0.33243648673322324,-2.5077274409460832,0.9641074571602367,1.4833740805976354,-5.155417609914856,Normal,0
-1.2087861996881464,1.949784461499977,0.5758107491332937,-2.7089630818133728,-4.090064675334014,2.954042669059188,0.016488256028284742,1.0882605039761546,-1.185885573793517,3.062969525789098,-1.9711530191736493,-3.214573331688791,-6.811297807994024,0.2784044599378596,2.6302117486086347,-1.5721732370065773,1.3233849801193753,-0.13968617229875865,-1.3096437658657523,6.467456439694679,Generic,1
0.841008903423206,3.3014442622031446,3.0698919082004004,-2.8786530554255085,-3.428187235848865,0.16572309773984983,-3.630699774443622,-2.9948490437792725,0.20922213379179402,-0.2647006220658925,-1.6142785808623101,-1.7457472204677706,-3.477054721793975,-0.3578035998711483,-0.7091026609031287,-0.17719303285278332,-1.0816512051452323,0.060754655714501685,0.40526075628472413,-1.331231335579444,Normal,0
0.9294577814234148,-0.32822536162352267,-6.320949940844876,5.233359982561363,0.363905365794976,3.8387747646424244,-3.0993100671030223,2.1687751453645197,-0.3003153673739155,-0.32542345535701667,0.5851504007343558,2.076010881106292,12.562558369603739,-1.7777361470731945,1.438441435104088,-3.5285352820860325,2.4632138703340214,0.4782133655155708,7.8953022341217975,6.533278582204778,Exploits,1
-3.548515540992413,2.7143007408511766,-7.3317536391284275,1.6856883519352603,2.8241766793968663,2.372363317007014,4.212468321177779,-0.6972260607236525,1.3101188485969855,2.194450461645697,0.9888608893915006,0.7196801093002423,2.4677848215182494,0.0011773545157452913,-1.792931026980198,3.296652627891793,-0.3003728077498743,0.17601619434376295,-0.30128897451996606,-0.4426176379958857,Normal,0
-2.6824584995724794,1.0245743530752782,-8.640109458979087,-1.661472281527655,3.1918098051179533,3.993659732484674,8.290290955691752,-1.779623973515108,-0.5453779545349459,3.49838315304352,0.15699799095958783,-3.0497464192967922,6.55721401757005,0.9143461349525717,-2.1560773121117736,1.8594010704342625,-0.7575486962252937,0.8200528737110482,2.3075947708851685,4.774892369564674,Normal,0
-3.0426791188296765,-0.9498948660398954,-12.35650248794403,1.0588558836875108,0.9798346209534379,-3.4033119462942896,-0.6962677558404102,-0.7968339546433035,-0.7447693121597356,0.37566140387546776,-1.5317800390924146,4.686286207005187,-6.515608881172949,-0.0074757047408683785,-1.0115219271483618,4.547081752959911,2.365186722726129,0.13486021817791943,3.652281405950543,-6.839791688406813,Normal,0
1.5280579261151797,-2.7928420935325606,-7.4520176004806435,2.240747228745982,-1.2246998221619603,1.310969186303939,-0.5902496520987082,0.09074860188191258,-0.5205970813647237,1.9587964679333925,-0.14744245158719196,2.464136501806382,-1.4194038734628234,0.6070765554291349,3.2815275342704964,-1.137045978975072,2.4667210667330055,-0.10580964402086422,2.7416257867308476,2.5981713957000205,Reconnaissance,1
0.37675630773517077,-0.4892791796478404,2.3305819841673716,-4.3937369610022685,4.082832548684319,0.37569246441988935,2.2513689115474267,0.6142960896673073,-1.0224741297880318,-4.305926784156136,-0.5602958900485238,-1.1023212174142083,2.2424800856064016,-0.1971473310916516,-2.1364209589974577,1.7720250306482086,0.4901905954312291,1.0991675621278418,0.19044562337284843,1.388521588342089,Normal,0
-0.9601921050621198,0.583103342818379,-8.70183210585697,-0.980841385515096,2.1196894593584776,2.8468647608519158,1.03137715203047,-1.1918052592601776,0.1523894921547402,-0.37735798037100543,-0.0324397920733668,2.7318568501293834,-1.7600114141584275,-0.3532639743833201,1.0160023354242074,0.880259206317862,2.7410942513765493,-1.5830804146645185,2.3139121510937093,3.862678141454018,Shellcode,1
-0.07051158709775907,3.991017250117091,12.04286460795179,2.251842715556552,-1.6919074134528087,3.2498627009090146,-8.089493648185075,3.3192930460716266,0.9677687879834663,-5.8596422969986435,-1.2624330931945689,-1.9094723741949648,5.0967466912631485,-1.5136456237421843,2.44261714782038,-2.6975935497488797,-1.1071870927666563,0.17040438502171826,-0.7377950594770581,6.322241586291501,Backdoor,1
2.3678136136656898,1.3396392379026651,5.680465524752285,-1.6617546168629702,-3.7109520953347865,2.8135517668683043,-4.379437924461362,1.258288161069128,0.08817880285877568,-0.31955143495199234,-0.6455083114002861,-1.0435890135470953,-5.2228695757072545,1.7576808103878363,4.3030498325788615,-3.9515554301846136,2.1114215793803206,0.6840486314536397,-1.4887086049409366,7.139201917992587,Worms,1
-0.07392952165501088,-1.6084713940778537,-0.04585263504330675,-2.755911967055024,-1.2132110157268767,0.7941118299804153,6.056664477002591,-1.231482082208429,1.185648580130672,2.8147568223974444,1.4050636339660671,-3.146704670417953,-9.310383450608738,-0.7739354188917354,2.856452313525721,-1.1996835510286599,3.2185457570913227,-1.1267236199890953,-2.483779466364475,8.442648182303733,Shellcode,1
0.3749435435142585,-0.22301408496389197,-2.582652738549384,-3.3289167571167315,1.9088748172235515,-1.6317251755544704,-0.061152017468921765,1.0822278208566214,0.6896023787092928,1.1921883323145996,2.2086147633458983,-1.3545504174631402,0.6321369557853693,-0.18926642207948785,-0.7541456124281527,2.2372550475135227,-0.6713422752544818,0.16457461773873588,1.7734441763590763,-3.852277900782782,Normal,0
2.115033270324406,0.2538063694716348,2.3274784143328775,1.136107990778599,-2.0092355178360313,-1.2064377916189013,-2.2802704408153684,-2.4568936309573854,1.399441679203903,-1.9806173786709296,-0.5860084483439348,1.3762681210700602,-9.713347136770686,0.540136321844865,1.9790170920611627,2.066957324497201,2.311600320760535,-0.7102213308649403,-2.4655543964163362,-1.4629805735208699,Normal,0
1.865529839851793,1.3450080372183435,4.297438278588492,3.611641660204325,0.6692667603926206,4.485223561110983,-4.9423188026689715,1.7682200206865442,-1.4623316091448004,-5.670386675666554,1.731692988653624,-0.03042586643003231,10.567328873963755,0.630363909526798,1.3241189997000877,-1.2061923642895116,0.053779624164937756,0.580302229854977,2.8351706573975752,5.7986197714057965,Fuzzers,1
-2.029128135823366,2.8353640699387075,-1.7881480082451913,-4.04313207986985,-1.5146443424933511,0.2876605008395946,-2.281327520555067,2.235894567571661,1.7867808359075195,1.5101864234420603,-0.6534585733303062,1.5198375301580649,-6.13037343380867,0.7008364467526926,-1.8811195322391052,1.7389131765135706,-0.3049868218754501,0.8552752636530545,-2.1021077538317896,-5.63801104264537,DoS,1
4.259032651662463,1.6987232511716093,6.174233990597931,-3.291331181583278,-3.396816763749685,1.7863550344546697,-6.938994196883721,2.7606049715974663,-0.08472924419812557,-1.2157528770676573,0.14955998638416704,1.2391965806333674,-0.6095583346433755,-1.9587149453960822,0.2805584550802138,-4.049773801272087,1.9572282536951044,1.735286119480504,0.2863910752116885,0.2983346098932751,Shellcode,1
-0.05831101642204173,1.812635528882875,-7.1364170173797,2.8262552075922125,6.350650308692413,-1.0248482164021095,0.6147389705644002,-1.3059976109357776,0.7274922867269737,0.35521192122102707,1.4089735388430829,1.0641194217280208,2.5388298509521774,0.1951617030986796,1.209953817565201,5.52505473859059,0.7728299718772353,-0.6524944330712519,1.8125054526111997,-3.168072800964937,Normal,0
0.6917980199483865,-1.5667089968589765,-1.6682780597932185,-1.3108408073548792,2.066555784106682,-0.8004603231077465,-1.2583872460693706,-1.524939165121638,-0.3446152858154494,-1.09892472012631,0.6420421233619568,3.8908846697465695,-6.829661325285656,-0.7019492100813075,2.7306916652320288,1.3240875326317405,-1.7391311757156855,0.29721669288730695,-4.31818379937943,-3.7226006149967716,DoS,1
-3.1460157752546825,-1.6695842693326601,-5.591377067648574,0.45980930237164275,-0.3525621442752396,0.653168582918866,5.765269672696463,-1.0233154545830832,-0.4761293480034064,4.0281373706883405,1.3732538692837277,-0.8526093333709579,8.212803384345323,-0.8434252680080352,-4.253990675578704,-0.47533353011774526,-4.787023484457249,0.10812017042833884,1.0800109577489097,-3.0927314685874943,Normal,0
-1.6878273341696786,7.612979469474032,-2.011456139131258,-6.6697172788237,-4.283737587828898,2.687022572820739,-2.0197631850591957,-4.880740526510499,-0.09650855081441553,-0.6356294318158211,-0.5261279240862319,-0.2711351790788643,-9.447781957913076,-0.6745046421336741,-4.301357006832458,1.4028055350764426,2.8105635651294127,0.027161607139119158,1.5186720114000467,0.2924023620254159,Normal,0
-2.5513484592348936,2.02153242846164,-2.009903691658444,0.37494837056798147,-1.549845655285147,1.585999872977256,0.17316949208725463,-0.033592274449024906,0.26148168673772076,0.058831311806140096,0.58332430082867,2.3101273783782243,-6.423783983646624,-0.6915141214401754,-0.7094223749335336,1.933345166838801,0.5664238508347014,0.5305706404769732,-3.2647454547962167,-1.5786560692889537,Normal,0
-3.811972811956186,-1.5599113192910723,-2.277341937515454,2.83609565058424,-1.782429277520062,2.040348096870654,4.672592119633368,-2.687688783088503,0.6630976323860995,2.885927749479972,-0.7427638774108986,-1.7461859422391393,11.046553488512936,-1.8584810469607107,-2.687648635830069,-2.6455284278342615,-7.63941115955794,-0.48005704126295,0.24643171120584917,0.29605414850341516,Normal,0
-1.236607822948964,2.3416140441712483,5.870540172397631,1.932906171679016,-1.4573619444445056,0.2007405083574465,-1.7572898127547112,-1.272599496802586,-0.41937218691673694,-2.0196299215685416,0.1365409515907167,-0.8560757976993822,-2.8272689187971416,-0.11894142123231492,1.1984146270711098,-0.5877310614560971,-0.504894200327139,-1.1184365037772128,-2.5807478617101642,2.6321336438336744,Normal,0
-2.6737793113117307,0.6036249003589929,-5.458216890291092,2.14429203495874,2.295128441876165,1.0203156751064384,2.2256254792677623,-2.0515927308875335,-0.026380711875300805,0.47279992946543503,1.2664179058375522,0.8260962186311884,6.9813075106741636,-0.7582625940182287,-1.7573942345029878,0.7984260694380252,-2.783969212421193,-1.6876508375746309,1.867240391172672,-0.7427008481932962,Normal,0
-0.5313950613452161,-1.6966174172315958,1.3199398505365194,-5.570136955687202,-2.3201942326662923,-1.8398410781857129,5.023342539806844,0.9530219699013327,-0.020039782720029466,1.938088504299813,-0.19917320752099718,-2.9174199332824533,-15.610882783583616,0.9506783849184264,0.9332705730360427,0.8639309219282572,5.10596108545318,1.364817715332212,-3.0425308975320244,3.9680298766632216,Analysis,1
-3.4480243127428696,2.304912546741785,-1.9610689455095671,-2.052392490552075,-0.08544057164379915,0.12131616215472141,3.69868125887391,-1.062305898088583,0.7369628241849298,1.394661495961252,0.9950973398329115,-1.4937972964167756,-5.393170163124507,-1.8701895621449662,-1.2071060156215387,0.6992943648174124,2.0654710077286507,0.5024058434128431,-0.44209338028978773,3.377115147188534,Analysis,1
-0.2413382188832034,1.6130914935577882,-2.4575902865563988,-1.829166831363124,1.290212142494398,-3.287837258363526,-5.297302294622882,-2.9344235324908614,0.15325349931811524,-2.680191203643318,0.1849566199111648,1.7788794863970716,-5.598319204241529,-1.24142282750771,0.872653054429438,3.046950133033753,-0.5613342990165813,-0.05775249725132784,1.9211458642394499,-5.3405465276061515,Normal,0
-1.9419000629476404,-1.1499517395575385,-1.7006773564217301,2.0920335028686208,0.5303931691118824,1.1995761898448198,2.447684475584617,-0.6337679767774635,-0.2908944447234685,1.5142910971845471,1.4994726795518816,0.027266557652135148,4.771890767767811,-0.4878617552899782,-0.15755646047917327,-0.1578337213901686,-4.510221476792314,-0.44491194916551313,-1.8258251636838279,-1.049760394721247,Normal,0
-6.033254988204161,0.5249268867096539,-2.6397256279725845,1.329146689337101,2.4162908306185296,4.259580762174294,9.869385013823614,-0.39386837361320204,-0.3528534714028189,-0.24923526203575141,-1.6405108628706548,-0.9689330616423482,10.149800049514806,0.1912034425391353,-6.075963044563375,0.4087101418644188,-2.8099648774335653,-0.08103887037070052,-1.2643509910091577,3.910035855214725,Normal,0
-1.6703735448909298,2.6072822308919275,1.0251822669594017,-0.7861004423581696,-0.5856691449811329,1.2749944368788713,1.6271400188490803,-0.9787278301061492,-1.4904694033346533,2.491058320746129,-0.6985896032416745,-2.5941857499452343,0.5310882067087124,-0.08073532104187643,-0.2722448969267708,-0.40465856276911427,-1.8281028977187557,-1.3412036929023254,-1.4420456742318206,1.6361861760167395,Analysis,1
-3.9015124000923835,2.5855018100520604,0.2709237067746595,0.973637161891109,-1.6581838814502747,0.7225059389299351,-0.22191462729386546,-1.103074241001158,-0.2743113100248369,1.3828316887868772,-1.4386904148121904,2.77617427276828,-5.733816613019856,0.890470089234937,-0.24251991002437112,-0.5093881579053445,-2.6472080873910544,0.5562708586338915,-5.663973670193235,-2.4564541384291356,Normal,0
2.0682349418046764,-3.4677093781530455,-3.276552467486979,-2.1677113020470427,2.5323397699776327,1.0762122088286157,2.6343798401019773,-0.4213882650877663,-0.6800114800399549,-0.3771153900085602,-0.01860470565223647,1.8551095683538654,-4.898323899847641,-0.23964662965459338,3.103390018909282,0.60574882084578,1.3536618879626523,-0.4820946778974768,-2.242422339369038,2.3918817902003697,DoS,1
0.5905648555840504,0.8927778892358501,1.8482943987699634,-0.12097367739262221,-1.6954407926550839,-0.6361545643476934,-1.0392270541975392,-0.6923792469104245,1.2187102711423012,1.6663357525213955,0.1459060310282214,-0.6694404767879029,1.930956277552058,-0.0603392754341104,-0.8358608933821423,-2.447083242637921,-0.7384227255985492,-0.1619630503398465,0.839774386759403,-0.5528414399890846,Generic,1
-0.7485589858096781,4.045360411766426,-13.296977353701743,-3.9957899290946197,1.4472517171933117,0.31625544041142106,-4.357870606511026,-5.197992437767778,0.08408520194551679,0.6693003634147018,0.24258020875486558,4.059495822454329,-6.323591633184802,-1.303236874048536,0.3681660154179529,3.0609687811248865,1.2905657710388398,-0.9546731912379831,4.990801567441872,-3.833440941930206,Normal,0
-0.18266205117179957,0.29861664228091755,-3.452812599672763,-1.8182090607387313,0.15930698161265644,1.7669535363176916,0.3966184794195814,-1.245798871251266,-0.6774294787533789,-0.2918837134421792,-0.15272899192361852,1.366730539766889,-2.400811269276655,-0.32539135500987365,0.9139170346597052,-1.7806127392645412,2.3847466274978073,2.318742267071903,1.5466880296639083,4.925656436683407,Fuzzers,1
-2.04562841270136,-3.6374785783537162,-4.923619820798319,0.6414963407584136,-2.213277373477046,0.16034704790021825,7.140865705542879,1.6077674751430102,-0.4977660870338409,0.9600380405906814,0.35379650799198925,0.37760098469253334,-2.27500216730223,0.39912680795521044,-2.1787987954373147,-3.855195002001305,8.27299289227656,-0.9116767518967493,4.708753261228085,10.128721244904364,Backdoor,1
1.1766720214104738,-0.23343647209581153,3.2959921224137756,-2.2498588683858474,0.1618307238417036,-2.488397322410888,0.012410747057931992,0.09700778149525258,-0.19632155243586794,-0.7125256449142476,0.24758097646822325,-0.7238133719865982,-1.6216550550288238,2.014422456650858,-1.4084075216158083,-0.6389722413972942,1.5371027744788337,-1.311038150542693,0.513276101430044,-1.003980904503972,Reconnaissance,1
5.355894780504815,-4.3943742901324505,4.762957917343746,-1.581728045718029,-1.578230814597934,-0.5843074424969628,-1.316561815237907,-0.0854425124120477,-0.24541148304684085,-2.612123943343796,0.2865529440796201,-1.04045972085135,-6.861388418221768,1.785259808828847,3.823370846027586,1.179508744563277,1.1967845586918358,-0.9157952120486291,-2.3003555676685994,0.579673753743021,DoS,1
-0.4472762905755462,2.59542482699993,-12.037315502312037,0.9662100550258144,2.4175169081562657,0.5100970450674229,4.012105897945115,-4.078048651274089,-0.3693402913986854,5.55192280878625,-1.3681648144569423,-0.7307592629049291,1.9385827984794335,0.0328195129298009,-1.2741376961876636,4.69410394627559,0.3056090167705525,1.1641135237115698,3.4075426830341105,-3.4792612137345307,Normal,0
-0.7885952610020821,-0.6905072363621354,-6.132582366509759,0.8890849078228231,0.015885727830843965,2.2028920586471203,1.39953882306774,-3.0725277375187563,0.5528064705268864,-0.8130408963759264,0.2307031660256825,2.268771455110184,-4.490526745710289,1.7132535703560028,3.011743011881752,-2.0913624574015017,3.929962371258357,0.490901309117073,2.2716536506830405,8.981851159182327,Reconnaissance,1
-0.4679618092622222,-1.847956753458523,-0.5069590923431253,-1.7274053232912099,1.9844300046237011,1.2327110002192478,2.982442922581651,-0.6263440423012365,-0.7483776939374609,-0.5129225852328261,0.34994483142526267,-1.4584787364419576,5.445484767014203,0.5962961069415348,-0.620873728723332,-0.42880605005713646,-3.1165704874761033,-0.49121462482574696,0.16486875633292963,1.6248292987596793,Normal,0
-2.379476124581832,3.8769628114958277,-1.7012390207551253,-0.023628080075033253,0.3361630946143508,-1.3773041379082485,-2.497972152379818,0.2855201295949812,0.9610252123984272,1.595053563070648,1.5960410345230238,-2.127217826480946,-2.6705625705158145,-0.36086130101533487,0.8325501376008235,3.2094589895966474,-0.40879107173059337,-1.5351374184243913,0.9957038193473986,-2.3305554493172904,Normal,0
0.2927236545202585,0.877764565820349,1.742345722105969,1.6499806776619477,1.1489020841308308,0.39326839033760197,-3.8243660786028064,-0.37789278440751406,0.7771887376728707,-3.5723296589523073,1.0626974013331458,1.4537569039008593,-2.7178020106438114,-1.3167692510055098,3.1165382497022516,1.255873835133476,0.1815870008323366,0.5994875235681804,-1.192397109183573,1.171082370284214,Normal,0
-0.3398169859213951,1.6830737510852591,-3.3921044461506753,-3.5173136753569767,0.8415475912507031,0.8194512397018608,-0.5395779386438523,-0.8336451315950426,0.7013052862067984,0.4000730142141131,0.0180084233707566,-0.6599210149238602,-4.743847505768766,1.2664791618313562,0.8030187357252898,3.073271437134111,-0.05283996702159177,0.18805894937134307,-0.22044092152056605,-1.1404131827921198,Normal,0
-0.8123215054371412,0.23395786556953158,-7.817458812801751,-0.9382181047372045,4.198911222123073,3.901932133296379,3.446479825299589,-1.0869119899472763,-0.002854243831696723,1.111547905926024,-0.9730751390103894,-2.3683781237825827,5.353743981235924,0.588621936003723,2.423567356205063,1.7826229978086094,-0.4859250484342983,-0.6941870693037439,3.140838316272802,6.6501761424590695,Normal,0
-0.31281204620893455,-0.16343922321732895,2.36481688022866,-3.4906459712481,0.740996629257568,1.3662529242753936,1.863593425343235,-0.4208109669247331,0.42601395484430205,-1.36197473921488,-0.6565183267136122,-3.0814804453292504,5.105372625685027,0.9547296883383157,-1.7061336722511558,-1.1040439812587914,-1.957193061930565,-0.615383533004121,1.335885843975099,3.1951214178942764,Normal,0
-3.9281965677112924,1.1553475521511827,-5.514122072248824,2.3514197547134965,3.421490771853667,4.37274489982871,5.587289849501829,-1.1411361449144026,-0.7987724577183707,1.1730241702834436,-0.2902544433444301,-2.059409929020649,10.174856128207814,-0.16465952163074715,-0.44861642203598395,0.4118529908359576,-2.738051864547825,0.33340443658814095,1.519800184139127,6.40005320673966,Normal,0
0.07013484606364728,2.2785369284882506,2.486779718101661,-3.0824046448995626,-2.4727020753998987,1.8760048038782084,0.015057692551511882,1.1595420909867369,-0.22892697234493242,1.5237954049485676,-1.2441046314288415,-0.9844259580994037,-4.58465551624376,-1.0560351842648052,-0.06286019100756457,-2.390726521620174,2.648961924259889,0.10293064847879732,-1.2655336371687684,4.099663848248266,Exploits,1
-0.5037443175948673,-0.17708671266722753,-0.9558866670432216,-2.754795327078885,-3.0146400635670334,0.9318262160413091,2.322151602293712,1.526177538087496,-0.6037509992348534,4.991010019933899,-0.754004220648647,-2.4410259313295732,-6.072822325893902,-0.10886381860080305,1.0670854939375325,-0.11942265595810064,-0.058416363899041146,2.6243809004653476,-2.6441925697383795,0.501310160225217,Reconnaissance,1
-3.3069835564603953,0.002339796980069808,-0.748412922537385,2.67741957202274,-0.2840182093704412,-0.1500750037036973,-4.130135181755725,1.1479328326586966,1.4604151779364853,-3.4910545757643914,-0.6990546254873308,4.170025272440439,-10.086779871613025,-1.5489752115779287,4.692369357815942,0.608261904321194,1.3100757437080697,-0.9269881819745178,-3.090463846225778,2.3457062265352135,Normal,0
-1.544101011000278,-0.07513884374237945,-7.8582320056798505,0.22385900495474864,0.632903212708327,4.278900388987607,4.807306099009936,-3.026962494069272,0.401096751340644,2.201252635649885,-0.12171297901523384,-0.08665032617383073,-3.553860192428662,1.5326394676495383,3.182320461223461,0.11551613864193722,1.465888460985472,-1.9844090176000075,-0.2252217105260821,8.433866290704248,DoS,1
0.2550489047957615,-2.0064695758384783,-8.030781632480164,-2.314396856707396,-1.0103970620950422,-1.7254773159576815,-1.2606960226107573,-1.5834448882284815,-0.2675118006368401,0.19903854095888418,0.6113434289029646,4.020219094989901,-13.407378853550535,1.2666323439815002,1.7610457458786426,3.7441456608619204,2.15464077236832,1.1423854411467251,-0.6935484307690234,-5.142138492704739,Generic,1
-1.3894623757254663,0.6103541767542203,2.6131213881555078,-2.692643578444216,0.6712810797986151,-1.5912171085019415,6.4514213640181435,-2.65978642967037,0.22618965994562834,0.35041744683899734,-0.8462108184543038,-2.1377155278736004,-4.615755979221248,0.038412762868914714,-2.3224380091863335,-1.5903497372576754,3.3983288224255657,0.47325875712029225,-0.8334449294254167,5.460285874759722,Reconnaissance,1
-1.323903081021895,1.990397438107661,-0.33158234891299265,-0.049649522166975046,-0.32846884561282985,0.6414730845674823,-0.755209200395773,-1.8702688866057329,-0.8990809356577203,-2.335625931384112,0.01088879723312497,2.484505253736851,-5.76282414585304,-0.494806053326942,-0.485649346611996,1.0845658928177329,1.4884870524726048,0.9418240294747006,-1.7091953951630527,0.16701727526253107,Normal,0
1.1477188765802868,0.5757982023751589,5.341876505575787,2.441908323118497,1.6640123727637834,2.4029988576593686,-2.2382143323617996,1.7146989466951408,-0.5178304056668142,-3.987506060670701,0.5469280111103744,0.2674123287689809,7.7439177811933995,0.9891301568000915,0.39709134470981156,-0.9902030760632099,-0.9902476679882382,0.8494906050461858,-0.4320643044985961,2.6598587764031074,Fuzzers,1
2.1202343793682616,0.7341127881091556,9.476631133346656,2.2467421584697376,-2.0916734973183804,0.7462688071461763,-4.3476191596469205,-2.3173063543505004,1.6267210522465816,-4.603450843438114,-0.021834076174770664,1.2550288528087024,-4.533797022719038,-1.3758556019171673,3.1336432129873164,-1.9011158137812156,-0.6800758737288115,-0.23681187478932472,-4.600464590652324,2.639887785907656,Normal,0
-5.21186420611053,0.4425753869592143,-5.602316484326368,3.17327844097258,-0.7772620196627948,3.2261248534140927,8.838484851898071,-3.019053165289309,-0.7111048630897971,4.404315717979523,2.001587265815697,-0.9738454732963564,8.35212018521597,-0.4764500619277429,-4.93941440263598,0.07349644825558266,-5.182458000334833,0.7676513048565078,-1.4435935281913674,-0.35168673774117076,Normal,0
1.1480494870967375,-0.6262446236224857,-1.3023017103910366,2.5859924359955153,-0.8817437936600842,0.9955865180984593,-6.166262966892472,2.0411748452240173,0.29263988658981227,0.3830521988426123,1.4282779528925693,1.872069817612461,7.870611680778412,0.9710763032750698,1.9491008977230333,-2.657142710107355,-3.0810254488605224,0.9240945305360726,2.7604072786148834,-1.9439787667477315,Worms,1
1.138903287436342,-5.3801438577561145,-5.265039901520071,-0.2487940497809662,-0.3218143345578415,-0.691397352337414,4.580827420356003,0.46081577320031974,0.34372467755792957,1.4341204526801605,-1.1465535779730305,2.0850970331747885,-7.162379187574854,-0.9756893427052143,1.7685625238880878,-0.13540695091458388,3.938853265931062,-0.029638657007196346,-0.616123373127933,2.2443790017318324,Analysis,1
0.31733504729161055,5.103472266732757,-0.6409708847022246,0.8032509463218541,-0.9627663006043665,-1.3286645717515706,-1.7721260943105661,-2.125244546063844,1.4166748407239182,2.759727045493424,1.4874809385613124,-2.6692280160695026,0.40020010133990014,-0.5795210911996718,-2.9231066203058456,6.269504340159285,-2.4644525087149143,1.2081687176903333,-0.04501311292230881,-10.254196522241557,Normal,0
-1.4771226100980022,3.1779823482876557,-7.30391451714013,-5.567133263467334,0.409752906098272,1.7546255713620007,3.3782593808408317,-2.9640795538636704,0.8107912830404045,2.8006815300411034,-0.3386198683240373,-2.41237682688621,-4.152863290792564,-2.00851792376992,-2.0709501728871307,3.7688978449325257,0.6538534574473138,0.06459336021737178,1.6883593697618393,-0.29981672802163106,Normal,0
-2.4176941356855997,1.7978479315909357,-1.367513961744754,-4.571076837015549,-2.58359410864799,1.7399802577933958,2.509270871788638,0.4791148339478628,1.0749619272978252,3.078825797911205,-0.36030844843204296,-1.6485457009506836,-10.192074813795362,1.4663357827377086,0.47551778617359675,0.34128687860215523,1.397670819967967,0.052691471105740975,-3.1559625033279883,2.823554315943538,Reconnaissance,1
-0.8537207881835447,3.8436184390073156,6.486724668307907,1.5160760339628077,0.0615492665414612,0.3034762970104705,-3.4127953011672574,-1.779005108665655,1.2317627094192147,-1.8481032299661195,-0.37167218510896366,-1.0252616423770546,0.3873739369885566,-1.7841947720306777,1.1773904252321437,-0.0190467991354768,-3.0889855989211084,-1.175019136928643,-2.9694200739077945,-0.02635272432412583,Normal,0
-3.200668018664826,1.431227730423632,1.6808249715676333,-3.913615729203195,-1.4221031500952312,4.115444318594761,-1.2075625046790983,-0.42852092642872086,1.8047306133960543,-3.198835058027477,1.3966518031533512,-0.6076402513821162,0.07615717417406564,-1.6660674850284407,-0.057554675125425,-2.312266089356648,-2.7325397651948475,1.2931665819382916,-0.6513665385952965,5.937716029148026,Normal,0
-2.4071782728287747,-1.0487693290671798,-4.856264472338633,0.4858692491118646,-2.5792805576465017,-1.6437711121560654,-1.0042348129357948,-0.7637713824517318,-1.2367948904960246,-1.8154966195458995,-1.1409444878664698,4.215917545072292,-12.583600496690174,-1.3928127863304445,0.4112913678623229,1.6181127622902314,4.015048511249715,-0.571552160192608,-0.1480642976908284,-0.8993640352952612,Normal,0
-3.410718022951162,0.3089989435515741,-4.859670403962193,-0.15294017393355297,-1.4475992311691486,-4.080661785156729,-0.5682574471243538,-2.6687655232886867,-0.644914616976277,-0.317552954766102,-0.7415210597033679,2.5611552608693846,-12.665275555107733,-0.1990116627445822,-0.10442025125752497,2.6416127127008666,2.159073735542031,-0.17008360433451275,0.039093492968364174,-3.587440017364189,Normal,0
-1.6822516787891486,-0.24940300555150596,0.3836396785495302,-1.8811962780524802,-0.5790753124067803,0.3203191937558747,1.1506836289549145,-2.2044765125361097,-0.08238928755214436,-3.5907889555263286,0.13077868197977363,1.632627985000695,-6.967813105432987,0.12367644248041414,-0.20478790798377933,-0.9200343563988369,2.544336050558688,0.12973574103081262,-0.6522998099047425,4.760302942277263,Normal,0
-1.2652336645126274,-2.013078814121969,-3.653573009992364,-0.810089377203977,3.4240271769426966,-0.40487231671711554,2.5005867286624897,0.2297581885369131,-1.0333232057501833,0.7254011539858654,-1.6862737058408779,2.402940372357838,-2.6238721186561236,0.11407416709394286,2.345693907376981,-1.3011967897830665,0.4930827430645499,0.46993708041215404,-1.6178042955627872,2.6354295224781095,Reconnaissance,1
0.7126481606249353,-1.3034236064600577,2.4690280900976447,-0.34266287775381943,-0.1707395639056477,2.3127621196015324,-1.7356755107761574,-0.08586655170712665,-0.866043414322233,-4.709987292088809,0.7596882500181774,1.4273833534039007,-2.5974602517066123,0.9957624470561294,2.431361016654796,-0.8931141670737766,0.8659031082961511,-1.517440364607229,-1.2088255146068714,5.136617611066361,Reconnaissance,1
-0.5595602717590948,-3.4433397875970053,6.287091984167507,-0.7927384022003489,0.4733812294548114,0.424318842841668,1.4780275181889233,1.6299230342267035,0.3595683002534298,-3.137784869017892,0.5013327244143649,-0.32355975690780814,7.759991759108718,-0.3901352775636263,-2.056327422775921,-3.2082951050733257,-4.381737296164227,-0.6855829406863078,-1.7284054784851075,0.7100817308655338,Normal,0
-3.059754093020133,-0.10196650954753461,0.5505327384159537,1.1262514061118762,-1.5640264526901562,3.4482632175871046,0.23660220488849126,0.33788574034702545,-1.439122489408388,-4.008215316091325,-0.12121805072117849,4.6257784072978785,-5.006148652787211,1.75457259756306,0.15858806743526088,-2.341939591201987,1.7558376539130258,-0.9416859762946027,-3.355929510181834,5.610497814135273,Normal,0
0.7325869753979906,4.115518466056876,-7.8471775787868,1.123963982525582,6.128343674314638,-0.09723646418094067,-0.5665578665665014,-0.20699282444020972,0.3418932614727872,2.241220192339983,0.24136956731328738,-0.8416621517288609,0.8177130138700675,-0.5971062990694141,2.6508646830108296,5.566114066653427,3.1429447088817115,-0.5698122016696738,3.256012641142669,-0.48623528346770134,Normal,0
2.4724809742922553,-4.347822861379884,-2.76899802215076,-3.306591235305387,0.18952018487529898,-4.105342186736336,3.2919252330900117,0.10119480618016885,0.7529109537257803,3.5501742103977136,2.029209980470298,0.16504114798486058,-5.345380546003478,1.0726395492012073,-0.2893772336679623,0.0631472363120904,1.566769120222595,1.2676504408061784,-0.03788712607222022,-4.318248189785685,Exploits,1
-3.3170900204439144,-1.4450066503123733,-10.658856576088738,3.0516327273359933,0.6675024319900762,-0.9739234792712534,3.916138265463809,1.3877465626330998,-0.4911101478193541,4.2068804489563885,-0.26950380663946094,3.3645183395694165,-1.380057291513423,-0.7804944218705347,-0.1363978524267222,-1.7759944836433084,4.824186485001811,0.49117305788254606,3.492252378756249,2.9214288864445432,Analysis,1
-1.791886951480072,-1.8433286181777948,1.6727290388767067,0.9680728675518973,-2.825527369244501,0.6422897330811577,3.165683099459679,-3.768482898699296,0.15518473804793037,0.4092877266400897,0.7881346436941644,-0.17528139211688343,-16.72870131566692,-0.0554595853308533,7.10663169978427,-2.287207580152362,2.1499261632085718,0.3214845658500596,-6.241837028883039,10.72750227849452,Reconnaissance,1
0.06079753363988005,-0.2259952285197766,-1.0074497352605483,4.5371711864682425,2.194583189909413,1.8871670281071444,0.2254302878036894,0.6750860403152366,-0.18740453469285626,-0.8243759873636445,-0.21927328531388418,0.5226386909301609,7.001373589247108,-1.4076448113550488,2.3504214594188944,-2.595414218095074,1.7982389091122686,-0.3897563896385157,2.6252860031860776,7.385112385586719,Backdoor,1
-1.5087634184972947,-2.604281241598309,-5.684784774972811,1.1537382792738773,1.6958233800928864,0.7393976371440827,2.7783748045426733,0.8978816502594658,1.4427345295455496,-0.004855268658929157,1.329454878910979,1.9650311207043847,-0.6100092073893757,-0.04124482936281515,2.0387930653499633,-2.276206352846275,3.6465186482414307,-0.7996142137769388,2.4121117566291757,7.286398969664332,Reconnaissance,1
1.357490808632534,-0.12474280268434002,3.866139558424237,3.970068644368994,0.08228521131133348,0.4968757589570981,1.0224575001124594,5.079328579364798,-0.21723296746987092,1.9266090078410936,1.664646536433969,-1.7316045670820555,17.36798918986158,-0.9623156927902224,-4.006351682596964,-4.987671765023463,1.3309894979857066,0.3652402750183186,4.875091851012389,2.1751675083058264,Fuzzers,1
-3.578533965465752,3.4591605238356538,0.8142416470713472,-3.1291115651328845,-4.040327628896842,1.2555080753193186,-1.5546405105682772,-0.4328728495952152,0.45139595241603503,-1.298546107793682,0.4013213737267121,1.5624043029028525,-9.530571569131364,0.40529411049309205,-1.7416796286318013,-1.6224356280290508,2.6462143203656936,-0.42197686409230856,-1.145969513474488,2.8156866137130603,Normal,0
-1.811698520705559,-0.12781337457415454,0.7196290537660821,1.1665379770129691,-1.022268095027992,-4.436451550988666,-4.474956766575215,-1.7112467759908232,-1.0716986305156933,-3.2076519839776783,0.7660146553569529,1.862993467980964,-14.33980669602856,-0.6399278523280171,4.770312805370632,0.5308219749070323,3.477358462737409,-0.3797123177178291,-0.2292491330043429,2.1932062781752526,Normal,0
-0.5153186570631878,0.8103352529783949,-2.368945559706552,2.4061776044390313,1.6627869495874625,-3.915928367891587,-3.759206579818739,-1.872265614006356,-0.9409090106097221,-0.5153568755453596,-1.3586158073784438,0.7293321637944874,-5.139387011384897,-0.30086244470927503,2.819696597295869,4.643232620857901,-1.2617585273465286,-1.3446021996987705,-0.09330183436820727,-6.124599805921886,Normal,0
2.329024502622333,-0.6978847052465547,-1.077515568130875,1.5690255384375573,-3.827477172651337,2.145344445335737,-9.503509827470927,-0.7814647761483,-2.0007144611913033,-3.358810612815069,-0.7698397060158332,2.928411533564812,-8.020566459805549,1.3349459797556529,7.0615401267279365,0.4141903064095589,-0.263804710447364,1.6909709431515434,-0.1141845547441398,1.130555768677758,Backdoor,1
-0.6617049742435342,1.081652730704088,-1.3483768529948488,-2.0138035132894707,-0.10219093528200873,-0.008094297397068129,-0.674606367511803,-0.5765071193478889,-0.8443161809739343,-1.1520317349218838,0.30488192102187855,1.4509732893607445,-5.7033673992498,0.5605188649500721,0.015269413263525156,0.27183807422417106,2.4768367774890554,1.777794163030617,0.058670446640153084,1.1508346102449454,Exploits,1
0.17210988327098953,1.5859687913425886,-1.377660773568438,-5.462082251620753,-0.9412071897751848,2.540292266432441,-0.6351571185877791,-0.6626916127945746,-0.012594201208507957,0.29552030126310846,0.05317794790313622,-1.8440179200186058,-1.9186983720678674,0.9255980528949994,0.14590224842467236,-0.42977229594202093,-0.020457228631569402,-0.4681419325244925,1.2977699394065834,3.023431227444245,Normal,0
-4.657603618557205,4.802816920338138,-14.856548685570283,-1.5724129018763717,2.055737846735384,1.9175467869789273,-0.5446096698762459,-2.057162591849389,-1.492548016245537,3.093670652397791,-1.4269882580578632,2.899901118676471,-1.460388887510514,0.123378762453304,-1.1893839489257458,3.146570294287665,0.49058799135411135,-1.6642320566135629,4.174057385410573,-2.155645362045355,Normal,0
-0.9193390264197908,1.3037552761707847,-0.1941597982632901,-0.42027354442380593,-1.2017310075634642,-3.14558362972572,-2.1280872614229662,-1.6194562508724972,0.45873644792146917,-0.3215838061118823,-0.05401874296848923,-0.5440316501727003,-11.923376777805878,-1.2605660106498981,2.5047754759519227,2.9213826937029133,2.2861588482667266,0.8237055135655442,-0.7985284709804068,-1.0716427983435528,Normal,0
-0.04118815546111643,0.8402238119836741,3.7391805606421453,1.099012206743321,-1.8033779396697935,-2.5081600436804483,0.4457456605939602,-2.709743114828564,0.24706432513350154,0.1499767715634972,3.002652484911687,-2.58548329047614,-5.309269135468145,-1.0996890869355247,0.8050304063148828,0.6942966496451095,0.7907081072689316,-1.215211417918324,-0.8005212646881608,0.846111810937987,Normal,0
-1.362361826981391,2.9921163692231922,-2.390042839143643,-3.9626093624699505,-2.5412541951761987,2.028210615105171,-3.8037933548406038,-1.3263053173511132,-0.655514639147548,1.2047726551913827,-0.3678109583696349,-0.7695394246328766,-7.515117370461722,-1.6928673242009624,2.585764127636957,0.7572267313352024,-1.6112427970123195,-1.1790518927758218,-0.8244209804847173,0.5246112539013834,Normal,0
-1.5287656827518628,2.1750647710414603,-10.12486840319002,2.038032881871653,4.576035883792095,-2.866118597620133,1.2636144582630413,-0.8415277081856352,0.017757957491121273,4.099975224691775,0.24520340004469413,1.424269332372948,5.251205379713218,-1.9378786649767805,-2.5865130595817583,4.13099045454055,-0.2710484060037812,1.3092529698878164,4.008164192003529,-8.168704463741754,Normal,0
-0.5902748019610522,3.4748933452153135,4.0875625137561435,-2.0097375123280674,1.2481606539963646,1.6663110629600537,-2.6671175117761243,-0.9264705983094383,-0.24563709780022788,-3.8872183162379716,1.7814863645185157,-3.035419761823554,5.726513829792028,0.8478219987732908,-0.4782106694019599,-1.2078169177485405,-0.3067669781167055,0.4854751950926902,3.58988478356147,5.861575625183636,Normal,0
-0.7466483123495753,1.4876184596746673,-1.9626260938871751,-2.7803512094546283,-3.03963764974874,1.8966853455557797,-0.004837269131151456,-3.0094682653043083,-0.5324659110452589,2.600883498899875,1.083389518816319,-2.023539135860071,-4.337133889255212,0.4114751047730993,0.8601146334648457,0.6900196692865664,-3.048513954236311,-1.7860898641824954,-1.3739063433677816,-0.3466733184652683,Normal,0
-3.7267088061671076,-0.6570462755921826,-7.6491552685568855,4.559323675162851,3.146825721881436,2.89254591605503,13.548549992959488,0.5353901906720184,-0.24438025042233152,8.128936441304983,0.18969099524243158,-4.21686186031476,13.80050089990932,0.9749844341928189,-4.224552348080389,2.1958858387355895,-3.0394425706197796,-1.3108914399721663,-0.3452113741837659,0.8545925733418678,Normal,0
-0.5840913881997876,0.7257764727188075,4.252101102644032,0.31467926228468057,0.08711109060329303,-1.418624153581079,-0.5753991429276459,-2.625777897769594,0.8569853478339888,-3.22012365861491,0.6991365945669791,-1.5969376619222602,-3.3751410542101272,0.6510076509455287,1.2123242633210816,0.11790011571236825,0.592838004784983,-0.6596821959750356,-0.12990123371828566,3.5837816071673556,Normal,0
0.798471140461638,2.0241024518036776,3.6082229026862267,-3.668288312822671,1.5884795436452355,1.2251099077902083,-2.5024865885460086,-0.2773284227253794,-1.7328526291943496,-3.4100677995717135,-0.5161014389718014,-2.4846656189272043,-1.795996062328963,0.4457878488316868,1.9582066746409676,1.223538593979833,0.19101547764082372,-0.7079316397276982,0.14519749123373193,3.767013879035292,Normal,0
-0.9616432053452589,-1.5833473453312918,-3.973122286517347,-1.2970965048019862,-0.7981882849151015,0.2100431344700493,1.7767518265968991,-0.8834910030782521,-0.15144879881220152,1.0520798249248147,0.8473004805742326,0.8429981067176731,-9.937329566463704,-0.5252876363534668,3.060584803589796,0.7318869686092841,1.8962466842326535,-0.7468229894047271,-1.8597838593521714,2.853132399741026,Fuzzers,1
2.7219072627406846,1.6441730474354581,5.813008263430132,4.174513778784853,-4.241122364588341,-1.921297506038873,-2.5679272287727786,-1.958681233830902,-1.4806296624004127,0.6033947018947654,-0.7964675448912183,-1.4427990971225184,-5.478614383093101,-0.2575019505319146,1.2075122099853082,1.0983017545693765,1.844246309482196,0.39205574829023,-1.6698921822968682,-2.0433244784689286,Normal,0
2.6668904910534454,-0.8024764134533854,4.6270733990964095,3.71017720526294,-0.4989722075747747,1.5306208962707761,-0.617503311975771,3.40496804866278,0.7638596351809677,-0.2739500733878577,-0.24495263198709977,-1.6528424632959684,12.113379285727078,-0.0647733320610725,-0.8586079907667616,-3.402941634246971,1.0973885919180497,-0.30795706813983525,3.1200150190735485,3.6247021530219,Shellcode,1
1.1510014300225189,1.342799096333731,-1.7325283721420166,2.633046399560278,0.0786375839439506,-1.0827556107845846,-1.426560235923732,-2.592566907131923,-1.9810471770732212,0.3127429339252621,-0.23747733654357459,0.9093744071892413,2.0915296914519335,-1.3233443321242262,-1.9830743284812091,4.445758226957505,-2.813561309043066,0.18930106084759718,-0.37661264189136245,-9.24892841316042,Normal,0
-2.5605891215597705,0.779636801361969,-6.068377086058195,-0.7424967577449992,0.4662098311574454,-4.206857264971867,-0.4576329303363551,-3.3121638891012153,1.7318259267219165,-1.973890119660959,0.533302173403151,2.5178337525934804,-12.670915133632997,-0.6562933160502777,-0.19211183276172727,4.156268446568571,4.25364320727298,1.4209578654605897,1.8699860742194003,-2.5162015215612845,Normal,0
0.4894168526219924,-0.68767121976207,-4.287878474059347,3.8155548662128167,-1.451448042553776,3.591004381432779,-2.907166123054607,1.2795843728261307,0.1297264914981929,-1.6208230837667177,-0.012545944916305798,2.5620800804182395,2.7736251203395317,0.3074030933418858,2.586247750401581,-2.0994230877471787,3.1525809337542947,-0.006275232844126985,3.9428647483405093,6.4248744271521865,Analysis,1
-1.5450836380700648,1.8888467676063856,-4.33172333407248,1.0770721364542504,2.267878850205978,0.7202286887296934,3.4267135595723794,0.028488883715677593,-0.07841952809067326,2.4662271859719387,1.401928253102732,-0.04418259653777534,3.8835542119098,-0.6701774545699142,-2.524606399177853,2.2467983044981357,-0.0230642281698461,0.7084685780019241,0.3662918097668959,-2.157043715851843,Normal,0
1.715591611893613,-2.282279877515159,-4.533900463136986,-4.439737720863248,2.512572746803717,-0.48902773333041694,2.836753808420052,-2.1369247649614045,0.9106683730599062,1.344416449363374,-2.4773433929375024,-2.801976080490073,4.082661362899079,-0.20291064217102417,-0.43989530206242444,1.072788430078517,-1.9383219864747012,1.0231324231130516,3.6338258290821095,-0.44158741000039803,Normal,0
-4.336292825308371,3.877359397061081,-6.100031504859393,5.010320804071818,-1.8675781492551016,0.9819817166790946,-1.8458785873951054,-1.890210591096984,0.7110265465820134,4.635343093474358,0.9133920236370419,0.7175195889771457,9.007959328265104,-0.7626926259947432,-1.637744054275049,-2.2653205456206553,-4.203697366825507,-0.7629480726497019,3.6087605960502995,-1.9987396681657121,Normal,0
-1.6088422257768515,0.8065623106200278,-3.703466455507651,1.4279294117923724,-0.19195328807081946,-1.8268850952800992,-2.4431181504695085,-0.47198714536820285,-0.9223846290616873,-0.6884663692906772,-0.03269763638397336,1.6790813556107178,-5.74948219431238,-0.3766841534307651,1.0308984523398164,3.042476497546179,1.1146220312663189,-0.6021793504688688,0.7174420929358833,-3.0420514929412086,Normal,0
-2.13466182355055,7.445029027114263,9.031565028302154,-0.7826611674744661,-1.2797182974217842,2.901399995933674,-2.82167176586784,-1.67628213541839,-0.8393757425688726,-2.1638252990832405,0.2790342605936326,-2.759588822996447,1.6179762416462724,-0.6110260790203119,-0.5211210002524318,-3.7540163166730323,0.029985594657460757,2.349800648793925,-0.9188890423742175,8.019968198124868,Fuzzers,1
2.7710999542610413,-0.4034431668297782,4.246283378268695,4.139765102444284,-4.734700278381037,-5.124401667188129,-3.524784348105184,-2.1768813573782944,-1.492086257090582,0.5275696736520046,0.8585733615249258,-1.6804670043437504,-11.040976730860546,-0.10329559336349221,3.317272690947364,1.728096561631703,3.581572426395747,-0.5973774587934136,-0.0018685855359221737,-2.108144338810493,Normal,0
-0.5722134168318338,-0.030181420191241592,-3.525796815695586,0.08540544726104482,-2.0450093399149996,2.693087341229109,1.60612988109094,-1.8515799530314903,0.2774805323440444,1.7349659937815831,0.5953806331963128,-0.11656361958645967,-4.238363475978155,1.1168653801840323,2.7559398010430467,-2.367281803393602,2.2427142586692965,1.2905416619222692,0.5730634737698155,7.730507853872455,Worms,1
-3.2873656244297162,0.8648497116174411,-2.997589613888242,-0.17257761796621196,2.0882878947723817,-1.3034409452095186,-0.6280037878469162,-1.5463073559506193,-2.0157712011576367,-3.1560376869893494,1.3587435664499423,1.763632322232215,-6.137316889013478,0.7034231795672604,0.8871718135395212,2.869401608787679,0.7311167996726888,-0.5255713514535266,-0.16508114677420505,0.19658776211709972,Normal,0
-6.316805342650886,2.7699561581108485,-5.329006302436587,1.5611783527664516,0.46730435718056085,-1.829855225293421,2.0386067019568204,-0.777011434241395,-0.37691501648456616,2.0444745487359945,-0.3273499603225963,0.9957688893569259,-7.703093028936914,0.7032010546843693,-0.5417102583758835,3.4988849915353115,0.07157863039017975,-0.519345073159584,-2.031874457105465,-2.494078745126335,Normal,0
-4.132952968598554,0.8640797432395113,-4.849601148043126,-3.5225934649828425,2.809380619871498,4.419541435485949,9.430821607641636,-1.195452439544821,0.05160633151094324,0.42250316010928446,-1.0568037078871093,-3.7646232817304406,2.5536755633470767,0.5615052873804263,-3.172051423242632,3.5889396055416016,-1.1223797062839838,0.024211008328300997,-0.7385180397170181,5.159908365795978,Normal,0
-1.9108552070023084,2.9088536244377314,-2.416993651967675,3.356159622216765,1.432864836781412,0.372586138227032,-0.46165517172592363,0.8790508587052628,0.5481756440542481,3.4165382892321663,0.06522498166927751,-1.3834628363126547,9.957129678771194,0.15410480649630465,-0.6374907231544402,-1.2859183433002999,-1.7394930481521578,0.5697800121654373,3.2324927695716195,0.2911954059166131,Normal,0
-0.9535565452154005,2.4792944579877894,2.7099240392091546,4.000616881993379,-2.60882581945755,0.6848466283421908,0.9232787676024424,-1.346629710838499,-1.4495180163723127,1.1193286774002877,-1.4718738428399167,-0.8633324733150101,2.4992057854363896,0.19050898228762644,-2.6684333567630256,0.9103392541750432,-1.4599278751084181,0.9138689034473524,-1.7435056100311086,-2.624673877430085,Normal,0
-3.375539175921311,4.880089110987743,-6.32273308465272,-0.6192702980857877,2.565120689946658,2.8805586852703318,0.5903371070812287,-2.2474232923699518,0.01702027062294713,-1.7866478697805879,-0.8046520281764187,2.660536503996492,-4.963566443444298,-1.3474249674586936,-1.030512029323949,4.773376021753279,1.5939724031428413,0.5871186879279989,-1.1172848389988639,-0.07646158531418745,Normal,0
-1.7643962079073314,2.0170724645055382,-6.463980483944933,-5.524525863378153,3.6467779514328633,3.6800713728972103,3.972005938299315,-2.235856221201502,-0.5870092193080347,-0.7499995180689236,1.3665548633342741,-2.7257092087874506,0.5060485393450664,-0.3852376925845517,-0.32735847938343043,2.656976123698508,0.7778502361078776,-1.5123172078757925,2.8279349862761913,6.314924452189094,Normal,0
-3.293279483745622,2.0021923271294098,6.232841666327039,-0.9535609090350783,-1.4345697711268797,-1.132602701232212,-3.323468168303665,-0.5355237875096649,1.1950497596109866,-2.4221064481582237,0.1348892064273157,-1.015337864552976,-8.943811667740402,-0.7180529119443911,4.221444454494035,-3.313523825902932,0.5797206503292743,0.16187082877908168,-2.2957114310896576,7.58109894955631,Normal,0
-1.5431542363508632,0.0035335479359102084,-0.04509505467443864,3.4971197776143637,0.5137516647215872,1.4481170601865039,1.8565746217800714,3.2054422003401184,1.0047908422191092,0.47913419752085273,1.011752650499045,-0.12172970238988756,6.839797538056539,-0.4449302995664328,-0.02109250917698624,-4.778968970235019,4.149656693466311,-0.4665229262332153,3.6090298721831693,9.218956967831156,DoS,1
-3.7597813541534535,3.8007065380573497,1.2378017172184363,-0.37006011539989747,-0.5377104873325206,1.559719625154699,0.9287008075655242,-2.4079785638505165,-0.36901978233940563,-0.18286919496894893,-0.26998101390414114,-1.4282935162384107,-4.23627335316418,1.4320372285575054,0.945548231765829,-0.8530805672576838,-0.015039522689289875,-0.48201191812596833,-1.7110693536353319,6.018284755867388,Backdoor,1
2.0025919229912805,2.0629785816521258,5.361882310286582,3.0135262436915573,-1.9344734422734793,0.22353611185424938,-5.85933062647542,-0.3699726979187512,0.3547999477473889,-2.6507572683455054,-0.7307838340448287,0.574893625776276,-2.577891500655319,-2.1027889121949874,2.5185432577700295,0.6198473717448648,0.35770809523805724,-0.7850270002020256,-1.4586022739200106,-0.6229276424627692,Normal,0
-3.4630330783765446,-1.509282183188036,0.9476947187763676,1.7772190718352996,-0.8887304553480955,1.8612283781136398,7.832402673816251,-0.4628132980129719,-0.8084464297304403,3.3615880263287528,0.5160874099730932,-3.9716908583918933,10.567092910394773,1.208320834539794,-3.9153781828516254,-1.338556313001388,-6.077354525559978,2.0540552751177317,-1.6356110399098496,0.8015686658981207,Normal,0
1.3626926717702148,-0.6373790098451146,1.2725384780004956,0.29661915394306493,-3.056544690889574,1.4056752926448204,-4.660433288793689,0.22716225030630954,-0.455012464705742,-4.337848360597919,-1.1054025249608839,2.101429488183862,-4.372721292069849,0.128475398244281,0.7149961598586634,1.723968362506061,0.5943387652137443,0.7712790969729371,-0.38493475826945733,-1.6135468483440205,Fuzzers,1
0.47216182324950084,1.437358341472717,1.2150780105857952,-2.384946283099846,-0.14308807545245417,-1.2408298735380123,-3.2858003100941846,-0.9966329376923175,1.0626546454737857,-1.2411137988576058,-0.0818380112638594,-1.6010983151030098,0.3630672129806876,-0.43004319348134284,-0.44376283803890226,1.1939130443567305,-1.5305227454932908,1.3818938751017622,2.0122760621263676,-2.598996156461674,Normal,0
-1.9416557632774483,-0.5502858240919781,-3.3450381607228454,0.5630776539931215,-0.8756318785805508,-2.3143945382156335,2.7646400888956366,-3.1604507680898344,-0.7519416211486548,-0.5289273779630015,-0.5316179364615454,1.4331099768212678,-9.267460876247243,0.11256725527078222,-1.1777794500607253,3.437044005079028,1.7302060844549514,1.436158506374239,-1.3482990725609845,-2.730011573305246,Normal,0
-1.9812960876371704,2.5151337821712003,0.602707619130803,-0.7443971187011256,-0.005463304178390027,0.5654745389787534,1.8625012404116026,-1.652055266202261,0.656005854176216,1.0791245728627816,-2.2261412791091137,-2.077723004298643,-0.06216952573122225,-0.9640586404705984,-0.7097646900269954,-0.60211622700104,-0.20766884330772584,0.05623976191145425,-0.03277224514946231,3.0752111644978553,Reconnaissance,1
1.2468212530397365,-3.9018155551011904,3.1164679243102347,-1.84312792597982,-3.2071432681142054,-1.2632960218381424,1.0920070985285852,1.2595254278275663,0.5897627002104363,0.704892062861664,-0.6678671090543804,0.5239427506891362,-7.771742064454082,-0.046383478771300765,1.1732413343253332,-1.897192553068419,0.7005493756831968,-0.05463795368621049,-3.5706851790703595,-0.14909846639953372,Fuzzers,1
-0.9887203880294173,1.8889156756235095,-10.119118248219074,0.14203699509287304,-1.4292471227321846,-1.7250137150558893,-3.91204798443653,-4.599842421207172,0.5049069983366706,3.535303283085363,-0.29890201350420254,2.4786343708640635,0.6867407127206473,0.3383816987444884,-1.0113403994990013,0.8193408701680323,-3.0440608921630594,1.0599104053055772,4.85153805747779,-7.82691015326543,Normal,0
-1.152021623425263,-0.7715874169857693,5.514693339353333,-2.899885628780833,3.5849443429580146,2.292504324017346,5.781249586663803,3.37428683206213,-1.2391619172959618,-2.582830857254109,1.1354100618426521,-4.4800903747647425,4.998244584968587,0.5067690725044746,-1.6556074302556651,1.5148237657547292,-0.6023065972203479,1.3046566274067597,-2.398194240008735,5.163881393364177,Normal,0
-0.7667782262176381,-0.27997799523306144,-6.262432935353104,-0.23008983041665143,-0.42599607297096487,0.20252124146598693,-3.7218454420422042,-0.2115325826297776,0.987327129510452,-3.410985864934202,1.1174752515841184,6.382985340801805,-8.856761746870562,0.2863876987407452,0.6308495927288471,2.1274691556388996,3.2858460545498387,-1.2122971336221808,0.4206676264382405,-2.5422624885894467,Normal,0
0.8359278790298603,-0.20927418745761384,3.5314238075112585,-1.9999592567215831,0.7838111097365019,1.145926568886006,3.4926375848413116,-0.40060966693057465,-1.7829554572470898,0.15277233864150208,0.5955633817868445,-4.223175567868192,8.691034326027303,-1.1075682034642687,-2.538228358486943,-1.8320992502114173,-1.4990898923169287,-0.023632448000508566,1.8659964295347402,3.481682138349266,Normal,0
1.164931432415491,-3.349795222996303,6.19687507600898,-4.002320984554349,-6.492039904159386,-1.1922512169804254,1.1899090069343436,2.7389495187780777,-1.528040408009355,-1.0086973575023428,-0.9645255932833191,-1.9461001515060836,-11.275529105652785,0.30413372845149456,-0.6223489373120832,-2.4559946324392703,5.196960217130074,0.6854882184975377,-1.0547661507361625,4.160463279903729,Shellcode,1
-4.249702308984322,1.832376543536919,-3.4679291720742227,-0.27805731192604033,1.4587002055254097,4.3813733969048165,5.372967692269533,0.4285768878437919,-1.0713047309688788,1.9159974659847354,-1.2130027003755968,-3.420427724433709,9.030822200394486,-1.034002844258467,-2.007629963065448,-0.5818319999308943,-2.211133662006663,-0.9233190536236641,1.678349695343283,6.382619134655865,Normal,0
-1.338197714789611,-2.7116732987744063,-10.460109864792429,0.8087176601121357,0.37411454145706324,5.438668128511306,6.877070804391514,-3.636262144152653,0.2786188618619005,2.621625184015607,-1.0517675475124797,-1.0541317142738613,-6.781988809921267,0.8138229320235352,7.23300733359508,-1.097994347260153,3.4533237055925126,1.0762912853130053,0.5793932428121946,15.977922993162501,Shellcode,1
-5.644957306687417,-0.40343594489169887,-6.943860416494573,-0.3233410041793767,0.5967138408809352,-3.6303935078093903,-0.8520355290625647,-1.732487221579528,1.1559480074850503,-2.6129225885105116,-0.35338589955123273,4.016382230654637,-10.620085842331354,-1.1197609084150395,0.4526006434662404,1.1684803694755017,2.5908061556328508,0.6893291868373371,1.969622668358916,0.26808717520290637,Normal,0
2.5664071418193464,-1.5562425263962807,-1.3158352923463512,3.3825686029142212,-1.9428343966676285,3.0448197360256053,-5.717288092109546,2.3573778018364355,-0.9246230443302299,-0.03326577948867149,-0.45679626967092407,3.0685506674429415,7.015127288531664,0.9853107386625031,2.3309211086264963,-2.504433582835768,-2.3716835665639358,0.4663332954136105,1.2128506841132811,-1.3882445397470218,Generic,1
-0.7643707790153929,0.6762094034962403,2.1083983020617736,-1.9691693404064985,1.8717711190565036,-0.30904889806707936,7.312698806460738,-3.1508521856062175,1.2945702327898514,1.381747216462379,0.9745600810132269,-3.8678766746695965,1.1833150704919255,0.21915982052102914,-1.7110466497751697,-1.9425533338641794,1.589460825698823,-1.1469412457797996,0.20669679371362193,7.01578010979566,Generic,1
-0.11669808430330542,1.9833409639167803,-4.0448693879332325,-2.4869531974465016,2.7438866401929953,1.3150247229569518,-0.9321532488502302,-2.2509286314601615,0.3274456973695609,-0.6253239357483582,-0.8627433192868692,-1.8509609142979577,-2.0150814036148335,1.534448125403096,2.8516119913134403,3.1996463296985516,-0.4060512269022518,0.051888357835759985,1.5548527612907501,2.3443780039912006,Normal,0
-1.2455658656792972,1.170191382140395,1.9126169308306418,1.5419538881343513,-0.9951331708601463,0.3845078851516588,1.2283212178064282,-2.5032675131379927,-2.6195050832457616,-0.9114709518605203,-0.08088372172354036,1.099871860351965,-2.0318640975785103,-0.7559513886453921,-1.2652581819392923,-0.02447016167591487,-0.7607527979111302,0.10907058305041537,-2.7473759812062433,-0.3164991540634735,Normal,0
1.089254479418897,-1.188110926940202,3.5084383474217127,-7.266595056553628,-1.2937582090998658,5.072909928427562,1.5303153135296754,-1.2456384646222416,0.2579473328101976,-1.1318508662464852,0.9683437640849304,-5.357408581709245,-2.0901049986592306,0.4334842799789711,3.6599807369509207,-2.006326840742779,-2.7619046633194504,-1.7545464803403703,-1.6815506371549742,10.066374712214744,Normal,0
-3.086896253523884,0.16839960510148377,-1.6567542714136168,-2.1806112154795247,-1.8202627704757286,-4.574684848901812,-1.3051774519304609,-2.6152210930027637,1.3166980645148691,-2.21447318087814,-0.8291301835303785,0.14923166783298836,-12.720223133449876,-0.03237278638454491,0.6799198913362345,0.35776096183755746,4.0592162397539,-0.5725605925532729,2.7532314014660173,2.298374325889056,Normal,0
-3.2031152531915694,1.2382049733228948,-4.3161353582035815,-0.8461530109637078,1.8112418515430249,0.5948660007902101,1.1259333474997089,-0.30654883461580085,-0.2861634302199443,0.02195252986409235,-1.2082117898992677,0.44924257618202956,2.815498904028099,0.6220093678536937,-1.9681664629173157,1.4517475134873696,-1.9255023124423158,-0.023789314599339306,1.125961929091796,-1.4672773579977285,Normal,0
-4.634826072785054,1.3420923122812574,-9.60661669194833,-2.6816957623787845,1.0034455901906032,5.729670182344376,7.210598421613478,-2.3568438603377135,1.183002989767936,2.915473199917022,-1.2050735614026502,-2.191057045554095,0.962090873224438,0.16615101996895806,-0.8574400917251515,2.262071314346187,-2.1963803279955187,0.09752720449497873,-0.06049183909014966,5.437306096112063,Normal,0
-0.3518719675537907,2.6633674751495153,-6.818729992167637,-3.51028645445389,1.3720131731767178,-1.211926552908273,0.0030901032173502596,-2.239804071438474,1.1550274524446362,2.247004272451505,1.4527861337260592,-0.9441101342273783,-2.817189149453585,-0.5024738881964234,-1.4561317445650102,4.101875488769599,0.5265769304326282,1.2772870693620704,2.961361552933822,-4.579384265526817,Normal,0
-1.0561694804901478,1.9008250676489253,0.4982436131018919,-1.473068525710159,-1.9913232112758135,3.756257924787314,-1.6664912004783528,-2.3050175082756956,-0.7968951440214327,-2.674414039750019,-0.7987848556863677,2.1862208036454214,-10.733640599824948,-1.6822956315292419,4.670834756770399,-4.2883446015015565,4.747758215378845,0.24689052251398397,-1.3296508292154359,12.832361351443275,Exploits,1
0.261329653028223,-0.5539468478422418,1.399286161081978,-5.5716767893578325,-3.1979174289436396,0.09478069097485609,0.8644269956063478,2.313929051896215,1.255754275040819,2.053202858800461,0.1709629549396921,-0.667174432699603,-12.690884142414621,0.7715288435480483,1.3541210773305732,-1.09179495666269,3.5794238430043386,-0.3392519625592835,-3.158556780271101,2.4233972240290327,Reconnaissance,1
1.7859426438920707,-3.859075719641056,-0.931001750040032,-4.250345395933264,2.244059233580959,0.9315656649035581,6.863911091118059,-1.6324267533414893,-1.5266544917523492,0.515204147375872,-1.4833661483504066,-3.1422100080132456,5.051940451934218,1.5189290130617579,-1.9493718316629456,0.3427966947184766,-2.1956884182152914,-0.7134418413281709,0.392082751440887,1.4070976684206664,Normal,0
-1.9169714284224395,-1.4672478446665624,-3.6903449646144977,-1.3167022742667713,0.5170516520035009,-1.0372997539962179,8.643426400895157,-1.9130669048651519,-0.313352755818858,4.931642758976648,1.9673219614951887,-3.8037357866806736,-1.9324825274413093,0.8010918391602303,-1.3166069847922968,1.6512360823596746,-0.5582637206864969,-0.10369239366867394,-1.0557648302996823,0.8458376163538406,Shellcode,1
-0.7607575847005998,-3.1590076711729593,-2.088852652672322,-0.6555104400728107,0.7592573784769692,-2.5415845331722555,7.122543705074351,1.7244701217592342,0.22686831951132666,2.821125197880076,-0.10039876994784135,0.014402400467149246,-2.2394692285155355,0.24869147751808612,-2.11470267474476,-2.1072194453257276,5.0201936088268795,-0.2806539274850999,0.844844227729848,3.05816766762416,Exploits,1
-0.08253697507862645,-0.6920245379097782,-4.031905144592896,-0.11599950614127774,-1.0952009215866794,0.385919151463167,-3.6082391029219596,0.6778948084751519,-0.2805607923203513,-0.2885182951752745,-1.2694632369690175,2.802370739207693,-6.0339620950170385,3.335268189808144,3.3342805414416006,-0.29968337101650644,1.5879966723244001,0.15343038651465163,0.596542836775928,0.8587254684166842,Worms,1
-0.15339391708039085,-2.6272322377131854,-4.231336190093372,-3.037213725684987,1.083373833711455,-1.9034586638900266,3.9984943743340344,-0.38919103348683914,-1.6791075358960414,2.6531364417778045,-1.7139554370954935,0.24648313604122585,2.712589561891249,0.07096581559454476,-3.906506660263468,1.1171358363266228,-2.663582023550332,0.40751614482073995,0.45335924569577446,-6.921966255770345,Normal,0
-0.7186535032419976,2.6751356979664833,-0.46611339353344367,-1.047799057694583,-0.4825498652422262,4.024491444419814,1.5586468923629062,0.03454668875466149,0.22590424537286122,1.3910436705838503,0.10066603857423777,-3.2066489857454554,-0.5877581061077611,-1.4004658647597876,2.5764021812607756,-2.176982549385894,3.1183035617158015,-1.817741204181767,1.4343474061152803,11.247623680857496,DoS,1
-3.219087409022019,5.5615881141995365,-1.0693651817964371,-1.2500191996643049,-3.0045245698667564,4.66942616167346,-3.0529457497898216,-1.7473705280162806,-0.8758134047674085,1.8573158128732552,0.8574490293349125,-3.2100254262265935,-1.6867150833532243,-1.4798629821721458,2.9486327384981204,-1.1356534541881471,-2.2570564673292512,0.7805434833369719,0.3641333284823096,6.704391069049819,Normal,0
-2.2094374066416655,3.5153503184751718,-8.543190669280628,-2.1329275465663597,-0.7191198776451022,2.7806746297388374,0.6624214036278877,-3.443991887670319,2.1075569999301726,2.1980841971376948,1.767544652711926,0.35836010290792375,-1.9902366292807394,-0.3144398780140151,-1.175848659253855,1.7566921720907591,-0.05637624950621278,-0.22901207261796944,2.333140127704268,0.32350325594985874,Normal,0
0.5446941532015346,-0.45148959654297194,8.01689542242044,-2.352868301520722,5.880706469477607,4.071070511284872,7.157843586618465,2.8466528518674235,-1.9215437032844853,-3.635561372420157,0.6461800485031812,-7.442946684997471,8.647693726533344,-0.2322488655976625,0.7707224575004195,1.0331572610510549,0.4542794749728982,0.869028276586426,-1.595125805396223,12.177608464608669,Normal,0
-2.576201144884609,2.9215414970122415,-14.177810526703798,3.6766803653307374,6.732173192512192,1.6313841258829627,1.2645349298608517,-4.392807572907896,-1.5420092560496208,-1.2279689474373088,0.43475052987282753,4.051028389824942,5.75714231842619,-0.41620023605493367,-0.6946085546215739,4.814371787330364,0.99167239938757,0.3399544527425375,5.321864765714363,-0.5141329009015494,Normal,0
-0.26288844709023884,-0.922938609282582,-2.4710432778507534,-2.5406723806032145,2.0936473767524477,-0.6551153788517663,3.0312047765162284,-0.9354356293566358,-1.1548506773209521,0.31414433869481284,0.47845868923613394,-1.3146769393072906,7.033684017908853,1.4485213610415906,-3.7303339877135806,0.22964045139298572,-1.7414291843674536,-0.6754672450275622,3.195708321828582,-1.8866817361254034,Normal,0
-0.5972476242484239,-0.913889107790919,-2.41534392004714,2.446144595655378,1.6455645053684362,1.8443678467229099,1.4967295752038554,1.4809028664881159,-0.2951539751198392,-2.0558975227757608,0.5589828302245257,1.7331558620351584,5.731523923576127,0.3735125797184455,-1.0256202859629067,-1.0837565927552602,2.5910117988493333,1.1608063098603412,2.8007902877931254,4.3289265668567,Exploits,1
1.3162644242564796,-1.1616598400268945,5.740984166575873,5.039496021192626,-3.277047672601686,-1.5711728607533926,0.5109648659038222,-3.1094547468259215,-0.9110169899875991,-1.2789407451591013,0.7198805836570012,-0.39766123480929894,0.9391255785015713,2.1734828299444775,-0.7691033895454686,-1.8071935122013651,-0.07587772480130983,0.400641589041065,-0.6401805808633327,0.5256098460369009,Normal,0
4.322754985884397,-5.538752430082289,-5.643115321273266,-4.196372148689553,-5.270483294027494,-0.1688277644942342,-2.8488362738524016,-3.504971929316153,-1.6256827074814433,-0.8246782292071987,2.332049604264109,2.3967922700111663,-23.46076543012653,-0.0019846241380282945,7.8148754559647875,2.560814384726161,3.6641487863800055,-0.026915880789292378,-2.233544571198339,1.0767240383499752,Exploits,1
-3.9634067820287435,1.4610424454026476,-6.461952465100742,2.278223976932694,1.6506985097631377,0.7343009390505562,3.1797911412799875,0.5480631090198542,-0.5082376928418649,3.120539575425922,2.2149859005998684,0.2976245108311113,3.195110365741649,-0.07889307955282317,-1.8100795224182682,2.9311830960713996,-2.0553431203369747,-0.8275710246003674,-0.31863997994743043,-3.2451152178205187,Normal,0
-1.284617287878647,1.6168105095474261,4.9668273875527715,1.113137536133359,-2.8076741626472814,0.3107073794420707,-0.21318623748276588,-3.139673680716921,1.3220915901608283,-0.8244162423393875,0.1150052001417412,0.860440147981171,-8.101130272567962,-0.024113843171418108,2.416721772424832,-4.526259188292733,2.0507032524571365,-1.0146457866943706,-3.147975901669384,7.5711694206149724,DoS,1
-2.3559285305000315,-1.58251002405282,-5.967498903455443,2.9035490989165282,-4.3602421322913765,-1.1414276653532394,-0.2209412180398258,0.6979250054019193,-0.043899105963785386,3.6003113341235924,-1.2105526457355438,3.2169415593448356,-9.367074375216566,0.788823601045174,2.716017024880496,-3.4679968378362322,4.584826484385369,0.22367948642419214,1.111121578386086,3.785539954630068,Generic,1
-2.928926100841512,0.7310801363236017,-4.581970220217359,0.03337683831374472,1.5658819046430754,1.8694031844806074,6.372733525344584,-1.2135412123723879,0.24241986583901803,2.2683109392478227,-0.4589767802484813,-1.6055329022227522,5.351668247656098,0.8145295361635145,-3.57789894593045,1.8952843685071774,-1.9595486502860047,1.4866715800162802,0.2036957949904572,-0.12271553871202645,Normal,0
-2.4707821703984467,-0.2103931949852862,-11.015536752111718,0.508674201512662,1.1245726209660356,3.231940253650947,2.9308518949749223,-1.6552209153196347,-1.6174807601650658,1.706488066784902,-0.5656284369484438,2.2325820761227444,-5.404296347541709,1.4206140074424805,2.923429006710122,1.7911100432815998,1.9781324150336128,0.830197290475684,0.38117358172363347,4.7365827162222125,Shellcode,1
-0.23182274441381856,-3.660235735180434,-1.3291237667445928,-2.641899578594315,-0.9904235056592698,-1.31600256582714,0.21893912291844847,-0.8415820290925327,1.2399193978519047,0.42434074924859644,0.7006581545926325,0.4751196022852997,1.9594827270025237,1.56156758506569,-1.361073734014645,-0.7969531870991484,-5.217202476478172,2.3597304097668728,-0.14870578364434306,-5.243048366744691,Normal,0
-2.145026355803346,0.4461753386431957,-7.797379984778735,3.1855340198892232,-0.05256713809239022,-0.6718496773885476,3.4359764912239585,-1.3748162148640102,1.7689919969733512,6.28717990575719,-0.9668342127320321,0.2649289934907886,3.3587014195175247,1.3140170071310835,-1.9641716790767756,2.473684761928929,-3.3690217428174942,-0.33474943852085964,-0.13369463571929918,-7.096341096738421,Normal,0
-1.5209163073317116,0.3150356245142737,2.7993282919233238,3.2716414572839088,0.9253658357585595,-5.332319592047243,-5.041921357325728,-2.3864532844289457,-0.5166138579847797,-2.4345416954628423,0.44182522692931386,-0.33604002243948927,-6.5105991029736545,-1.3970989328304888,4.9697457577323405,1.3607218969612342,-1.2485716727726421,-0.1778111086311147,-0.2566335918963044,-0.9116776718682991,Normal,0
-0.09752215833069511,2.5840062048856036,1.4949221005785762,1.641925912647463,2.740013200954712,0.7793140569068495,1.8971384855120155,-1.4538290502442899,0.25309919619957183,0.06754683582917775,1.2872463713031805,-4.0473318929091375,7.4450514050911005,-0.012713547711493566,-0.40598428155159905,1.4378050237516882,-0.8784752815284629,0.6032003423308876,1.8531214077468245,2.905583952969489,Normal,0
2.614085296362056,-4.5673804387529096,3.5162832876923984,-1.932071978307627,-5.026877251436275,-2.1115068033705233,1.193967918812488,0.6697490677356694,0.3020093855902115,0.32286922628377757,0.11100102379152803,-0.21442425055149594,-7.840263867881006,0.4614597040389351,-0.5453118730996518,-1.3482740128862645,2.05220886194423,1.4575152119440622,-1.6355554778601733,-1.462608514128127,Shellcode,1
-2.5445475828188426,4.170938463143788,-3.6020902810024023,-2.745800922727967,1.1989451168412686,4.512792861488507,-2.6437982800348863,-0.8739465438461415,0.8022427532675195,-2.267173807122209,0.28514365010775894,-0.26894047203032756,1.5635789764055328,1.237359715735833,1.2089850213576252,-0.7212612988729163,0.43234174842788864,0.7033777899369346,3.265734560566488,7.406000039368042,Normal,0
-3.211235622957945,0.27148177566313436,-5.131579296087763,-1.3411790965292412,-3.0585633399474856,0.8506812989486032,2.1271892992056705,0.32851633610336606,0.6469199253554921,5.3418822491498945,-0.38978127404200713,-1.640932298370611,-9.234012820605596,-1.490153446383707,1.722219279946442,3.5050080621414264,-2.6663463662146816,-0.5391590984956093,-4.153958809083277,-3.271159161215183,Fuzzers,1
-1.6974699576507,2.6901985731736375,-0.4642909080938231,1.820104476371414,-0.74446080073534,-0.15239219419383487,-3.8371575543109135,0.2874007760775139,0.1679588961548818,0.24824313527471142,0.682693510870639,1.1740268084574925,-0.760337090802244,0.4578330489222469,0.6002347890872433,0.7618662813444022,-1.3777883326970128,0.34801752381268486,-0.43655202782158375,-2.833993078136461,Normal,0
-1.6645105892635064,2.6725153670375414,9.563720682079957,-3.557529561999223,-3.245107217857668,-1.5738469311134038,0.9516513723412358,0.2008921289220842,-0.8193785293864873,0.8548418376336857,-0.3923387777253255,-3.481528563531004,-10.268461500252887,1.454370152260836,-0.1351365709890655,-1.7207775482920469,1.005052559296407,0.9212661089670002,-5.265341607474271,2.707852585246046,Analysis,1
0.9827257001322964,1.500093194611684,7.846542976225916,-3.894565999400663,-1.0053617928844458,-2.812047821603061,2.2128321665082717,0.5558464653888247,0.7597531862669533,1.6120177613850344,-1.3489908678871096,-4.398742535232497,2.3472225701932734,-2.1906476944926827,-4.624873047800901,-1.8516193604613647,0.24526288003463326,0.19666532609010354,0.1801121184066048,-1.6498522963139124,Exploits,1
-1.4606511603634136,-0.03753725289544385,0.21249903300614814,-0.4178899462435435,1.121101291434687,-1.0189477965013585,4.7735729936511095,0.14174627933717754,-1.4767233836910358,1.9417356947868045,2.1919731714389608,-1.5217441474875324,4.369295509111089,0.4064313888247452,-4.378746029870473,1.5648558131250794,-2.2886315518169598,-1.1041609270916755,-1.2052230024532258,-4.4645714746094995,Normal,0
-2.06687066457539,-0.6148065674098069,-8.060196227843635,1.5366140587639716,1.9006144067830788,-0.7862262224686529,5.374019187883106,-0.13309487163242317,0.769624285721292,5.896672368099573,-1.4573169067983724,0.3188964208973202,6.127158421180632,-1.1935931054460889,-3.263797710525375,1.719060584005282,-2.6972523739300738,-0.05523889451766535,0.6882457006149303,-6.1669506782280115,Normal,0
-0.21454164807645926,0.5214675025625696,5.63933165517012,-0.4474924022235802,-0.1988856912299184,-3.6642748132744476,2.605658643476631,-2.0238661634979533,0.4273079532944655,-0.17946919358095847,-0.06172214678767373,-1.7645488114739794,-0.8583583406208292,0.9010563868989151,-2.8040324067376545,-1.8015863111216648,1.2847314367579,-0.2997131152902164,-0.1362342783414352,0.3610205151431086,Generic,1
1.3714860148940182,-0.5019935047417765,0.7804239065952443,0.45860794504679947,-0.02518515237686514,3.295168326290259,-4.658177488896602,0.5727763026419213,0.7019491717394459,-3.050818991152152,-0.4306286017901343,1.01829470457198,-1.1825400530230281,-0.8329540180904172,6.022406215476069,-2.6843017207656,0.9689070867905349,-1.6179610580451478,0.6167525977711381,8.356343734817825,Generic,1
-2.2667193979438194,2.2369592766612723,-5.285632061732675,-2.5507600028004895,-0.665284458341636,3.631737170800866,0.043528471201598196,-1.6641998158851388,0.7143103295997947,1.6198148510794628,-0.8802622518266464,-1.7591020883823671,-0.1367702629574552,0.8355732885102264,1.2601698298843873,0.33861081756594147,-1.8795937097566329,-0.41950667937065866,1.51987359034332,3.848577121919381,Normal,0
4.1004362890856925,1.4257472227378307,4.174703056977686,0.16491762783192665,3.6577675187572436,-0.7418744129068142,-1.1223293536641963,-2.1154428024519842,0.052994308185627045,-2.5288485582875833,-0.9074998605387576,-3.8805351276195683,8.848755627291409,-0.0970736769623405,0.360089918699253,0.11091864549135644,1.076526752116627,0.35082176702292,4.83178505708482,3.4816736940101394,Normal,0
-1.6111279105116219,1.6755554121243428,1.8750567396491078,-0.5545877273181136,1.9317305583922253,-0.6522725964357747,2.962008857234479,-2.2547728893098116,-0.1878442228423257,-1.3896461183473998,-0.43360798852124477,-1.1226062710985336,-2.020152811442922,1.3140127427792712,-0.5503612883444664,-0.3742007665777711,1.9996618548835026,1.0179915997989697,-0.3081458657668614,4.814497717036062,Analysis,1
0.4042386771744704,0.6601103664524307,-3.523532738179738,-1.2833477711758094,-1.4459248772175788,-4.916386994361384,-4.308976131366922,-3.166299930435212,-0.6218954749588583,-1.0414479129147918,-0.7337298583625037,2.1094928501085706,-14.010874403254306,1.9754575271578758,1.4034313630488104,4.073533602495717,2.83346347258403,0.8537459575651616,1.0861663799846335,-6.200976795803299,Normal,0
-1.6455813484716177,3.949870633620767,-4.123961566380464,-0.6613157085329047,0.4439305517977288,2.748953008940636,-0.6402947302385965,0.23345822757779944,-0.37922414997745574,2.175458540287939,0.501470885176038,-1.610244963484702,7.052538889006675,0.2512582610566239,-1.9998260510928385,0.7701081727659971,-1.5250038375975312,0.8137729805832676,3.278473431639206,-0.22654931180154603,DoS,1
-1.7257940904502493,0.4910954480584261,6.442056662234508,-0.8021450924788658,-2.791645003733468,-3.764735122909054,-9.406225319266637,-0.22736913326336206,0.9832516066606422,-5.4506308880034275,0.3416850998888327,0.08176297718130776,-10.305756453277676,-1.1316506367888417,5.916093467712776,-4.137311721029998,2.015060663380165,0.1658189426639553,2.1762847694810565,6.817782466268202,Normal,0
-4.607064526713763,-3.850778876698871,0.13194325984604083,-0.932596569103979,-0.07685719412851189,4.885686744496525,11.527744144033582,0.6602651091488458,-0.9347152018928379,1.0907290766793307,0.8699389499563367,-4.686384375700944,11.078843220571168,-0.05357919029682615,-4.2727736056316665,-1.2171929612187053,-6.125720286504063,-0.9159445150945713,-2.318224247272419,5.810170873237547,Normal,0
-1.186892330873,-0.32495418720666813,-5.052416570655064,-0.5758027487310428,-1.0554837746847594,3.4038910739698895,1.3958761519085663,-2.770705677746249,0.39199028512454465,-0.5492940019428221,0.23143377032956827,2.3553719796440866,-10.248543826164415,1.515231174965024,4.809310068189825,-2.482925723640829,4.438043802523687,-0.16382453926042576,-0.5853462964004007,11.22781409523724,Analysis,1
-1.2413340931153085,2.8831162073542718,-2.674806931022427,0.7513096704221565,-1.0058777383953892,0.46514746668044493,-4.844393949534604,1.4898092098664897,0.23850487380859514,-0.4298671066273938,0.2361348139590144,1.8947837051895562,-4.976840986395314,0.11493605439387525,1.2752093124960733,2.6513460588595317,1.214246106178752,-1.0477990436021298,0.07534830042474416,-2.759329138868276,Normal,0
-2.5348696168857336,-1.3275424548837766,0.5357598719243823,4.268849391523622,0.7091490188632128,-0.45978367766684936,-3.747792676796391,0.5799494634000983,0.2849143968152833,-5.702586929299497,1.1958591569425192,5.148732367307031,-11.079631123167303,0.9701670531946444,6.287238919968428,-0.556441289216983,3.5489697606881334,-1.0462571993245264,-2.9036810380816407,6.3969772283866515,Normal,0
0.29642464812937064,-0.9312595603943818,0.1376249635826876,2.7838445793214257,-1.177198136258539,-5.470409385902766,-7.980415707718289,-0.905843033032133,-0.6003993896860579,-3.1745395553698024,2.0571446489558993,1.7807317568847807,-10.710677553577217,0.48280186450417817,5.587054743116371,1.7747369333828937,2.1205326015795043,1.6412072166615346,1.890163205211775,-2.0255671460111113,Normal,0
-1.6195029985964207,-3.379089517582834,-4.783770168657053,-1.325802295510646,-0.42777248222898223,-1.5728144026793673,8.992843970412585,-3.2270598035856324,0.1833520377540835,3.263071446661067,0.9066948524582221,-1.3318898876184797,-8.792018317104516,-0.725878625344111,0.376146774391517,-0.27030261687713053,3.2174910440967355,-0.6272579914072186,-0.8618953275301522,5.208010005323574,Fuzzers,1
-2.944782667904919,2.573217565763659,0.11572899890830501,-0.8829646454902466,-1.107191626825599,2.423449559649868,4.591364188657691,-2.4727215512303538,-0.516919486356976,2.2039402890814035,0.8378683874732149,-1.7222602088532861,-5.24459789614666,-1.64306542691468,0.9945765749418879,-2.828260564804388,2.1374893710042517,0.47385593982679824,-2.035911165125346,9.54296053360079,Exploits,1
-0.875430885126752,2.217499926742626,1.8746637605464143,-1.9044611009474173,-2.629885562238047,2.721154435153187,1.0904128271805988,0.2897227231788846,-0.482274797757228,2.639209024410503,1.1997697777034824,-2.5133044306110452,-4.200548707154648,0.6738877844087633,1.658260433933572,-2.297973049620044,1.0941635212005996,-0.29843141636075693,-1.90913704540742,6.325409713360106,DoS,1
-1.9057486226597784,3.09845920657449,-3.303625003979479,2.554391924153517,0.12851089296457863,1.0645414956625119,-0.8405203698591655,-2.7673181659369197,0.5081195484670548,0.8309818889554988,2.5046681450834716,-0.7221205568711927,3.9175544047148843,0.8836453397875517,-0.3900124107665168,1.3830576320872467,-2.113213044134089,-0.7604628871654935,2.0271981907303376,-0.46836467232930956,Normal,0
2.3564558233092305,1.7440207416046452,-4.044278731534631,-1.1839377923402137,5.1614529328600165,-2.3139379322029536,2.6515430058721017,-1.7304325465616464,-0.04167273541403839,2.173620118256209,1.4145259394287544,-3.678206779448009,5.826029779291645,-0.9756712179121364,-1.5616503123292338,4.165844002845351,1.6282779817741178,-0.458769484525782,5.052773930087328,-2.4410151028817375,Normal,0
-0.7855515862536375,0.3231165616363272,-8.681026401105706,-0.9013082937074922,1.679774965698132,0.9628438634700108,4.790915345453802,-1.8809113663663624,-1.7376200172511338,5.233815505736372,0.32344682997512875,-3.0235634175879227,4.389580747344176,-0.41084517180512076,-0.8765232776162393,2.7376092705402826,-1.7339614634772325,-0.018458810289453426,2.908791386016823,-1.0520729267802782,Normal,0
-0.735365212599582,2.2835106258649187,0.8766001782962737,-0.4469546667815443,-1.8955269863845547,-0.7795630751171971,-7.1845388505021255,0.5379343431298136,0.903802445950609,-2.0415961420997846,-0.7072114456978758,2.084609604059259,-8.259787337099153,-1.1032587225641184,3.11496460770838,0.15851381330597425,1.1126258491220047,2.366972660059023,-0.3610786495899707,-0.6231790066774043,Normal,0
1.4923900374985255,1.1835967201477604,-8.208270073229215,-0.6042627422524773,5.218130120905174,-1.602830522963973,5.323206142442501,-1.3950867463263354,-0.8110217605589711,3.826351719833881,-0.2862696894887815,-1.4249887928049085,4.202131677360899,0.5556286034632429,-2.9928167062489903,5.28006013385205,2.3618536050542627,0.7945460175837396,3.6448101684896432,-4.708429465126186,Normal,0
3.1034252150925976,0.6427917469010711,4.818151992916594,3.919322711788912,-2.539223832895333,-0.7660117868821473,-2.4703118932890393,-1.9220129635088647,-1.0523720224359485,-1.330145437279856,0.29131045628579044,-0.1498790140631041,-3.4973898303619464,0.2572858880741008,1.305935835938578,1.7306204651374397,1.08834845366187,1.0230098842164372,-1.881624609802173,-2.031532824668529,Normal,0
0.7385737598069839,-1.6412608778715136,-6.138731645023677,-1.299917250145425,-1.9584120391030142,-1.1959179722109572,-2.8202953153248917,-0.1609808873828471,0.044691782662283595,1.9572546034790168,0.07466904609346002,2.6442752907598113,-9.538381538564334,-0.6465802198073294,3.184801626140169,0.8442109411256542,1.4767454005693819,-0.625036977785615,0.3094544084418678,-2.6738192561224032,Backdoor,1
-2.871493810098447,0.9011911065821987,-4.070404690844599,-2.3428309375620766,-1.1910209387762152,2.6534921342473288,2.3050423625799668,-1.1480507058322449,0.026130957700180688,1.1545294911053512,-0.2140051607616966,0.14407955975006104,-12.739951996474272,1.7823030829531064,3.7126869350409715,0.9034986384329855,2.2087752023493246,-0.3747189862452178,-3.4146279718893653,6.4841835134648305,Reconnaissance,1
3.2702584106175454,-1.1387196793194598,-0.4519646043363572,-1.112596928212438,-1.450016048581551,1.71594730033362,-6.890091871323065,-0.12444733334071101,-1.8778656063735852,-1.7122560988627034,0.9573482609722477,2.275282820902329,-3.772183278277325,-0.15646300967193336,4.7091950226083075,0.5057520719631392,-2.266615920744169,0.3347296966024498,-1.2685804854854714,-2.3546278801539433,Fuzzers,1
-0.05435565072709925,0.6662823206523862,3.944170975247813,1.8736577946178505,-5.095404856413933,2.24168792760364,-0.1758640957921265,0.1594545655398485,-0.4353187015656371,-1.1496288767578644,0.47011868278956803,2.160392709406109,-9.40816637678231,-0.10903267539952402,0.8544804526402395,-2.364737141596962,4.489002970940939,0.451046542162149,-3.77311425330275,5.178290308405391,Normal,0
-1.997466938291041,1.5460484356219013,-1.1527041997172423,0.16881740866560602,-0.48996529352200724,4.235236074232099,6.41548099945955,-3.3558020726364677,1.1144042164012784,3.1709796608608976,1.144532878860818,-2.741331738686734,-3.299866844625421,0.2701816182104555,2.8603720414440303,-2.740191169959421,1.2588969798241798,-0.3935495157473804,-2.504865548266218,12.205303109947643,Reconnaissance,1
1.3120046217771844,-0.8937980721211067,-2.9266022807165024,-4.574804444522357,-0.2266866429272918,-2.492235934712061,0.7803651000049524,-2.6390842086166018,-0.7229892186338133,1.827512871922487,-1.8431257853817717,0.11867137678080253,-2.312232071775007,0.8949819723400002,-2.696121716514367,1.5410710382547463,-1.9360598980167505,0.2677976652873126,0.6385344227433508,-7.452714921392244,Normal,0
0.35945436997652,1.7836105242900828,-1.9251488869250877,1.291609720060328,-0.9337174145574687,0.5802940804293955,-6.632667721596017,-0.044873980003655056,-1.54075322526698,-1.5019886965943352,-2.0291856194400273,0.7812984502690454,-5.038905230204351,1.9411114755060226,5.222933833601443,0.4425645790508881,1.9675795028856817,0.34954698616459456,2.2365992320990022,3.194430050062168,Shellcode,1
0.054647807763031686,1.6849878806856478,-0.7100942248676106,-3.175111904925457,0.9011340755380495,2.376699092470621,3.302908015294288,0.5288523049995881,0.8202291077126684,1.7107019542491757,-1.0049796658376027,-1.928986880810648,-0.9111755249960375,0.427596460612069,-0.29117543114455735,-0.6997798667139539,2.689854548660524,-0.9015233400197253,0.0020106188008013337,5.375697846541454,Generic,1
-1.2662945249758502,1.1210936238186937,-1.2946463945234983,4.56795980069368,-1.5141685258323156,-3.201865923833984,0.2132892604558826,-1.0692759355324426,-0.036878059294752734,0.767334953427111,-0.021342950672923657,-1.6061087993745815,-4.118095421221887,-0.7247923193638015,0.014536642496683294,3.5873417421167653,2.8260513122481976,-0.9590446774119618,1.8883893216619025,-1.6255680425578543,Normal,0
1.789747874185391,1.7430970693128687,10.22609412356196,1.6113409374253758,-2.939396016765909,-2.6247173276833244,-6.896702544611463,-1.0873980586675889,1.168365275711301,-1.9461476815848862,-1.3153260850518884,-3.087055546462146,-6.958581243689504,-1.3688400928708147,5.607385488353233,-1.0922086950185044,-0.3785369172195625,-0.1535071266491106,-1.9506021881484017,2.400120040142734,Normal,0
-2.8531650399422777,-1.0955024375186433,-9.216863792531004,-0.30461603717023134,5.888320125725719,3.6523954280953816,6.082404675191181,1.4585983779778946,1.307287922136821,0.9127688025314282,-1.298715991941237,1.049289052923879,5.533184799587286,2.846985448754231,0.019974816970659948,2.271751540869844,-0.536133922430416,0.8875138519469787,0.2652972334524224,3.3173580540378897,Normal,0
-2.1912905270016627,-2.189782838702245,-4.2647986038930314,0.905278130997587,0.4789518584121448,0.9788244967447979,3.403069479799119,-0.3924929118160412,0.36641778969082495,2.970405081973569,-1.9261957256585225,-0.2931819372107687,6.979313536962377,-0.4417468587036535,-1.0388058670185676,-0.8564340291792782,-5.217197781964101,0.4664242341649626,-0.08153674988507231,-1.695789428318316,Normal,0
-2.645862015015956,-0.7382270273959597,-0.9656813593304528,2.363588205706966,1.616668012511182,2.6235880912286973,4.804959657083022,0.5928429221443374,-1.0975471896093472,0.9195131029130696,0.451647941971666,-0.436596149683643,5.171267623589089,-0.21657587675034085,-0.6944301714753014,0.7233787081452666,-3.3547834711578224,-0.6900562840936011,-3.1640624294906727,1.1569525173097905,Normal,0
-0.9163318945699728,-1.7909730167552884,-1.6791293682200594,-1.0040321190954415,-2.045324896546508,2.478742747970995,4.117697177441176,-3.1865899958529758,1.8835170729953161,0.2606715176097977,-0.32451932033938935,1.3803883647846629,-16.758623201437867,-1.1914075468771306,6.1431416994850565,-2.5130727573202676,4.828054384182341,-0.7543431907634679,-4.847324080491047,12.312530357952225,Worms,1
-2.4297670416972306,1.037349669602233,-6.6987865590370435,-0.32926262506751525,1.1894452085676075,4.446404766731483,0.9442991224810515,-1.4606430142120974,0.04864713191439982,1.3938336241818896,0.4701396886843902,-0.6400039107529717,2.704776204309332,0.8434408590816379,2.64376393646744,0.09947882738836977,-2.6884760596285178,-1.1660739258462574,0.9421060004099003,5.134875495916009,Normal,0
2.4827552812789113,-0.6624290266940758,2.61606126343549,-2.672256739053079,0.04857204630953005,-2.5549701630166757,-1.9575043727780868,0.8005938018433079,-0.5907712978803037,-1.134206560218908,-0.8241519917819511,1.7370779529493818,-1.5949365851449442,0.2051444407136414,-2.154340531417458,-0.30866198182189386,1.1507183339853782,0.5884181095165424,0.006879905368616601,-5.226652329737486,Reconnaissance,1
1.4050320667025402,0.8465769726790353,1.6324128996293341,-1.9524233171486853,3.206233171303355,-2.124063528596156,1.371793293746141,0.5066061359903387,0.6951285715453335,0.15828440712498715,-0.6361687813528559,-2.3511784746757334,3.224413951681168,-2.379778221675134,-2.0012373066194677,2.236376682814284,0.4062169945963905,-0.4287240810805829,1.1460206566472497,-2.91946559790685,Normal,0
-4.156678220529793,1.5536173517503946,-1.321355507790913,0.4861086807389484,1.5917057367849727,-1.4078434374630717,-1.0530993013049494,-1.3566827625613511,0.09075304716246792,-3.9353320944593047,-0.12919830979034094,1.6270250138717652,-8.559971695165629,-1.2460537751704222,1.8053029175112725,2.091027120985442,2.1099023940554567,-0.04921975018821472,-0.5825152939725516,3.050582673608044,Normal,0
-1.0050791872577216,-1.4202908246212695,-0.2757231623790986,-8.13342338879401,-2.2638914830708856,2.561583518954751,4.563021798548903,-1.054203406280671,-0.3661610953788138,0.562701157890946,0.8891561736768938,-2.795008944540096,-1.1435244574747376,0.24015927124619948,-3.48903064353731,-1.0801832946459498,-2.46240478968185,-0.41946839213477477,-0.62951654199883,1.7056605648132392,Normal,0
-2.662005244587869,-0.009293954194642184,-4.748903210086481,-1.582190703980188,3.224496727980649,4.705666675323112,8.442242209612843,-1.4168590916610233,-0.8135574541942521,-0.2523699112026947,0.7667229234936916,-1.929504887272384,3.799662327321947,-0.4805279061477897,-2.0867094454207002,2.614510684838246,-0.6928471423772706,-0.7569114118328603,-0.8746190490536594,5.473057175324681,Normal,0
-2.4549394427843367,3.748582589091786,0.3614128345891521,-2.7212673691668474,-3.522376555186506,2.862616052417155,-0.5260700214541034,-0.5174631511328207,-0.18480029890898544,-1.773973276796073,0.5427724161721125,1.5966421221872036,-4.510860190749095,2.4243999906643796,-3.7507902832685254,-1.2599573218616977,2.80357540328193,1.590487761287778,0.008424369732469739,2.5351250133571623,Normal,0
0.15398958557955167,-0.0653380449705383,0.3432799111067134,-2.649588112803904,-0.05275558395601587,-1.2185638904345524,0.40473837209709734,-2.000266317959783,0.36810138544700505,-1.1342150264542181,-2.3554231876355862,-1.1472258775633133,2.3322507453696897,0.017206578314218315,-3.196858419818692,0.9017203535898443,-1.867448215853899,0.9305151572794222,1.8427802768589312,-3.339776222671812,Normal,0
1.203072366979478,4.546252864854259,-2.380867803731282,-2.2830920369333763,2.853604462279314,0.7548058365300546,-1.2381553387585065,-2.2077750496902997,0.4099582396142124,-1.1150402461730464,0.22582017261543996,-2.030471090383543,0.30322941824788985,0.07240267231624782,-0.2522174744084782,3.2574930327509857,2.992560661755819,0.46426399156397974,3.9459792781493492,1.7715596218379144,Normal,0
0.3325885467938413,0.6772259344773952,2.324121260713836,3.9272029418892465,-1.9730445760801665,4.221502616304215,-3.4618024359584556,2.241235958341637,0.3772088163731326,-4.886803550325158,-0.6401256053139024,0.1358709317158393,8.055258840679189,-0.9289820588202949,0.1837654737106713,-2.9453051430041586,3.1859124870650186,-0.7034667924604149,5.034776499868859,8.933399770412056,Backdoor,1
0.47088131526512655,-3.482272673805377,-7.419512532770814,0.8268238060737421,-2.682386526355541,0.41449593330237644,0.028099555836078788,-0.5871173484684706,0.39497136157639967,-0.6489653837855294,-1.2746037729916941,4.6158931864858,-7.238792601513156,-1.2661023336511246,0.5050812482530413,0.7365220426704604,3.4559759058983994,-1.4167866471158133,1.275862612549332,-0.7818879608832556,Fuzzers,1
-4.061823509320044,0.5648622313184052,-4.649133926864711,-0.1842318029304424,-1.9531153073072902,-0.9370771774113287,7.4738436734079245,-4.358196200386812,-0.10153437523551705,1.9949700718606276,-2.04382751632623,1.5447945722348562,-5.8400233710742775,0.23201646640365564,-6.044350946318633,2.1479527880420015,0.34129553308806926,0.22939194074997077,-2.2663869838974637,-3.9350502991931138,Normal,0
-2.373374492916631,-1.5770767110532162,-5.1039167601764674,1.2610735945376264,-1.4747281073739886,-3.5467867844554486,4.516691016866957,-3.71803053651627,-0.5805314408463051,0.6834318068003951,-1.9882609223095518,0.8003565037643471,-7.452839998338872,-0.9132069012238125,-2.843035381755328,3.692642965250287,1.4646128299499899,0.5070833628304308,0.295857208047126,-4.3519999474832005,Normal,0
-0.0883302435489115,1.3213787514131368,7.200465907904595,1.7201041639009933,2.4385055880777253,-0.09854806823346829,-0.32897210751071704,3.4391118472373425,0.6754013279510187,0.04949988906461078,0.9806719956878627,-1.250326141097895,14.066364730649179,1.5762242847171393,-2.459600841315951,-4.684542056591021,-2.126291676841679,0.006345309800637443,0.7203613903904147,1.2687557586801599,Exploits,1
-1.3272729352859316,-2.712703818940016,-1.4956202492261923,-3.464062036060808,4.400183217576862,5.425520837907354,11.208123016570168,0.9346665708141435,0.7041972061427514,0.17322467243657313,-1.6088486744468955,-5.515670394490595,8.88003298074456,-0.8755033069473153,-1.2363779544070113,0.7027172211745903,-1.4418756285664114,0.7863296000408939,-0.5298897289737776,9.991012302824295,Normal,0
-2.2893093103687745,1.7091023877017897,1.3805723692042122,-0.7907463750428372,-4.112811870943423,-3.274007168696214,-2.210990681390649,-2.021800038108805,0.14007845553686568,0.27928216652383764,-0.14053052784437825,0.18808818251154813,-12.464883432830979,0.04170100492912409,0.6559454902293702,-0.5179575297534331,2.29906489014485,-0.7804679879042188,-0.7027937276031511,-0.09834840383226395,Normal,0
-1.4499036342128404,-1.617950983858406,-6.151959454142679,1.232838428679779,1.1889730095504918,2.0430557235319426,1.9483018581559173,2.554660142417005,-0.019920002477827964,1.1565783084938852,1.7299307141653786,3.8003968758346547,6.862938020498792,-1.716303122872247,-1.9402348247575882,-3.2838864853619016,1.302903949627831,0.1470895818380148,2.684782440274823,1.9637699137260367,Worms,1
-4.653069966245683,2.3607557496258136,-4.646695764774199,1.978882760575393,1.9299009071027702,2.2678116505561907,1.101484038810083,-1.1479666096759975,0.1151993446996325,-1.3447713933589447,-0.5735974236464758,2.5183429948648066,2.1583570503311122,0.2662572073877487,-1.63872577224611,2.024826795752214,-2.2027187867580826,0.23813769177684987,-0.9689181418441368,-0.659057657155036,Normal,0
-0.4236765453678284,-1.4227764663769675,-2.183796984169379,2.8246544992718423,-0.434090515714439,0.8612716132461772,0.6142305534728089,2.38840266664427,1.15043651973614,-0.5235151166010884,0.24320730740426297,2.641585322166838,7.746407909180972,-1.0133526164968634,-3.275459713435989,-2.099190424901516,1.3077904300011123,-1.0929627913052744,3.0528998138145114,-0.3169784048032854,Exploits,1
1.9490119518507432,4.618469968660726,6.409119241571854,0.8650013777824664,-5.128033779898973,2.5678290812813906,-6.7186005231631265,1.3267632478184552,0.46737777684604814,-0.3788891138879211,-0.8783390401809738,0.8439056228986364,-6.080954852960449,0.7905328301777776,1.811929769375943,-1.6773358744603502,2.482752900293489,-0.1605128520915885,-2.7091778343892257,1.2243590398621562,Normal,0
0.10772995815718245,0.5712251107102865,-8.131799349778673,-0.3726921657684025,1.3653493272055397,-1.0000655965152925,4.415328098874576,-1.241985318938444,-2.0383319015353467,5.4846670217248805,0.888147843889421,0.1017713535825373,-1.4458951788478123,1.0055729303756735,-2.36579023765279,4.774071455955568,-0.01943487861350368,0.05326393122971822,-0.3150427718745519,-7.603236738310759,Normal,0
-2.4196291290683396,3.216016561268714,0.4553652547652254,0.6703341341355389,-3.2516397510895665,-1.8084016042923712,2.871182984596333,-2.9580122593846534,0.21999147392510457,2.5868054886287073,0.2364954976482552,-1.2436808584998236,-10.156646335618028,-0.3310979899070392,-2.1215384864020037,2.834846033522406,1.749745409882505,0.7438687190329611,-3.100159738494205,-2.649834431609192,Normal,0
-1.9453332941349741,3.408303205441583,-6.512788475738226,-2.8051041759526276,-0.9175510768987882,2.756688822077331,-1.9813031596028965,-4.219900739836229,-0.237543510969575,-0.3029005220780894,-0.3231434786224676,0.82163310370861,-5.991065949953189,-1.079891436429631,1.0422101846689809,2.3506372067583063,-0.8860761397138129,-0.3789775458752045,0.8140659773946528,0.7136930315241224,Normal,0
-0.27651027291706154,-0.5958870002683219,-0.35366090652203114,1.3292154691211908,-1.221983707785485,-3.7877959157592054,-3.837352130626641,-2.372957407144959,-0.5367864711552751,-3.2919081391797254,1.6585920158136227,2.237430097483678,-10.79373153092691,0.6208172009119944,2.5448459409665443,1.6996945367666763,2.773491254819124,-0.36389558363425617,0.5972121560812464,-1.0315387490669725,Normal,0
-2.250781349383885,-3.2351122934225494,-9.25170446114004,-0.042688937535272364,-0.9173196756606692,1.7842041142061573,4.813593416105032,0.924610679679623,-0.2978611921969897,0.9210441387797297,1.1455327999159646,4.752912424179165,-5.860040106777285,-1.4075739944962766,-0.6842515037086043,-1.5236738681732218,5.251758753570784,-0.42042625575299997,0.8890515540795896,4.4833480649268935,Shellcode,1
0.13773758723754947,0.27102612792538294,-4.232224625206344,3.4127813026349565,-2.0484294337520277,1.5828816105609964,-5.923044274235372,1.6037536219910327,0.062252459435203036,0.037303315483337984,0.6889693363380698,2.2253912915428593,1.3869544656998567,0.840368820426056,3.324057243148897,-1.4565557988841669,1.0473722630291449,-0.6569291947494694,3.7370755171729018,1.8554673513145206,Reconnaissance,1
-0.449110918510753,2.898076981168808,-4.638554090959659,-4.397229986707316,0.3735586834935297,2.435341475743058,0.04513753053457531,-1.8065293023048095,0.4620605442666223,0.8034866741116018,1.5002189639372439,-1.541548969681539,-3.3977048744457035,-1.4314087326522125,0.32481100122491746,2.239422269051335,0.7237083382144078,0.16332465474110114,1.5085064220626963,1.8691123837254269,Normal,0
-2.141481694671993,-0.39746224313167966,-6.405271885200937,-4.5723453135525105,4.998088042230272,3.161293789064235,7.904713236162326,0.42108243974866255,1.186073075353902,0.9779353452231929,-0.21131693307716393,-3.4990399293614978,7.755070509993538,0.04618361651617732,-2.595317725915438,1.354180756136407,0.050093286231110756,0.2660766614288725,3.3762107268713595,5.86623269654349,Normal,0
-0.11007886512484633,2.7329901687360976,-3.0154503887886603,-1.442160126495747,-0.6692812798948272,0.5116655437809494,-5.231005404722342,0.43526248422118075,-0.5001554754572896,-1.4936218419380918,0.47119583303235035,2.6718746766785983,-7.823386292153971,0.1289310440383889,1.2614018619114753,3.282866646174682,1.7907223639145227,0.3414752659548451,-0.26927120868018495,-3.453202957130746,Normal,0
1.2628209120095875,0.3391840829398447,-0.09608091117907824,3.3087016829327003,1.152379184387553,1.3402009434101672,-3.1944090716088294,0.2684198828886042,0.21469863117818005,-2.6709652302508466,-0.7445903849335743,2.0933975625365218,-0.08730735572798576,-0.18900637214838345,2.2793172167623093,3.0883679579093006,-0.5708435553971039,0.49520955464020494,-1.6435626661677243,-2.146606659904233,Normal,0
0.8591785244893062,-0.24317070367848626,0.4771521831406385,-2.072914564901848,-3.868779785666268,3.4632501109251437,0.4496171793138727,-0.40110160676634876,-0.36451263691417274,1.827763685315398,-1.4079400156538877,0.6066923388841237,-9.879960951569053,0.18220207789274437,4.143948981177386,-4.234647670902476,3.310678680887258,0.16929505251193963,-2.9452363479177706,8.869674283662837,Analysis,1
-1.376881241848835,-0.10460363779179827,-4.8574484445517605,0.6513629643287514,0.37040289365317314,-4.0003612767039645,-3.2229924877656955,-1.6375088550524382,0.307815013556337,-2.8040316720980574,0.6366699411613376,2.7390473425993065,-13.47754643981748,2.017370472395671,2.7977177666802073,4.45308126419677,4.227138870534702,-1.5194191463376807,1.2845979105763607,-2.063713193385409,Normal,0
0.7295021664118501,-1.4051940918720385,-2.6722858374490297,-2.4634012352164865,-3.313297009198224,1.5200824551718317,-2.2801905065346593,0.8522578317597846,-2.020493170524548,-2.667752157741065,-1.0581297179272997,2.7526765087850276,-9.915483620756184,1.036399689041087,0.7864576464115789,1.2944842178756404,3.7689214137014675,-0.19339580116069902,0.02703654169113756,0.6480296299311842,DoS,1
-0.6280769158420125,0.9792309853384698,1.270621096634759,4.751463139402132,0.15648178062117024,4.677443728845848,-2.3145263763188226,4.65882234845188,1.301808877454733,-2.579083178581687,2.0776176835147977,0.895102795311869,14.70664404253063,0.28927691064102734,-0.9470155469245136,-4.4381780383373615,1.6093807412391508,0.15103573097017461,4.746946051698422,7.631727913309635,Analysis,1
-1.9542897369730885,-0.9597775691121981,-3.728513761779024,1.8797641866258838,1.5921791274342727,-2.6024595766166945,-0.18474760738537166,-2.6324509945323897,0.4400965134003775,-2.970844107169155,-0.7904842720890186,3.4651611617746925,-9.524670921698938,-0.37351905536548435,1.8249342299847688,3.6045241321581964,1.5656478263492772,0.5260999454946618,-1.4665759981156161,-1.8135481244605784,Normal,0
-1.1173044444805593,-0.7192141889053398,-3.681714147367727,4.661005977151056,2.6725976653040897,-2.0819834622322126,-7.742140137202804,0.00737192521205654,0.0033137815325484914,-4.508869563567859,0.5886118460328457,6.874763340274237,-7.707709824183072,-0.11838025553020513,6.078510380533743,3.2401844224354495,-0.6199236966151926,0.652697520157137,-2.160138513178097,-4.401570612791533,Normal,0
2.38398201622529,4.416610782723482,13.32662037148942,1.4232437231552324,-2.6795915449946435,0.4106752599580936,-10.569068537758659,-0.1327977777609628,1.9723817161434951,-4.093120949832565,0.5822751097257017,-1.7354282608826503,-4.38994494923142,-0.27634564506213244,5.839703583735957,-1.5636738258736935,-1.7695987807215756,1.0270789379614798,-3.752479360640617,2.4067664203897574,Normal,0
0.6968631491056678,3.3648943716425777,-7.881410719046415,2.4612689808399395,2.0471312659870917,2.1063032573868252,1.7218057145554535,-4.18007441028578,-1.0123417836661144,3.4285118176576512,-0.9704785435309563,-0.3285326169178894,0.43836947196531484,0.23378496625334821,1.4664310632063233,3.6357296147418334,0.7940520947590222,0.7873484208498465,1.3276082776104223,0.15743824876385398,Normal,0
-1.5366535185958103,2.3726693722227643,-3.3744976165803755,0.9574060793862507,-0.7791781610477818,-3.0822935585277853,-8.196391469329802,0.9450363807779745,1.0340112543678281,-0.651404518805478,0.24441275920999744,1.9444547941978851,-7.730475059988158,-0.49528094883943424,3.3246076931726347,2.840066144880845,0.8762504329463512,-0.03817150510742225,2.008210016384909,-4.715011395802512,Normal,0
0.9206021250134326,1.696495971115433,-0.5804595907837324,1.3060959291297323,-0.8566515544589487,1.3367365743349415,-3.4950061730880244,-0.27970694937689955,1.3254122354103484,-1.7145200453489609,0.23023411373751032,3.4273305006740413,-5.45377521289733,0.38609295695347046,1.216907275364136,1.880845611283321,1.4732793888680484,1.3728801950457008,-2.2139039018804496,-2.2269132921610697,Normal,0
0.6546726067970225,2.16313870013028,0.5045952718034328,1.2277215063281255,-4.320905189737236,-2.0060516171453453,0.07033313153800175,-2.0823761476551197,0.7442218991269286,3.82484488169049,0.3765247479395033,-1.4906615270531414,-6.89718730515551,-1.7735734422131775,-1.5161532367328854,3.2363379243949195,0.1482139176829702,1.804004098588861,-2.0834404334992453,-6.947228652195685,Normal,0
-0.9945431313087534,0.6240810440166801,-5.42930847280934,0.0828462611682439,0.8230842944803234,-3.2904233759904846,-1.6076836282314095,-2.902415795389076,1.6085542367386563,-0.13205538990635635,-0.2249913540911673,1.4939859938831972,-2.8873207715481297,-0.5348461002515841,-1.4691664034115024,4.60161996831607,-1.5080909517243715,0.6928725545100075,1.6893164397637657,-8.53215082137098,Normal,0
0.456434741900279,0.36652523681893157,-2.981045611408314,-1.066591645113513,4.556067205280549,0.5939063578832676,3.6029620934486974,-1.140953819492643,1.4446298347367703,0.16309045970830494,-0.5886005110474349,-2.1206047718854135,5.7179667599328585,-0.8283445699442776,-0.7938338689301967,2.2366640100940534,-0.10267743245314209,-0.0739464084180024,2.1831154961873906,1.4040013713552033,Normal,0
-1.3280475606239186,1.9387570690966798,2.314791475730184,-1.2805982168932895,-0.6638587532116876,-0.3662907544431512,-6.849166177766827,0.40235403082254906,-0.4310844764913339,-4.202339828370098,0.685706026481484,1.5648314423029959,-7.866658877926144,-0.20412158481360743,3.931445534652534,-0.8024163212848525,1.4944726790780178,-0.06133415634044044,0.039050403217507856,3.486105213007874,Normal,0
-5.889758205651213,-0.2870443133339877,-2.5600514514747017,-0.6856356191417279,-1.2775835260489452,0.7726478727973505,-0.6645018643060063,0.6075031624116243,0.004005301267938927,-5.090371800938648,2.401110131083261,6.329485190615153,-18.939447582333703,0.9755994981928379,3.498149488940379,-1.586945618809875,6.378165576799456,2.195847162088581,-3.604542135989798,9.024883013329953,Normal,0
-0.6373336398810713,2.129101972928149,-6.9607481436341345,-1.3126236322066733,1.4054524340317,3.7315737974898338,3.8804859125540805,-3.946719063497085,0.7576378895174982,2.2446507221827363,-0.06065908179918997,-2.2268963779526887,-2.8211669521192757,-1.0846903647884312,1.7636912492312078,4.030205590816797,-0.3641089786313404,0.5123495670539698,-0.41524572419667294,3.261542177802354,Normal,0
-3.2155330372719577,4.199108775203756,0.7384035618636,-1.2984295663025827,-1.7479616447633648,0.44510997679689246,-1.6744844805159287,-0.5191537123028058,0.14490593433976803,0.548197005600934,-0.8122128357486891,0.6151099373320398,-10.00621210271935,-0.2071011056632473,0.57407120193288,1.9436944573676627,-0.14372081445441798,-0.39105685693292935,-4.382575864265464,-1.4718843444997884,Normal,0
-2.035767874670775,2.7201409793692783,-0.9937876803949475,1.4040840744266663,-1.0975575194814127,-0.7938293484391292,-1.2823698516834798,-1.6647733425739375,0.36940006634770517,1.3656137468955596,-0.17276669061050715,0.38158633936163877,4.020268398907742,-1.6041191579208722,-2.9613671979135927,-0.42785240968991545,-2.4714197947806555,-1.0478586248809458,1.4641100086961933,-4.069108248835413,Normal,0
3.0066654537746755,4.263781578672663,8.058555723747165,1.3672254639623393,-0.845180467425354,2.033475596874476,-3.8208380367246884,-2.1071322728099986,0.9610258085747349,-1.4386564809622058,-1.14200453531302,-1.1232614851212328,0.4068336541432853,0.7152615337004048,0.7491504581004382,2.023016147307729,-3.016423501026013,-1.1823491709060916,-4.8862067786783765,-3.358234557298392,Normal,0
-2.7177997718754137,4.066965451557595,0.3409613193864187,1.3624065176798097,0.32298213187776337,1.5085738639489734,-1.5521921411470228,0.40359550250662735,-0.046567188333475715,0.17924152512479097,0.9716748215178921,-0.8713699284967749,1.3392988901713407,-1.439754335347413,0.14230169573695406,0.9848965626369138,-1.0704737784766605,0.38172399009546853,-0.5060449471368653,0.9005233126437434,Normal,0
-1.645967554949827,2.825745180603662,2.1157922901088657,-3.16382524655309,1.502029527544873,-1.700245075081106,1.0493710529399083,0.4928072849286502,-0.1658028268639179,0.6814929520852757,0.4946727655664661,-3.456401105003516,1.9414634647890336,1.4344590265183463,-3.298205919567499,2.416892721692513,-1.5783017159956287,0.07317871450481767,0.34781261253826057,-3.573851830072714,Backdoor,1
-1.3075581487123138,0.658177634670603,-5.437960014572745,1.8608559195592314,0.6717743766019195,3.6108546632551772,2.3767657880763275,-3.741501838215105,-0.18806068787371255,0.8268990442704913,0.27333764413846906,-0.6408099771971959,1.7121478885843437,-0.2969982074725518,3.0879981743432356,-1.8710033960970027,0.6182923520592222,0.7874940318864571,2.349763415855603,9.67888145636035,Fuzzers,1
-0.722939464797269,4.8511901102074955,-5.725347758313804,-3.2446265627676643,0.4269868188409186,0.3118147703829901,-4.6790716425355585,-2.201609680532567,-0.07557055790495845,-0.0073611886317788144,-1.0324233356645525,1.410611703678133,-6.988465752568647,-1.2655879888548527,0.8414632480391235,3.1841330688399387,1.4725541913357136,-1.5656636971576086,1.9574047665388157,-2.532946476016848,Normal,0
-1.0460124746883501,4.925446376175353,7.491984142910209,-3.926437250576878,-3.3461904523805677,2.8093103514828055,-0.06205892592290596,0.12314479370420339,-0.2018585211866276,1.5952616142446214,-1.0185706205470886,-2.9322221413919944,-3.4611206211119,-0.6113939305158616,-0.5117720407297066,-4.7725085002964605,1.1863558919168362,1.9878209114670056,-2.749052437848471,7.186764863471044,Shellcode,1
-0.5370464664582091,-0.35047676707251574,-0.2809397145169109,-2.776613130781862,0.4693434630132203,0.1042971655036653,1.825507667934898,0.7291522070669543,-0.8782254121150589,2.117381934783343,-1.4949559530892165,-3.3053878590394485,4.50450719028687,-0.8865896359104615,-1.0487650489533056,-0.4503402633391078,-2.4847702759064174,1.2384940523479142,1.3511572599447739,0.08069030703162766,Normal,0
-1.4490870336300743,-1.53006656346188,-4.700844013152308,2.4847030979385,0.7793843612833573,-0.6615579914961991,2.6097211887240714,-3.9341605139855838,0.18566820755915633,0.13690847197300293,0.6217444878256432,0.1405764198572299,-2.5272579432124416,0.34832495888952547,2.54639311373227,-0.11118659551766608,0.7663430351158497,0.5231754528373392,1.5488807920613805,4.747999531426211,Worms,1
-3.0577053177628177,3.0850059793646647,-0.6667406137501033,-2.3632559060907954,-0.739059656072045,-4.47443141105066,-3.1775553027414754,-2.7919451146337906,0.045684326560339356,-0.7200757674276955,-0.6021841287797184,-0.7127811327562128,-12.888500629074812,-1.0975146701051686,1.286631158422752,3.1812701939731056,0.9585664578296267,-2.0600194166787373,-0.04080571254874199,-2.7105507378118916,Normal,0
-1.7243285492442926,3.8149848941259097,-6.924209731992709,-2.7462585205104357,0.2891769673470841,0.1742922986287494,-0.918223095330752,-2.613678824973319,-1.4458787459520113,1.2937417589819669,-1.2330828282800503,1.0375258742445541,-2.9686658725999795,-0.08650890768996963,-2.196442309077681,2.6587624362587765,0.596250104818473,1.223707890358543,2.5144055467550017,-3.4739922316292686,Normal,0
-3.6629914504918224,-0.7683381630952417,-6.897108944674045,0.3978719101508885,0.7175723002175785,-3.42419772217625,-1.073680899316416,-0.9077180377929394,-0.01108052613430389,-0.6187476985938757,1.00295181583541,3.405071538197756,-11.092456586919687,-0.49951502376283974,2.196481718971155,2.264910493337674,2.299046612863106,-0.5691041116785548,0.5195391617675176,-1.3999982758050655,Normal,0
-0.09486156061456397,0.24367957559649156,-0.7644425569187188,-2.7040561841126545,-1.4145549696349753,0.7682731460950284,0.9497161415020976,1.5949408892965975,-0.8513869748441673,3.0997715338601566,-0.7107914943041751,-2.829383290113326,-4.191686554170745,0.3470645191703616,1.097131995936496,2.0736558581737485,-0.8029662182367776,-0.3984484867175416,-1.8721785972278164,-1.1012776655354726,Analysis,1
1.9713268012687282,-3.5765768582090702,-1.750316634963515,-1.27317814607854,2.1467742072552194,-3.21440165117588,2.123099588095371,0.5095867295831928,0.20568891737610917,2.5966660388815566,-0.5412595737311112,1.3914833787278176,-0.9013272432563344,0.4271854705111423,0.13675418515496296,0.0918348437398917,-0.8936689265344882,-0.08203249954543008,-1.4993947330650168,-5.446000636956747,Analysis,1
1.5824497134564748,2.149246499354618,0.4589100366809411,-3.3994097441695255,2.9110556219033987,-0.9332930034681333,-3.7342183254403607,0.985652957267146,0.0012791803695095816,-1.73449804940235,1.4137885207784278,-0.14843297194367722,-2.3773437443774994,-0.8359334011037601,1.381454981700308,1.9048696920397412,1.7728377211393274,-1.3101679332433582,1.2167269975904282,-0.9528798360069755,Normal,0
2.592325572261906,-0.13245694037599431,3.990124308910469,2.474349262357663,1.2381802039034766,5.176167868570401,-1.9680027911700637,2.8257397423799397,1.0901069687881986,-5.865169879529654,0.7260331654278795,0.5620942684107939,12.83618285287425,-0.055673868874349455,-1.1553120105130885,-1.6089416961208687,1.2308282047303525,-1.178451869050438,2.9006798340186295,5.7841497713006085,Worms,1
0.6501471983161526,-0.6080711402903065,-3.4577077984181344,-1.632956978249365,2.194980848818822,-0.11431713790071263,1.3580544581094232,-1.6149660046322607,0.11183886506958167,-0.1276924910381736,-1.5985735619036765,-0.269821053031409,1.1512453171046777,0.7893347729815176,-0.5023109924176798,2.3963518324585755,-1.020623407716301,0.9023217515009514,1.0470687113636508,-2.078231390217538,Normal,0
-1.866934848314151,-1.9276763432954285,-4.426049295928865,1.2036276571937128,0.6978688891666402,1.07705226384245,1.8751696865211995,0.19285211677081815,-0.32524802519659896,-1.7060317616945482,-1.640965401018367,3.730709171198616,-3.208468992039312,0.0461813237578895,0.6816791985598881,-0.9527275110953445,2.8521700796587695,-0.91500645098859,0.08065535663783296,4.061505835596131,Exploits,1
-1.1842678704157914,1.409839770429951,1.028916197753357,1.3843523478962443,-3.4263349031834824,1.24405384347128,-5.718110152492563,2.1877537079253897,-0.5585297227011347,-1.3992553243065526,-0.6951599887201965,3.5000464395178965,-7.676245664724207,-0.7553786667449006,3.024144506011118,-2.1216151883070644,2.41132005135636,0.9892721912362424,-1.597546940468458,2.388572053878867,Normal,0
0.33099390105173754,-0.19211082733038887,-4.590870590124528,3.7843574191201403,1.5408966074580914,1.9859690908607397,0.177157991179409,-0.010780949535066808,0.6044359999987874,-0.3802297742989583,-0.6439431679251426,0.5941566190302043,3.9331061949950583,0.24691277183009736,2.6067046934806353,-1.108033498401318,3.5163777597167214,2.4730175966187034,4.261580657809233,7.312839077669931,Worms,1
-1.0686229845228894,-0.19850292701002048,-1.997684488339833,0.021139931056962658,-0.34334023523985513,-1.2920143602447518,-3.3256687120201858,-0.2371771059067349,-0.9696324352957565,-2.586107220856829,1.3280639623612707,4.296527125650409,-16.66748960106682,-0.8891079128598076,5.35146830048507,1.040756546618379,4.8258821477269604,0.5737421427808328,-2.80946254826246,2.816546641656381,Normal,0
-3.611899943236009,2.3184742090556743,-4.2039442070248025,1.9487781850525718,1.8130764337601173,4.0316037273135965,4.855544099799188,-0.3535833469627372,-1.2314353114312526,1.6695789628356295,-0.5987316890020711,-1.878613501892778,7.293274348708618,-0.4482859492940523,-1.5145229254688795,0.8220750278533796,-1.2381162180072844,-1.0271145976084237,0.8114262735618634,4.705323156442712,Normal,0
2.770731066653049,-0.5405913031219349,2.7491695200805757,-2.0368371996529855,5.164072543787038,-0.22387907704903376,3.373147203111401,1.3721217149145564,-0.9707987324719148,-0.18010132076400875,-0.7011543042845947,-4.927748002221968,7.011985544226825,-0.24253906869816283,0.42217404087649624,1.4958925093697235,0.7769391601697198,-0.23563875282441107,1.7104543661556517,3.3050651640203066,Normal,0
-3.3184592479647876,0.38283679827449835,-6.033308238755806,1.6814007670101476,-1.227097862656973,-1.9429672457971467,-2.8642993581656926,0.0818681752470014,-0.5030130525315085,-0.043190205354517675,-1.0280318644631352,3.760703098007018,-7.047021140171926,0.33207543880324786,0.3321155191983095,2.607277349795517,0.2608310895411191,0.8945855326686752,0.15104395548503402,-5.2345582687856895,Normal,0
-2.9987320661184196,0.00678561159160207,-7.131927411883088,4.726981108403338,1.3853957972621207,1.4033174407543172,6.559529813720067,-2.2117687103808117,1.7230934464632142,4.832198044383967,-1.2988223787337416,0.6345219188427811,8.209037937036335,-0.5211606902358986,-2.8988647180142992,0.9748147084397053,-3.696006661874037,1.0030059427628075,-0.5583201468014984,-2.8146129881227293,Normal,0
1.2707098707829534,-0.5714806703636,6.979642351309782,-6.247493502881831,-4.544011173444753,-2.3261042767231617,2.3129684356125697,2.965064995130458,-0.6400373318316083,3.168956090951256,-0.06807474003371629,-3.6379048395999547,-10.602731595171662,-1.9628952065399319,-1.659853177166963,-1.3716427323598823,3.1372912835160207,0.9119337691114575,-3.44800916969822,-0.5542252086475163,Analysis,1
-0.4931936744086387,-0.38510165597327184,1.8794493034646733,-1.5692034697402837,2.9590174442994033,2.3217640204141565,9.581609473615732,1.0087464474335839,-0.4240786137713816,2.3058351034477673,-0.09947603356888676,-6.484687001499809,12.470328817057105,0.12419843693255475,-4.183372306074171,-0.46664585120754354,-0.8685792915908075,-1.0630719553675347,1.3727480501410319,5.602892014381745,Normal,0
-0.379693480031424,2.544788293756151,5.627124439946227,-1.9261208425792349,-2.1830768647187235,0.1265668009729699,-0.708524771084522,0.20288918768580388,-0.6862387173194351,1.14880500760217,1.2280779229623224,-2.0265608453479067,-2.786684289461671,-0.9859362236708009,-0.36581763351977736,-1.7637288269289928,-0.41993499962963554,2.147627818781481,-2.4743551583298924,1.0275415961308085,Reconnaissance,1
-2.270740214151295,1.6098597586461132,-5.870636942355949,-1.8185054336521738,-2.108166915743305,5.001703217159017,0.6735728535291107,0.5987989542222654,-0.7835548040410614,3.275319987414809,-0.7279033391981439,-0.4287418594126091,-8.00929751418446,-0.1542783060966025,4.162403194867145,0.6558134115775938,0.5317714810669919,0.9938199668145166,-2.469258497891337,5.6618615455822905,Reconnaissance,1
1.9442990125693265,1.3146959893773102,2.753477353831141,4.861750849718958,1.6438480756070923,-2.97879574875392,-0.46041400582589975,-3.8282173517526625,-0.8029084101325713,-0.8919836243713585,0.42686864996065715,-2.574349058963668,0.3137502648672863,-1.812357282672106,0.8623329148812747,6.328087481320272,-2.1162868454927417,-1.1657430528109622,-1.3416029407742018,-6.203556537019068,Normal,0
-0.7763643386758993,2.8651412036764006,0.06413794553115415,-0.20699232458818106,-0.2767804477738399,1.2343271498099144,-2.13130029888824,-1.4482586011412057,1.232579728695679,-0.8548533805691712,0.11921331775690192,1.0342050716264124,0.91580961489654,1.770225259991233,-0.4675762399867842,-1.6662832455744518,0.2819322364693976,-0.7731023597545169,1.109399078031494,1.9028788832993513,Shellcode,1
1.6070416115513044,-2.4068160590130856,-8.691992332026155,1.6841990922593943,2.414888285586361,2.780318882450814,1.5961824424445128,1.2157672490906049,0.651366534392826,-0.00011767363276149467,1.5879154325390914,2.9895635811829067,6.037169364666868,0.6305308163254753,0.12388036695614302,0.11804884289915685,2.9537603107557557,-0.24271458844876684,4.374853381658925,2.4135211015864684,Exploits,1
-4.897112568185144,-0.785784969355598,-6.43263246919561,-3.9002288961977323,-0.16538517745791959,-5.272063248005051,0.18024479037754082,-2.8109691169259774,-0.04723481656308301,-1.6698438369680253,-0.25028439077208625,1.915514285051546,-17.758628932301914,-1.680897285644227,1.3101252525683893,2.1884232206563277,3.886266268606481,0.7464972032643885,1.4301712260679404,0.5658067499668031,Normal,0
4.5379099951889685,-0.6502408821750808,6.085464704883333,2.698239001188905,-2.777331914313626,2.9012524880299297,-5.783288641818796,1.8845500123217949,1.388322204587887,-4.672209056598128,-1.2385214731204384,-0.49119839573419877,4.7873448297822945,-2.360541490710475,1.2566233634511759,0.6023131271593289,-0.03379944388806866,-0.06305764839160378,0.9326718521993427,0.34634515758715256,Worms,1
-0.37605227694361365,-0.6890026111271856,-3.2872474985101854,-2.503478330907016,-1.917215973140633,1.2591585845602506,1.8460814392699163,1.387087120953574,-0.8332906304667806,3.5936142474263293,-1.0580465016775875,-0.6057585446609569,-8.45330171685209,-0.9599023889193019,1.8395031999243256,1.8909601567111354,0.47829847631494815,1.317566157328769,-3.259516941463547,-0.7010788373893566,DoS,1
-5.231896474438635,1.0239555543577834,2.5138467624735665,-2.7671035752854296,3.288116957810633,-1.954516939954213,-3.93706064651527,-1.9797406474316532,-0.5249089867407795,-8.017027007907956,-1.6960828315368353,2.539697071645697,-15.231440863840053,0.3278209443202416,6.351260000002149,-0.8335236129646502,2.128989107977313,1.6699920960980184,-2.4657660853010697,9.598072343925825,Normal,0
3.404614128077773,-1.0258997171681707,-1.261456580963078,0.07261702425816341,-4.2633125275487425,-1.6419896804831673,-6.585372441352695,-0.10758099926342646,-0.9049836866228643,0.971328017899423,1.5176415710562519,1.1336393399229174,-6.197059127839351,2.361845686913262,2.450406708746262,1.8080624230172129,-0.47798609871155384,-1.1522724479001774,0.6617874670517927,-7.061813582279804,Generic,1
-1.7178432449441048,1.7888500667196425,2.3878466900342104,-0.7360537450687654,-4.7013800695110515,0.8987577674331293,-3.3075179517472275,0.18588963045405382,0.22912134351804278,-1.967036787733828,-1.0461106001075013,2.121718147067812,-8.09904622285226,-2.5974345162187507,0.036970916788655384,-2.9343166535093337,3.1424629678591294,0.4961616308888094,-0.54449020068486,3.71466559607613,Normal,0
-2.7000927411390157,-0.27051621435525286,-5.965347288587691,-1.148819809184459,2.3691324454673506,-2.2278614675080446,-1.4102567712819696,-2.005077377770511,0.11386689372979152,-3.5910163873796614,-1.5727828329594977,3.1186075625742027,-6.783382728926041,-1.9586045972394874,0.5767898549329178,3.1395116680506345,1.3751290199543091,0.5396118986536598,1.8277432246561696,-1.4301642468934053,Normal,0
2.8031288694936283,2.923018585746631,8.166680257869857,-1.2511021117262064,4.694125667842314,0.16660638331452948,-2.5290934699844603,1.5745196805860018,0.3933593044592069,-4.079782236363361,0.12307636799957726,-4.050533789615732,1.8654588421994496,-0.2850720974046158,3.0200887215509464,1.9677347479647829,2.047691209103157,-1.1344739175575103,-0.1681644638147306,4.967492515888651,Normal,0
0.6447630065343004,-2.2680807281954003,0.4437877960913965,-1.236405060015676,1.592372766062934,-0.22574531575520917,2.8281626419503683,-0.20799904602054253,-0.32809056500770034,-0.6766950034354711,-0.5029438369403537,-0.018264944564448715,-1.260418616971959,-0.8978434207927971,1.1566043497769993,-1.8663650272102128,1.8957134415619865,0.4711430813988678,-0.15973795266503799,4.833151771996643,Analysis,1
-3.4442766498709627,3.854570278785894,2.5254216221931896,2.0310525217455195,-1.8448220925270729,1.9883768251606735,-0.9110902060459463,-3.810914206122124,0.09428915317176569,0.0013744069425796202,-0.23778893411130952,-0.08927628730162795,-2.737143541212511,2.3319836960691767,1.9519957241892376,-2.8479293572604796,-2.082809703640328,0.9399195274635567,-2.752295807385595,5.6357114545066365,Worms,1
-0.8003671215335431,2.286663314469105,-0.17693448660587852,-0.592222724751083,-3.914848381021276,-1.115203174832501,-3.1486660215519287,-0.37014134587756864,0.24247402563440668,1.0737716464553668,0.32666080413649845,1.5371480086393374,-12.81549440166267,-1.9742067277326925,1.4385703528818699,0.7399757907074666,2.978361674638263,-0.3623128306584068,-2.067197973601883,-1.4770733706321448,Normal,0
1.3675429946052233,-1.581057725752558,-5.504096874520489,3.5760077340352208,3.635206368407264,2.603183156766239,0.36896046762192203,1.2507964451035347,0.4694542398375617,0.5297340495531861,-0.29859953031992176,2.7281225624338576,10.889917050066714,-0.22836559264163117,1.1823510110125086,-1.8517173643051108,-0.03042513084206311,-0.5212973950643286,3.0546620800920383,2.443248354746337,DoS,1
-0.4982106261709631,2.4891104022921016,-3.178142997344338,1.6549343690411247,-2.737865729917937,0.3954885973925487,-2.3801236283030116,-4.062096429572809,0.839322355713954,3.7853962592920274,-0.829867998479049,-3.3154656507916878,4.497510418972405,0.4329559146162831,1.0266063883833643,-0.4132182642813331,-4.136972481513784,-1.0292008609167265,3.8106946648437607,-0.6685123701539424,Normal,0
-0.7000067597644011,-1.2319175176724495,-5.818132579527111,-1.8322488428308994,0.104651788453336,2.752713754422459,5.397163417381684,-1.0220447099651957,1.7871134217543003,1.9989883992063664,-1.5358264840195235,-0.44027659453563306,-9.618204262012782,-0.8046890385244957,3.5658462502543906,0.36786043615366193,4.5902866097498745,0.6252924411502272,-1.3137656556620174,8.934882109182597,Fuzzers,1
-0.09099999931729696,2.598608648704805,-9.135013669842857,-3.4923461878959308,0.2147238813522725,-0.31009465883293474,1.2381246093023095,-3.634779232599341,0.45198764119311563,4.090895263402976,1.5429195659842012,-0.6299483335423214,-4.20328002412934,-0.7400489652367772,-1.439261523637104,4.015083802043472,0.3712023646436975,-0.75948503499512,2.482327814369372,-4.7613115528294525,Normal,0
-1.4268085635958705,0.87321561092555,1.5506800462775225,1.0899574426846939,-0.3997596194626841,0.7553967954741116,5.082241649277738,-4.259690165210053,0.9533103097660115,-1.966592160556166,-1.4409808153590788,0.4597806017670727,-3.2467044271214105,-1.8307727648836627,-3.2655451068599817,2.1663864123491177,0.12057816185836412,0.5105472158936674,-3.5341920604070407,-0.07348509971866335,Normal,0
-1.536322940325198,4.68126507677903,3.8541562662796958,2.15434305687217,-1.3206687718769285,3.529833971145779,-0.8943787163826443,-2.874788688171722,-1.0609429948383524,0.5854558158039365,-0.9205241323160545,-2.5498529436901705,4.614179251249899,-1.2950414134117247,1.457015572510593,-3.968568999647388,-1.5745919425160881,1.8788476179119291,0.08951797800213335,8.36898812701922,Exploits,1
-2.785444879379651,3.7252483225560287,3.171474956775068,3.841942776826553,-1.3146963689718856,0.8431893719123775,-6.623697673095124,1.5601475846768813,-0.5195343963645582,-1.108605479001661,-1.537155483089032,2.0318915119013288,-0.40056314875478494,-0.42989402870384,2.5461833298601384,-1.3308624900666048,-2.2165300143138493,0.48196498844575936,-2.2314608795850814,-0.24335758435696042,Normal,0
0.15380060685069386,2.1803031947746674,-0.7712211305949037,1.0342585578052164,-1.7748243589973722,0.7256644383229274,-7.618903862747801,2.062956324226744,-0.3505693925533944,-2.1003524217145157,-1.8699795232073142,3.159447782205334,-7.350404978063084,-0.2915200537064307,3.4154408236465055,1.4888522753619884,2.177742656187259,1.7524287883872727,-0.4396816192223676,-1.294298837876987,Normal,0
-0.628245129334055,4.823971384334273,7.911552668345365,0.39515398817895864,-2.7434633018665324,0.7538543958958104,-3.850355733104388,-0.4847815379936231,1.3658704330648481,-0.3513924907889412,-0.8773425286979435,-2.182116372737761,-4.154894518885388,-1.6094141434174631,1.643639129715607,-1.0859659592716473,-0.4976122981265114,1.4397357460414526,-3.197975048184864,2.3043462609432726,Normal,0
-6.461644528488866,-1.0294770356661438,-1.2426119428653966,-1.7362361189582032,-2.3606793013986485,-2.630179106196002,4.891557872907397,-3.881267023878925,1.1312991452024375,-2.5791562968469464,0.36746685333501855,2.3685939045899085,-15.041772298994141,0.4076527082236649,-1.3175120658377404,-2.3744738345688035,4.114966556733588,-0.9902039737037043,-1.5598223440762644,6.776180768551342,Normal,0
-1.0742292166678444,-3.3277412886204765,1.3100756330129655,-1.167283881772709,3.6143833838817363,2.0202835933639074,9.396366480058978,1.3416610193154397,-0.7150477977968192,0.44327579823400654,-0.07934374749865712,-2.642760175717176,8.61013803038953,-0.6167633789232494,-3.0168097157092495,0.04605810466607285,-2.8115607798810864,-0.7624441819389206,-2.6522021941393024,2.5954913260752273,Normal,0
-2.3641297802819725,-1.272075232963163,-0.8041331908448617,2.1649925327024913,-5.258791033399361,1.1314284273551303,1.241066306344736,2.603504381148726,-2.055546263197086,-0.5286327445357585,-0.22957918057221743,1.8294574837745283,-3.2616468689831226,0.09373257977307926,-1.9296124518600317,-3.7337107492550934,5.714135153395573,0.40881658065192766,2.2426173821314386,6.120448143160952,DoS,1
3.682104340467144,-4.937713461151867,-6.265518110497645,-1.5095548562747405,-0.3221262462938632,-3.2445978931983728,-0.386442703050055,-3.0001538908600818,-1.5482306657909177,2.180069094707993,0.4330666864799703,0.2973080549139454,-14.013827091171265,-0.46728560120220713,7.6196785325680185,1.293328488303799,3.23439243607286,-0.03866477467922823,0.7445689112822323,1.7342718112939322,Exploits,1
2.1365087527677735,-1.6275145814797902,1.5363034295712468,0.5430265442311795,-2.9611036332164113,0.559965228150775,-2.475593817944116,1.845777178574204,0.1281950817761247,-1.2425836273325823,0.016414517053281587,-0.17714010147081716,-0.23169766984698348,0.08856013110348288,1.0366362086710719,-2.040210327948697,2.9825113260011022,0.07068670075654385,2.7243579301462,3.308443843952606,Shellcode,1
-1.7124784772187325,1.745029852681906,0.9924623525205607,-5.633101119016533,-2.6701350765390877,4.350936482554279,0.8725067955097071,-2.6996561112661572,-1.401419119615013,-2.0508620355687297,-0.24002784663530613,-1.973620763084945,-3.578389684426635,-1.5348681088561222,-0.9464621595091244,-0.5866829483258791,-1.7567965243411692,1.1888233141382298,-1.1156071524914362,5.093909912142422,Normal,0
-1.8605056248376164,3.2671286055665476,-6.96346845347407,-1.2442414293638384,1.9905887435315388,3.2025706051972422,1.473809801295452,-2.7146153024974984,0.5314059749810482,0.1521209205609313,-1.1440952328397398,-0.11557951479510598,0.27409806524041325,0.22599588296559936,-0.29520660490458306,2.5246585091258025,0.6345974943391302,-0.2653735811288406,2.079144553537529,2.8471379312810923,Normal,0
1.4924958629311234,2.19188341948433,-0.6208419858592295,2.144309410944112,-0.9089916412269787,0.5380495978226736,-4.233781964664987,-0.04074180627234569,-0.06698648884471536,0.2650648134525513,-0.5296459154018173,1.4611934419074366,-0.7752547176108322,0.6618855234040338,0.5494308280336496,3.1361261067702855,-1.1530860498918365,1.7755880330139702,-1.1842489821647626,-6.253475022974024,Normal,0
-2.2242696796402566,-1.1518861607037647,1.346013975763383,3.938367243325988,0.41157495616420836,-5.794057654429966,2.123831173522356,-4.237397170824839,-0.7088247642438954,-1.2520233060280197,0.8864591021364524,-1.4692237983455199,-7.0659874181344815,0.6167440233985058,1.8670275919776442,1.2367368568131247,1.7522568500543316,-0.23323847216851126,0.4285528408775452,2.0284194583015696,Normal,0
-2.5601295075103616,-1.3114277542939288,-5.323262450765267,1.2207267732577227,-3.541153834555894,-3.5600470945810905,2.3551496551805604,-2.19782833843172,1.306860515979533,1.3173745896350342,-1.2837172390377283,2.556875104330506,-11.768492457311336,1.5129853114126866,-1.4482388940818192,0.7794711579358234,4.580896492384127,-1.2948048207823644,0.8685296505895708,-1.4701698017138356,Normal,0
0.10455398978504804,-1.1591179032881556,-8.654804501058415,0.10114022703913905,2.9806265340177487,0.4892766914832467,3.519990932249211,-1.7270836807524548,-1.3062178008891838,3.262892043761707,-0.5349976733860501,-0.31385490630588153,6.189459047932808,0.08572168663109299,-0.5876401740650126,1.5071637280116998,-1.548907272055707,-1.807087037649139,3.272545348805001,-1.4864983577502804,Normal,0
-3.520228152259417,-0.2722205547263461,-5.725951615427949,-0.704068080327773,-0.2870400330091917,-2.3630698763015228,0.8471795941864423,-2.3898113349459265,1.6740882465549136,-1.6959299720386734,0.6109833490487265,2.482820720666373,-6.5840483556737945,-0.40814452268976165,-2.0932832728452233,2.3819143181028224,1.346862558696774,-1.2989482605353901,1.663677959750046,-2.548132239121703,Normal,0
-2.0266666956776707,2.0573304481421673,-1.9463945095480932,1.0724535152612802,2.2660093659844667,-3.4417950715369052,-3.462673591557963,-1.3886136643001166,-0.5028308938186279,-0.9448147080569613,-0.8854656261311179,-0.5407268767922093,-3.6645530814278615,-0.11494188559527853,2.379516449741704,3.5140422461082714,-0.7149284144234158,-0.1959993431701443,1.4048483274538124,-2.6912324507960843,Normal,0
-5.308990807299059,1.4651142892381857,-5.465962147368465,-2.402015893319165,-1.6025355957646192,-1.5920138690502563,-6.693591234739652,1.751802722992256,2.169872686836033,-1.9582311715792824,-0.3391494050598114,4.548967075438174,-10.272024710729163,1.5228617217029874,2.0541945057337316,-1.5463816446750536,2.0177040491811837,-0.35583493534946287,2.3649131019250182,0.8651655287321756,Normal,0
-0.9776463997833054,-1.4318527133022831,6.115242354364136,-0.5912646023490147,4.944617329165926,0.16878595230474436,7.916792850329584,3.4596908212368502,-1.354297161408027,-1.408292804000507,-0.7889631301337289,-3.7650674391908665,12.798902825308518,1.8969687338874128,-5.184961154414663,-0.24723354800759823,-1.0328329380631973,-0.0039743100330945046,-0.7701084067133968,2.2743951285010224,Normal,0
1.1402938070549857,1.6361842701514084,4.758774064096597,4.129408574432823,-2.608080455377088,-0.7485161811833265,1.8911736726679864,-3.001527921917826,2.639206104649941,1.8031560439215384,1.8920564249956975,-2.5878565433353233,2.155108561093197,0.9851920917811056,-2.182862525705304,1.3961501152490345,-1.7870452497731613,-0.05631616494647724,-2.1202221403204584,-3.506369197677971,Normal,0
1.3902478598390493,1.5595356589430014,0.06478397112941947,3.1004388069609345,-0.5487852491103786,-1.5657189563461014,-5.275407977805246,-1.3314538437410315,0.3921578055825459,-1.1352115097861541,-0.16958915366915414,1.860102369470081,-3.228721037395486,-0.9291798153427165,1.5767076690308137,3.6841922842434065,-1.070672654756021,0.880730903111228,-1.03462368964825,-6.901143252271436,Normal,0
-2.3473109592356636,-0.30564877573515425,-1.3614092762097179,3.456088088179196,0.5131349867497557,-1.748428421139326,1.6945318448988167,-1.9853643558760248,2.542033979715604,-0.6490152812341523,-1.5329421570978279,0.8147417842082822,-4.357783149919985,-0.7858184013247796,0.707168156873568,2.730754885262252,-0.2867469055067837,0.9381576073898973,-1.9995296296483576,-1.3402228686741342,Normal,0
-2.9582769640955036,0.6416839929216984,-1.2021246906484186,-0.4811597732952765,2.833456998503029,1.4448255803962327,4.518661539753536,0.1630845356670585,-0.41400809511926007,-2.3970140471794634,1.2426888722708918,0.005269666899951675,3.944204335880307,-1.8384221547483004,-4.153838878703774,2.8706938656485947,-0.7824576746821659,0.5100277816442633,-0.699086395042543,-0.4742067943646586,Normal,0
-0.3896335841721472,-1.1012888393708802,-4.119264863559989,-1.8760569126654865,-0.32114522856812033,1.4313119940568138,-0.025755968233463905,-1.0657395429972514,0.6014103947437404,0.004022935316884579,0.851453231028983,2.0741121550109805,-9.73037254913693,0.7053845700316035,3.823312722423658,0.6260252837983564,1.1602367391718689,1.9792947878821974,-2.391443541111836,2.681584044750579,Shellcode,1
3.174458526204914,-3.649540251509468,-2.346230006379749,2.1325424412906235,0.8442426371850411,1.148521426699153,1.4063008774049626,0.4015551395786454,-0.9306030316612433,0.3644810956880393,0.679651047944746,0.8441828917964908,5.662979920331124,0.05061084717221441,1.3483553243961641,-1.9180434535979267,1.2588811581265926,-0.6551482687470855,2.425568443566039,2.9097262448522225,Backdoor,1
2.094464493347171,1.6328332808273678,3.3239887099664682,5.110833131257655,1.5170012788694494,0.6699382518708354,-2.609805045715207,-1.990007236261302,0.9546621848100726,-2.5583078193320916,-0.028995684541341132,1.2077339523539639,1.4714942188439184,0.26242551100230477,1.5601034027202085,4.040940987674195,-2.426760520302516,-0.6031140544108547,-3.7229658047327208,-4.57062164162872,Normal,0
-3.3719105429837777,-2.8495092697298117,-12.422523074710663,-0.8569572515989012,-4.012299571958944,-1.8744446144890907,0.5251866156369793,-0.12308296302979715,-1.1570917985823324,4.962394701326061,-0.7285838897547995,4.805330393496991,-17.489462448229904,1.9438884634194564,3.688362846674464,-1.178976970835263,4.515729880518279,0.11036463135977159,0.2919648716008514,0.9115136013810079,Analysis,1
0.9403780495429515,-1.176367887595823,-2.5792122041075953,0.9353261756074076,-0.7147387290456488,3.378867881316725,-2.0059645736867107,1.7989628078580437,0.36650364774985467,-2.4796034067331756,0.7030493046860262,3.668293426990626,2.946089739211277,0.44933505268793483,-0.7968781379983194,0.3378582931741938,0.07731455682073651,-1.9126108431884679,0.37746749832820803,-1.2226898320072526,Reconnaissance,1
0.7938730947921779,1.0285009147435034,5.014914376415149,2.2960485692407118,-3.090096425873177,0.26481550602131665,-5.408567926157401,1.0150404632628098,0.8616750444926806,-3.095918049249956,-1.9858485335431153,0.09525016247867502,0.6140496122336813,-0.4074380751361637,0.6104118443264858,-1.1063900663661173,0.5504242423176203,0.0806672587862179,1.127784557801593,0.7617195059699585,Exploits,1
2.6542583070980164,0.8898126067203427,-6.827201386500444,0.9073322536012021,3.7243819101837015,-1.1316619113117437,1.8870605135430651,-5.373270016754527,0.39083781282032287,2.080983676937532,1.3722338678678732,-2.522554212488341,7.834615934618666,-1.2732428725223714,-0.49741458920514336,2.6866811412404683,-0.33711005138715633,0.7178709744070252,6.516810815420241,-1.2127785461757687,Normal,0
-1.349406242330223,-1.5450598791668337,-1.8499281274431374,-0.9544375804926997,1.1673002495494043,-1.8993590662724833,1.8752723518446432,-3.0008255966648942,1.0657511289970436,-4.162956634390014,0.6082809589270963,2.36864920958607,-14.410822640474098,0.43977805773482237,2.602714684231466,2.0399989099588947,5.06841689345846,-0.2888617561697844,-1.6068099384965298,4.646426447113549,Normal,0
0.34172365350423783,-2.1979847880060372,-12.30556703370369,-1.2121403662841002,0.2516162374271227,3.19063769071946,0.9276995820686509,-0.22911069051183475,0.4556997235823749,1.003204855696652,0.8765606966913096,3.6662168299129263,-5.0252358535802095,0.2977483044697949,2.930123225586446,0.040900839979587156,4.655334252541508,-0.734175450780734,3.519510453408791,5.180272456889724,Exploits,1
0.9832131219005631,3.1808644348650894,8.301754142169585,2.099994562493318,-1.1380990873911743,-1.8220141400527827,-5.389065443257823,-3.310418667126904,0.1421161695657772,-3.460491147138079,-1.7089954121119826,-1.2315251071580988,-3.5457370232237038,0.32940078983846927,1.9722652104305856,1.3480778009710188,-1.9931294684950411,0.10138977812989972,-2.449927267519462,-1.816373272602906,Normal,0
-1.5478938706824774,1.4721174440244242,-0.7592349085379192,-7.744371594724819,-1.317751597093288,-1.0341030784643817,-0.7171086306468817,0.791237621721363,0.08765022471585904,0.12112339620797385,0.793018676231519,-1.1039235728814107,-4.164880062117889,0.49246093067146557,-3.92195540162647,1.2536562839159022,-0.6248500531186162,-0.15918909113792906,0.9621402771740426,-4.520274597736723,Normal,0
-1.2140341341847343,0.3703767498628583,0.02891446440718959,1.4451312002626038,2.2576316830672942,0.5698998003030916,3.639973073479479,-1.037145631074121,-0.6433097999411301,-0.011743146244643565,-0.581230267829545,-2.291695054959236,10.557916693093858,0.5321192792697035,-3.087379348266385,-0.040694567964073114,-2.337250013261474,-1.112031608735144,2.1963599924080284,0.923842638900106,Normal,0
1.8998597157757007,-1.305568612737492,7.931681325475051,-0.13269654977065426,-2.456525516546204,1.0185415339639035,-4.005462458084684,1.4840292010819314,0.05137608568018117,-2.638918237786033,-1.169329846815045,-0.565540886009698,0.6211255556955932,1.0308470804937446,2.286558618901834,-3.087385009981257,-2.039278301364762,-0.26374383622861286,-2.144282434417066,2.1651851505958466,Generic,1
-0.28437393958622126,3.593236179948758,2.581367786246403,-3.134531784661581,-2.7024079929937423,-0.129472902035354,-7.235612021842066,0.37462419762340127,-0.4024800804668359,-0.6094187571813944,-0.017386888612843297,0.7987737626394591,-9.42986188740406,-0.1776598191298878,2.9101943503542484,-0.8017885456987806,0.49879422305588506,0.5554887750628047,-1.4263083608228824,-0.3330068573135677,Normal,0
1.7423275088057235,-2.3658653978966315,-5.706328728577162,-0.11295731180581625,-4.115391845779888,-0.9416623737273953,-6.726718382081756,-3.4633380805040543,0.06390684983570799,-0.7958060701909286,1.259955981489124,2.540420929575041,-17.34031994786249,0.7988248085632804,8.277421589243113,2.4874429299168503,0.8241204616317058,1.254503859840713,-0.5494981562728383,-0.6232252448394526,Reconnaissance,1
2.986227347627551,-0.3559551126807954,-0.31039929536881683,1.2815456249153818,-0.7627819556844406,-1.4436340935982042,-3.770679567072092,1.2403359882089537,-0.4896345792469634,0.2573697608714123,0.4100006155204225,0.21822784479932156,4.810023118777173,0.6606311230264938,-1.1251604515277438,1.1358764770423662,-0.23996234145085826,-1.4239138406470426,3.242419576836162,-6.034213100535247,Exploits,1
0.8927920826588999,-1.3367131479880592,0.6373305987326922,1.3367332508619452,2.8963712320719956,1.8990448046303048,1.2852353864516757,3.1679396410751455,-0.9498877560918947,-2.5239857733333695,-0.05660263936462753,2.3723536290115863,13.28584572087136,1.3936967508477665,-4.788118379230232,-0.43156724961046944,-1.2652381335981842,0.772474012027049,1.1600056400046745,-3.041126616597235,Fuzzers,1
-1.812389513287909,0.7731004304674337,-0.10801908398461779,-4.315927991143126,-1.6856838470405058,3.178632089940968,4.200210768408846,-2.4115213022290822,-0.5932088167641478,-0.2050993297738819,0.8324661422588284,-2.996605773667672,4.702386334378166,1.272116189741471,-4.33587114613125,-1.7830469357038163,-2.002447033911448,0.15198815899110216,1.826656661273034,4.069558094021717,Normal,0
-3.452402863264831,5.65681605539107,-11.005542259175977,-1.8365518322504437,0.9346159559673797,3.2209407712649183,-0.877283683648826,-2.1605178550081847,0.11707437506133987,3.321598234654743,-1.094801205411699,-0.6933373581384925,-2.643898706886474,1.460009899660185,1.2831300091087745,3.2167188325937013,0.5107799959564567,-0.4651703865230122,3.260966331158132,1.948174767905397,Normal,0
-5.896240605658206,0.773863253379883,-11.565279574901453,-1.5537825089597619,0.94942814857641,-0.22190026034840837,5.236997111235665,-1.2519078974277875,-0.31769139020044407,1.7965300834628697,1.396968566715763,4.5745533603050825,-12.239671316994983,0.3951717850367753,-2.3836017298220296,4.786934819633424,2.337878418445545,-1.247274884629391,-2.6919390918485027,-3.7646562504196264,Normal,0
-2.5958566919543373,0.19447341911205762,-6.103888093395135,-1.0000545934735006,-0.07132807777771388,-3.8718204572754593,-3.5260328669650756,-1.5347858208857785,-0.3334686510381497,-1.6525695277725803,0.2696394875383339,2.78439944254925,-10.12169061223743,-0.4683011426573713,0.9008105434355993,3.3896285358305946,1.5281616411497443,1.4036191497494386,2.1147328735312034,-4.46732560868792,Normal,0
-2.689376036135748,1.1194811875408415,-3.3620297791534366,0.8163592143350543,1.6708925806526058,-3.8412449245792075,-1.4614047249904416,-2.2342312207880854,-1.2142368595979316,-0.5656088391590396,0.6930110164251835,0.7355937683592829,-7.780329653859553,0.5895077558239288,1.8905639329999269,3.6956618960941676,0.13642329664654929,-1.3678252976172942,-0.02778592356955656,-3.070689286707226,Normal,0
-3.6130447147578986,2.148787372670597,-4.386978240566851,2.8855222061324057,-1.9570289382827433,3.815465933936487,-5.893194571165333,2.659080783866535,-0.5120263994141184,-3.2238924449493207,-0.42039442455863074,4.592568916768121,3.8716770747996927,-0.412206452497665,-0.07320924464153,-2.892823075302151,1.5500103099716012,1.239834359294089,4.319107208129752,4.27830326620894,Shellcode,1
-0.07518761221470593,-0.9366606925936951,2.6163781104378807,1.5153420450382442,-1.7285447611645437,-0.7284115741662912,0.7665899319163654,-2.2759631152542017,1.348230044425131,-3.4427900196734034,-0.9961033363896793,1.9376228793384123,-12.159498728956354,-1.5847343329729098,2.434552170035192,-0.18564626700354458,4.924012658319424,1.5651658481700523,-2.786777288503858,5.442505534189917,Normal,0
-2.601630461134767,1.8255870288071927,-5.491840677451308,2.8167566166535485,-0.19746368132786252,6.104975497185229,-1.7047774656433767,-3.5891178336197918,0.22808652833895818,-0.5338495773636613,-1.5841955503765368,1.0236573829227322,-4.430087140546289,-0.8516439622642528,8.026957726151824,-1.2741694133198662,-0.9705864667169055,-0.10598294391407653,-1.266516229432722,11.773729517286032,Reconnaissance,1
-5.273661525092063,0.5419030011954179,-6.892593405609578,0.20990081474667122,-0.4660995615632175,3.174789962470324,8.457118257813226,-2.447909332030254,-0.599472443644554,3.498453823296709,0.3374663870861108,-0.8193066332985453,5.132049326157931,-1.128864435005698,-5.290240701498814,1.155840489898071,-3.8344890930246893,-0.9530643292089958,-0.802982684186972,-0.5298392515328345,Normal,0
-2.999696305829824,1.2550694933376456,4.50554980540676,3.3667503825450433,-3.140295960097378,0.019019871417262912,-1.7599422218558824,0.2966172508797893,0.8294875898567414,-2.0404151477618444,-2.9173628613030647,1.0518340656404273,-7.764843257329025,-0.2938146660026889,2.4839221946101286,-2.2631784202895693,2.3654389714554656,0.6615152054288809,-2.7668679847911077,5.885896212087387,Normal,0
1.3419849072444543,3.5415455538546965,3.85573422910701,-1.9651275637452588,2.112654808786904,-0.7317920923310828,-3.5773371832177183,0.8681702655553676,1.2884310595373296,-2.195639741249328,0.3804819675179393,-1.9476983378504293,-1.4115985591518472,1.3776868872790455,0.8718523825645721,2.3845477295366093,1.7435718789932215,-0.6639007459804149,0.6207291633311132,-0.08116021766482728,Normal,0
-2.2350740513862353,2.5796215403091174,0.9034847435779019,-0.7687441768318833,-0.8091093578955681,3.165510830521395,2.443354177998435,-2.223980555103508,-0.562686189108905,-0.15944838892556978,-0.4702026092221309,-0.37467170110861936,-9.280973497148798,-0.4801757233733798,3.3675278943618303,-2.245569891018178,3.56977586765192,-0.3153155397597164,-3.1414781744564544,11.352406627857427,Fuzzers,1
4.877480558313777,2.957969883425253,8.942947102023389,1.978936493469972,-2.9036518396335893,5.47664480448624,-3.106507348388102,-1.3416131736096926,1.1192727900621153,-2.788888064519629,-0.44587779064246214,1.8312557287632103,-0.8319557691761004,1.5539281636348552,0.1458667923007626,0.8138032671647668,-1.3223124680206855,-0.30382244654323404,-7.436004135255711,-1.9451946025989508,Normal,0
-3.997814941764223,-0.5139834459557993,-7.542681938144782,7.427527958610112,0.20891835843652973,2.6357255499430234,3.8435741631450866,-3.336962236076797,0.8946950613476399,4.590004373261042,0.46752867401813303,-0.16411998676085693,10.863825061265848,-0.871890164708353,0.7336697833954109,-0.6020459275517822,-7.01916328705896,1.1998588661949168,0.344501321682112,0.41300714373981284,Normal,0
0.2583209327701268,2.5960363909529414,-3.7126235465378024,-0.8577701434184379,2.075320231085089,0.7549841677323459,2.7519010175111265,-2.2582294664516063,-1.3701225061570623,1.7101418524922471,1.3643013268920965,-2.4032593441672585,0.2051165209912547,-0.387775383551393,-0.8641322678843902,4.11017000791373,0.7342006983038512,-0.8626141808368348,1.0454502732387696,-0.667009772935087,Normal,0
-3.9336488437432755,1.3884923081993719,-10.85985594168385,4.616270417980412,3.438572311141493,2.1795365707647743,6.438567592631449,-2.458168067450306,-0.6122538617073229,4.700173170701136,-1.1106037184657245,-0.7686413110855329,13.136987165454972,-0.43154580339070847,-2.7548757544786637,1.0282012597350985,-2.72751069788373,0.5524368099775481,4.207576080727801,0.87247344001861,Normal,0
-0.8891564127647269,3.6275289575583374,-1.7819403088066958,0.9954098020406144,0.3992757137582026,4.503183182774588,1.8102791866024506,-1.6164420866883074,0.5591514336782372,2.395464063335802,0.38211992577864945,-2.592105900248138,6.982551812413764,0.7482804360944154,0.2799019968493375,-1.7039922170501534,-0.6840306985203204,-1.0264251533272524,1.732645766847388,6.725883163830593,Backdoor,1
-2.528024329048683,1.323203172724846,-6.469575160690971,1.5809907696009091,2.2716594901256655,-3.1391959287851483,4.0124624882882625,-3.3681453628835394,-0.6020529003640378,2.291457280481825,-1.7611503871981196,-0.20512564385601828,-4.827598170683807,-1.1711265640368587,-1.726371113595917,6.759348576393508,-0.38991489856943273,-0.09904818587567783,-0.8577695015391718,-6.992892429809509,Normal,0
-3.4494278050073697,0.6486188173929534,-10.48241999147292,4.495755482279732,1.1082854665001305,1.0537675835219986,6.521143647106376,-4.104038286868546,0.7564688367602417,5.459893580932621,0.40692174114878144,0.49977000772684077,5.296380830020507,0.5207513556033754,-2.6926244520925007,3.3130874179215364,-3.9173068921783165,0.3539410658098197,0.022386829959521348,-4.6807385585848635,Normal,0
-1.8933421769633945,2.4531709541619793,0.31102875983907863,-0.8950812804512016,0.05277851666137279,-2.3761949205206565,-5.514895950350574,-1.1338594745805548,-0.9607599976713864,-3.7559351745089775,-0.7807668702460516,1.8855904548515383,-14.806834561166506,0.28745526050670145,4.3447998341347205,2.594546699740718,3.1619750460610008,-1.3714657565980801,-1.34396760498099,1.1195008629213794,Normal,0
1.7711782582037046,-1.5897444069942939,-8.637679853202986,-7.272643912125905,-2.6585605659229614,-2.936383744471301,2.528656132757724,-5.12145340420433,1.0529774569252168,4.040966587155035,-1.3696491795380676,0.8789909582445659,-7.394600425229639,-1.1171596068176461,-5.061295387030341,3.5164118388375316,-1.3837231076029968,-0.630880665132971,1.610889937223909,-11.996805571991024,Normal,0
0.47152463737098693,2.754246200604431,0.1111779142872355,0.9135988989708781,-0.1715129436703131,1.8475138536833255,-4.181298623111079,1.6781495410124392,-0.02853516117497236,1.511026185438785,0.5830107592702893,-2.823307922316796,7.857525851654325,0.04223143725722808,1.2473617528443335,0.1019802466890527,-2.5986082164562654,0.49507517883086816,2.904783720710088,-0.08792750540627942,Exploits,1
1.4324116521436288,1.029620769078547,3.866903674827614,6.6105341470568995,-0.7198407555531222,3.8307524447921115,-1.7691730971157722,5.471896653306495,1.1223679453011257,-2.10070906841319,-1.2956275488961355,0.5214014081809467,20.496123529412092,-0.4043698094403979,-5.100026812935381,-2.8830573936686354,0.8611826808536429,-0.1669267936541179,4.861961152299219,1.0338597322001628,Backdoor,1
-3.417346924213177,3.525892700272833,-0.8664601719068148,-2.477960041519306,0.9738551022427129,-4.050086068139542,-2.255322668816431,-2.291189526766308,0.9626196204280031,-0.040000332399825034,0.46123247788874716,-1.500625639449256,-12.582238193381556,-0.8065571830922841,2.6837816591544,3.151869736943036,1.138382390417021,0.9220379014043715,-0.5916476167809586,-0.43536381277541647,Normal,0
-0.7529700983340295,1.5428565171456945,-7.211250369065454,1.86040063924594,4.852180996879184,1.8378598309978709,2.993736390477666,-1.3841511479831712,1.2436175678377877,2.1357812292162457,-1.0409760092942055,-2.6488659328390947,9.3349682437641,0.9263875444446998,0.9036384936931752,2.2247941721011184,-0.610096617120403,0.42320557277182697,4.558360646248353,3.4924182924728813,Normal,0
-3.5606253462760753,1.9795571480284833,-6.56309679928785,-5.201300022590901,-2.482084788922192,4.045039052915324,1.837143927493546,-2.6619760587886203,-0.5843192198258019,1.9662033067479603,-0.14745648849836274,-0.3337539751568408,-3.0231244294002884,0.6766768691688682,-1.5693474380438996,-0.5125512587776748,-2.181454804845192,0.31384309890203466,0.5012981602828972,2.3668107533243465,Normal,0
-1.4220087175383636,2.9425230266201052,3.0635766261093,-0.8376369024616019,-1.7381823707898583,2.3206379264226173,-1.2102845712874688,-1.3196436586832136,0.15111887932093068,-0.7567401839297432,0.0830612574105881,-0.1334134866128247,-7.922346717167092,-0.2927533408708017,3.087768000086589,-1.9017731154078583,1.5388568748238125,0.9690968460267542,-3.2025424640115325,6.983158524359186,Fuzzers,1
-0.029807817651144042,0.6509675824510414,6.523777818493517,2.7182548928209314,-2.1231772039590315,-0.31505056661832986,3.456451943550075,-3.851384954733541,0.6010135264946271,-1.655263837701275,0.22727741267959795,-1.1331926426185754,-6.963616993593117,1.8847395547871757,0.029515184367145286,0.5531739433832932,1.4857879610593598,-1.8788519511582686,-4.866229325443545,3.1536975617248664,Normal,0
-0.9927890325031736,4.898136986963449,3.507168926377447,-0.08087198416964192,-3.7886140738504497,-2.123551048320717,-1.065975322114592,-2.8478126282091587,1.621825801546254,3.5776984968952403,1.2673601815715507,-2.901278118819847,-4.117059900782942,-1.2845654500780666,-2.4122403685930176,1.5431266417041207,-1.8564392798662093,0.933567408605594,-1.8617208373198277,-5.867727631368004,Normal,0
-0.9383006692812663,3.048417400310755,-8.307088918210491,0.4115609668346627,-0.5993122064572234,-0.7638824298448599,-2.081733874496688,-4.489875032606204,0.19553323783929896,3.911200631888766,0.5622959663541561,-0.6643055251802725,1.3290043232420876,0.021458174227438107,-0.08229951401367219,1.9528598058564683,-2.3936924310036107,-1.203293303222857,4.446620947758077,-4.324180612648839,Normal,0
-1.6435216208746457,2.458141466820229,-9.625478288636685,-1.822846710285535,3.322271144038121,2.322810770738556,0.2868017855420363,-1.1070940910581606,-0.8073787727617568,1.5658813272017178,1.314231839836257,0.9455274773082487,0.30739940898199025,-0.3955389205927723,1.0533158941133922,2.3472239305028797,0.4804562843038158,0.661352044831807,2.667439930537382,1.2096447297135584,Normal,0
-4.652370268462937,4.62002079881346,3.2169937444608343,-0.9063393331289594,-4.569572094192958,4.826760820922608,-1.036396331980689,-2.2799231667030515,0.06842631238612219,-1.1906213015943945,-0.16605438254886842,-1.0680003023340334,-2.2071494574684736,-0.2543447724531083,-1.03987557328349,-1.7352162504616553,-3.4506866721253115,-0.8883140417628659,-3.127185905786546,4.516572560331334,Normal,0
-2.433784061679221,0.17547311962550327,0.2098155989420376,-2.303007962052204,1.2162119787241799,-0.24515427630276765,-1.1345868572670126,-1.7966994105938108,-0.665384438996181,-4.871774009557182,0.04141028914247959,1.700764663155249,-8.632250031147475,-0.5460144969849473,1.969000073499664,0.903371544905549,1.0212295758846035,-1.746093664567248,-1.489243702121943,3.637979467411509,Normal,0
-1.7402114075605364,1.2552378128315524,-12.958730888669743,1.3737768186984582,3.9738271489341743,0.21145963432631287,2.975060211005286,-1.9893152834300016,-0.18406714465843874,3.7209312343612595,0.718451846602924,1.6073675777390308,5.2939904199154455,1.128265698178955,-1.7935940355881748,3.4137789233386973,-0.16159553013477757,1.1333765723184925,4.400290573893527,-3.727293489529692,Normal,0
-2.3295292246778345,0.9045233764664001,-3.7796304126416898,-0.9966811326427076,0.37340235188941495,-1.1473398977991238,-3.7068543786638797,-0.4293536514236731,2.2084077700637312,-2.818941761259433,1.128309054562671,3.8330142492882064,-12.127808416145681,-2.0877158900571007,2.823580101758181,2.3942898579288565,2.4540640672785665,-1.4867248873979815,-1.060613007646689,-0.4720710437804072,Normal,0
-5.623715893229087,0.3296413688690092,-8.224435439565283,-2.7584549185411564,0.1444033354376002,-3.4183349041009805,3.922066729672966,-3.07401192601495,1.5499642270042344,-0.15058505947770717,0.9378722573730295,2.079149092486504,-12.917356471191468,-1.074913294339058,-2.193661733939183,2.5907610023359346,3.9031362171592203,0.6846826876063495,1.3434831701707775,-0.1407001117348501,Normal,0
2.278623347267311,-3.055344682491627,-5.961716567373969,-4.708465511863651,-3.2542261476277026,-4.666937298994556,-4.405692605450492,-3.221989624024115,-1.2297385121689113,1.6154711297576294,2.7575347924161004,2.1356721663005587,-24.87915226529116,-2.170916797722521,6.597538463550248,5.228132384268367,1.133471755612279,0.07014261647740774,-3.2979230398733304,-7.579848484555931,Reconnaissance,1
-1.0490975745020878,0.8742259416840037,-2.49141887342868,4.930881943897608,0.5821956765398952,2.5973438848718695,-2.7068649308382726,3.272330618292798,-1.548831280392782,1.4674966489528423,-0.5346220952961119,1.4051989249178158,12.617046573001254,0.8841774613893058,1.103125457159457,-5.22375559831789,0.08587055028859325,-0.35817909678182586,4.715331291557367,5.307360249601488,Fuzzers,1
-0.6363561118880068,-1.5955420020536337,-7.400799802732362,7.124799679369862,-1.9958506880039162,3.2741463430819744,0.4954961747975714,3.8733857000763416,0.6659995470213681,1.1775101684788392,0.10326850438008114,2.7516071833484173,12.349544287563765,0.9813097574429632,-2.1509627937143403,-3.4258831719495637,4.285903418115309,0.5838458300825154,7.6953758918442645,4.747478820582246,Fuzzers,1
-2.537302329140619,2.5756015957820226,1.0737115479661221,-3.964074842201962,-3.1079009177927874,2.818703401437765,2.997951267073325,-0.7435739764644379,0.6358130304064926,1.705496816420601,-0.5821129944813005,-1.29482811087261,-12.04319983908437,-0.5817771620085033,1.4694667201110923,-2.4618035865738097,3.862030271220724,1.2823174359550897,-3.4406025742442514,9.266141737332644,Worms,1
-4.222234337418364,-1.911510536896662,3.8768736113207023,-0.4306868269881503,1.4965964490164363,4.772669074624799,10.786019618211572,0.528754753779493,-0.791463142837682,-0.8044980237263748,0.2707075954457206,-5.533785544369451,12.560861665566287,1.2760676969372846,-4.149945810386662,-1.5543671597627693,-4.795046511877952,-0.3382057252194016,-2.096944692693598,8.420074360980443,Normal,0
0.4446658742010723,0.2332778335610377,3.400803833078153,-0.4178579082798396,1.0058759974417697,-0.385193168205225,1.471177995732245,-0.3645061997807957,1.0061618987324858,0.01523793416529129,0.11201879419688723,-3.039135873286652,6.861246804942842,0.24460568459459026,-1.7744885632019105,-0.619897716225374,-2.069621679771993,-0.7719480207601692,1.0734776869265255,0.2580619714877234,Normal,0
-5.256483947346654,0.8727390839616651,-4.424044960872565,-3.274156655201492,-1.1308843897972325,-2.4074648916117742,-0.4893417204551711,-1.356891479996216,-2.2552918196422387,-2.935254820101691,-0.3247149947247542,1.899923744105614,-14.345146056052595,-1.0301174234331814,0.05411753128530794,1.3569834443298463,4.3025958077250905,-1.984298449890609,1.4174797377528008,2.8649097144112914,Normal,0
2.200819120983742,-4.553026730285178,2.403970928479878,-1.8425814775950795,-1.735737748316256,-2.5184648018786313,3.9776254472870036,1.1382548428312318,-2.0776447816806622,0.5892388740198022,1.8555840363993372,-0.6029631741747656,-8.983587467820831,0.518262409984949,0.3678162847486075,0.309979442325955,3.574196957497228,-0.4870694119778939,-2.681556946368776,0.1172222417638702,Exploits,1
0.04888466456306717,3.860403767663401,6.0187789708957204,4.977050577747517,1.9539328925944046,3.269951972724457,-8.307115874404245,1.137306389480245,0.21810686803426127,-4.451231535988144,-1.1442072287932656,0.3014999927657912,12.205190730148022,-0.8987494245569098,3.25409729728764,-2.4337675088814437,-4.005814709401527,0.03633894027753327,1.1085239616058582,3.7165561542060654,DoS,1
3.663749742723898,-2.7232043729397515,1.9368755577816463,2.692455485181198,-1.333682639800592,1.8584025503586084,-1.3544046161452914,2.2840255086207555,1.5043848375568862,0.5394326294411957,-1.9000379245457981,-2.2635375112508496,8.896901939128124,0.9593309562258,2.5946699165803153,-3.8456941134728035,0.8405475917392683,-0.35128016685000674,4.0221441836824186,6.075536641517264,Generic,1
-2.934185943754957,2.357754146718281,-2.586171067009522,-1.3901074409072551,-0.7578060404392093,-3.344451946270318,-5.417747257756111,-0.4498259270994833,0.7593045713369206,-1.6375864969428229,-0.37198575909367,1.8015548467673073,-13.853846349617776,1.2923946385344747,3.251696306117185,1.8071449351943651,3.307904639210375,1.0605997745553115,0.8917804676475964,-0.0956869385419239,Normal,0
0.4755475532971416,0.5241911676938119,4.296348576522381,-2.68233063710392,0.8786973346669874,1.712169842762812,4.22483076435481,-0.7743127087189722,-0.3581949996430141,-1.4112706408851556,1.2565204353172128,-3.202768763653739,4.422081576851578,0.09912503326929001,-3.240002100065407,-0.05910199708239827,-0.44766565298264194,0.9360643915869674,-0.4956725814634988,2.850680812590908,Normal,0
-3.1419268984176885,1.1986990020147121,5.155506928271116,1.7450832808233019,-1.744115301183878,0.41531445260921407,2.746849783579513,-1.2173284538430944,-1.2258195725288397,-0.9217370284315612,1.3480561876487316,-0.4693114368145319,-8.770315704308993,-1.3672498278427163,2.09130216288355,-2.4784802071252052,2.5909727877090027,1.2411690959787167,-4.590938107626256,8.56402667298029,Normal,0
-0.053857988091544406,4.652084708952822,6.6167801223276825,0.15217344099241203,-0.9334666420446233,2.2655919074957014,-3.114368613145193,-0.011659433089910243,-0.033689671704462826,-0.9842605099412233,0.43631043064229813,-1.98949683079131,-0.9016438135697279,0.8820952418737327,1.521674540512397,-0.40453670625976335,-0.6603109696506944,0.5548012082191723,-2.7709902931462214,2.9864972552107796,Normal,0
-2.53454094881494,-3.098100420246083,-1.045906187361399,0.39293631992990363,4.9425715192711515,4.83712494221675,13.883562729664325,-1.3410486481163721,-1.0909635100661974,-0.4004705923982146,0.01184430609854126,-5.30088276528135,16.563809150152707,0.8240282844308259,-4.278544946248528,-0.2613763323598479,-3.2912476985061208,0.979465191023909,0.6981196560716477,9.433036709385107,Normal,0
1.698856473234047,1.7215137589484097,6.988154482328195,-0.6297997552986816,-3.4898155662769024,1.7961756314861876,-6.213124016052694,2.2919937917268838,-0.09132844977269115,-4.251927973310755,-1.4820395719865844,-0.00866320301634338,-4.756442291131581,1.9181113282928612,1.3827017511551354,0.5275294812545488,1.424381310706505,0.5616887923660444,-1.7317956459127206,0.747890545037476,Worms,1
-0.2269156646363666,0.26781300789229867,0.747324346577811,1.928580860513525,0.10709625143107893,3.3891070693840772,-4.003486975792088,3.117475596463075,-1.697296149187732,-3.4020470630108077,-0.16106808577359089,2.6546098959051148,9.579093162685977,-1.1949698952605172,-1.062613999268677,-2.2349776492012583,-1.298113455376681,-1.2676767769256603,2.016478460865911,1.0276982470106273,Reconnaissance,1
-0.5668921438959696,-1.4804355762765242,-5.577012197681331,-3.0544350426534854,-1.0726989310204056,-0.20368890009027174,2.0079508871807406,2.613569761559585,-1.6095946425032448,3.1945550289941753,1.5026492216700915,-0.8136743155189752,-8.575767293516,-1.4689293366164615,1.3371387718045857,2.678716360572944,2.831557904184118,0.9403003744161879,-0.2653165528457485,-0.4843228013782063,Backdoor,1
-0.28901861346797364,1.0794273455120573,-3.6858248731304637,-1.0333424941356075,2.495370274321534,0.4482920963852126,3.4099144436482156,-1.3619174572268613,-2.052028960616588,2.942788572732173,0.38852218494913,-2.696484131188323,8.070416893746877,-1.2637451820635495,-1.9423969300457664,-0.16639158534457943,-1.1709077389063198,-0.913868192187912,3.548225801443133,0.9633934675603976,Normal,0
-2.7089571061134263,-1.7954618771049677,-9.112686135014867,-0.7382718093891343,1.0610671379461638,2.168654585132547,6.355052326299143,-2.566848610104997,-1.1256261575784021,3.312879750338335,-0.5061410917717176,0.17259811582994922,5.349805665456923,1.0270846972235659,-2.629584235157756,0.7368896522994208,-3.9210747241929416,0.2642512699082058,0.9430567385744901,-1.1367341969280909,Normal,0
0.27565773872847554,0.7452162686275363,-1.1356367740977944,2.3463850843391167,1.1579419227421606,-3.413865328307109,-4.515292462866433,-2.111485390177239,1.173442915342614,-2.3285122292488367,-2.271613783978662,1.8773086000165646,-7.465806882678172,0.4648656402301449,3.187586331600687,3.98480497255991,0.6862250472563856,0.7510288316940984,-0.3074750275631426,-4.187885207347749,Normal,0
-0.6697933970827727,-1.0891949962455056,-0.8522394084167798,3.256895571634692,-1.806718853478768,-3.9072551162585967,0.5226846537214738,-2.8075408613913058,2.2814376451769274,-0.518528063825292,0.6589847334742065,-0.4539439660735505,-3.4532305611728242,-0.01190096979289329,-0.8919916855955039,2.1941391088152153,0.9962471885762365,0.8107801442882526,1.8321353598934342,-2.9147900021375714,Normal,0
-3.723550785430026,-3.1550631034473,-6.667531898015051,-1.5847093831409582,3.2643614305639193,3.7739585095068646,7.381523296978502,1.8233410039668905,-0.7890161780532787,1.6986012218849431,0.31812909398027156,-0.8917702280852247,7.952810277382802,2.708505650682349,-1.1441688818988465,-0.15538173169377134,-3.657662695704249,-0.6715921065175944,-0.1336520826027061,3.7791850897612673,Normal,0
-1.4786868804379147,-0.9077575282672199,-4.187896049303417,1.0628413964824546,-1.9097649247399469,1.4061958830943817,0.22220622954389802,1.0357517144222184,-0.9909129540820899,-0.028839599300026997,0.15745093707917324,2.057125502785947,-4.1928914003958,0.7262084217059598,1.626310864453238,-2.589995286999093,4.720496727519032,0.5748525793953337,2.3012089669853424,6.8920624965154325,Shellcode,1
1.9338187659413866,-1.4922802621929248,2.971795265144518,1.9622414107102284,-2.1831470439829874,3.68441014906897,-0.619982515688026,3.5323429035992686,-0.5667084820857454,-1.8812240367250657,-0.5557135445474877,0.21001024521982337,10.379331394217365,0.7527106011060749,-2.166179415970072,-3.7370282291195567,1.2235121101936783,0.3792480066219372,2.8489259551315085,4.0924054881795175,DoS,1
-1.239180002202087,1.6607397668329318,2.0460517852513047,0.08189985701351299,-2.3258923979840587,-0.6180467462052703,-4.780415517807152,-0.1858606025355729,0.9795982415768089,-1.2645272143422448,1.5811102179086,1.6805122854734753,-6.38293259918439,-0.6153330439689177,2.1915513819602754,-1.8246964437858098,0.6105043678058766,-1.4070173807365334,-0.8945619965171352,1.1849019285582565,Normal,0
-1.7982248461096288,0.2099683443446494,1.331196914699534,1.6537762182143516,-1.9571392101538954,2.5322250312124988,4.493506049153937,-4.236317028407742,0.2383172072583706,1.4479681417647186,0.4681317328674863,-2.1651467099426958,-7.790793501276435,0.8197837246405497,5.119632362669009,-3.7249299654419707,1.8823531858337426,1.0550725378273207,-3.0851296996894675,13.606969716172546,DoS,1
0.7872646686248657,0.3609332551122576,-3.3124430859512337,1.2650597909596533,3.4468082973138316,0.44279852585896085,2.153023228205305,-2.1771186782300243,0.8622221644007858,1.588711575423484,1.0506763053118462,-2.9969185559159417,8.62878842035569,0.7700118157596085,0.6800962422510854,0.9824919773848058,-1.6831384465516146,0.3609888250414084,3.6169858709067784,1.9292318983433294,Normal,0
-2.842022077339039,2.0294049309027504,2.3466349243030464,-3.7990710120131874,-2.896544685831751,0.349016905641893,1.234388292748545,0.8006840414143896,1.958654794071419,2.151896070435782,-2.0173773848289542,-2.697040923016351,-12.987109069012856,0.6719920113812231,1.928543060811322,0.9548954337230415,0.8248662795033452,0.2338564104837705,-4.936921091745292,2.659875929634395,Backdoor,1
0.406210197664861,-0.8437145443058105,1.1822934392589062,-0.4808904940324501,2.9662959829668036,3.63161394422368,0.5316921170625544,0.9534110709080241,-0.4816686248364924,-5.628188996267454,-0.594601846610061,3.0309866823752545,4.9652484688693574,0.5755464738942011,-1.5972575289986861,0.3760851310011093,-0.3394748611200811,-1.0073004845207418,-1.334467368114041,1.7187445969943156,Exploits,1
-2.6837056636677903,-0.16468781019569279,-1.9495460719025206,-1.153116233407562,-3.3023299091688503,-1.8795139264034446,1.5252073376329558,-1.7251625161620256,1.3298683420109085,0.1475485650288797,0.24155798328814093,2.0899284720641145,-17.038819291270748,0.1784418142130577,1.0555044459267067,0.591095205285806,4.537559703466006,1.8229226161542995,-2.838569669423114,1.8089277801911676,Normal,0
0.36647334348561333,2.912001569022084,-10.448836266262093,1.1069352997300665,8.273273681054345,-0.7551836450962162,0.5674354298404002,-1.728987036723931,-1.077438419030535,0.13894188713491173,-0.7767979226016508,0.4857346634294284,3.632137626557358,0.29231318030162234,1.1642863279190272,6.220127493522831,2.9587271230085905,1.9546952837172464,5.3196311594792665,-1.1114657439503668,Normal,0
-0.7527801405449224,0.050494548461288424,4.112989932361346,3.821371668181349,-3.0156414128214664,0.00989174634625356,-4.95022207391624,0.8729227475394512,-0.1547756739367732,-3.182075831025511,-0.11098553427108138,2.2761201231157555,-5.861989511648342,-0.30342562848464427,3.6300881864483996,-2.028210765696483,1.7324229522183154,-0.4451145386509248,-1.60494131223722,3.6702824338393807,Normal,0
-0.3391873178161563,1.8438301474883172,-0.18101713171823341,-4.249592681493836,0.3046204332515221,3.7547867721822796,0.543885848753177,-0.6441512564364812,0.200124063950963,-0.7806908288985159,0.3039496665758532,-3.7492470829341467,-1.4136079040794287,0.7346197071192744,1.8420940468068308,1.1492610783982016,-0.3260253721273664,1.2203429772001366,0.2960666162682457,6.252289121155515,Normal,0
0.8362857752515254,-3.770857128413073,-0.10381735799040959,0.23135207230596277,-0.7464814264035982,-1.264073184373395,5.6856390108487105,2.745900535633124,-0.011272619114382883,2.2893936840618716,-0.6722294739609729,-1.1562948619022917,-1.8607625508523755,-0.46005857432603064,-0.399929055317392,-2.2815585698198237,5.381924431285739,-2.6562383752768257,0.9436617273780248,5.043773281384702,Generic,1
5.675098190010462,-4.05847807574343,1.2929426725660345,-2.106137604053269,-4.4796080568322125,2.1703287882262194,-4.230591344821694,-0.7313274938478449,0.3482742690941216,-5.320073296789873,-1.1451143029169664,0.8803519136428173,-9.036677348892326,0.2613514372550319,2.768203188420833,3.685000355229201,1.5926455276589266,2.0805453315952125,-0.7903187352769816,-1.3684705185106227,DoS,1
-1.9363477280737746,3.5997090988559926,-5.486867024333427,-0.07880272099158958,-1.3879994727898395,6.019356290433714,-1.65971239710115,-1.9591878107309866,-0.6921889937428377,0.21158068467194324,-0.21452204637898578,2.634551853882957,-2.975376410819766,-0.24878725466627993,2.9587269986703038,-3.3927665260096966,2.498119258275888,2.428820210072347,1.0257922542738052,9.909759280175688,Shellcode,1
-4.906658544025134,0.27638641837625477,0.5152559666079464,0.5804835294595234,0.7588995786454462,4.439351947684835,7.099711755096681,2.597413576774369,-0.5665371616830188,1.6588150090881295,-0.12491746767394656,-2.2800445843815673,3.4645394730245647,0.3198167587532024,-1.4301114727700954,0.8115961021410625,-3.335575291656489,2.082845263569113,-5.32241364837887,3.7958615094182377,Normal,0
5.675771987445071,1.179377557899292,7.764388850637046,6.225088283520977,-4.91524537377789,-0.3930529850388129,-8.32887240307521,-0.2078678287050406,1.317089404222051,-0.785050091947773,-3.4360623896680225,0.12751090763062,1.4768659978492424,-2.1029579005926644,2.2967674048658195,0.32401422912151223,-1.059119227552416,0.4204508516384657,-1.0285795669100597,-5.591440820221717,Normal,0
-2.387804439669581,0.46293130993076526,-9.2571379412153,0.48567528267493687,-0.5374479205571652,2.4708592083080387,0.27246885789378084,-1.7799383126344988,-0.41826717485911596,1.1294437527866568,0.19609694022873572,3.6138585005803154,-6.221922162541306,-0.6705605102890292,2.1748990730886897,0.31693044867096365,1.7445917090959326,-1.3554073518530985,0.4160199315318751,2.8832591378977392,Generic,1
-5.054954294704787,1.6814618443080493,-4.4428994501292065,-1.778646726515185,2.6230902646744494,0.06485770125667445,-3.082786775311302,0.23524690013645433,-0.7399678398989107,-3.9130491419100624,-0.8125845526991459,3.437296078311722,-6.294597819857632,-0.4404013307372619,1.8816616631162162,1.3210775422185796,0.25853045137360353,-0.6068457712934849,0.06785392453460548,1.8739564798681063,Normal,0
0.5408806621602686,0.4492871867234749,1.2858144167822432,4.278607163521696,-4.57816685308574,-2.025160549136433,-0.5008258949105231,-1.276454979991022,1.0444986441418134,1.8919254690350495,-0.7043151487438896,-0.8963002460912683,-1.392616764705115,-0.5296113902524683,-1.5708903392060272,0.6626789856367162,1.0073596129895304,-1.7920493859434081,0.893173256072306,-3.462846182432424,Normal,0
1.4731707504085088,3.5044961653374997,4.236761755267924,1.9451511648635331,0.6836866935828836,-1.0581470951594687,-5.882816653387893,-1.1723341636804445,-0.9822922432374303,-2.2851123849743917,1.0170215216016152,-1.0271343247024562,-4.548780452299647,0.26803353961396686,3.626766514340673,4.173610164199149,-0.7192416382642788,-1.9734233691258802,-2.0729134115598957,-2.888526228092265,Normal,0
-0.08941602405006344,1.9456227135208986,3.4688545400976047,1.7849272011422934,-0.9558081241943555,-0.48133781835841194,-7.24446002565897,0.17553814784405342,0.6256913711088117,-3.06296113422851,0.24107999919922046,1.8389168823800195,-4.493140457633414,0.23026773038610357,3.8053856730000377,-0.4207571878758123,-0.1748165249637108,-0.47393253948848,-1.0842132001221394,0.30701462411602765,Normal,0
-0.6603852241078795,0.12754045340847275,3.9364007624374073,3.66945369723914,-1.3218469962239778,-1.8192057935537265,0.26019812573056744,-2.4358739640995895,0.8041346419162541,-1.8899189143355317,1.5646802578384538,-0.3552191802913447,-5.426353115522129,-0.3271153430915307,1.5371057618429804,0.3797917039757337,1.4160433318609065,1.1084959171771165,-1.8625864836751922,2.3327008984395565,Normal,0
2.9704700906856694,-0.30511075452821224,1.6502725132726412,0.5237703413464906,1.6976579832772836,0.9363524987353424,-4.240959699693709,-0.48582602980053236,1.5884158583330779,-1.180351945648324,-0.5690618332871065,0.5584294840697306,3.116193434497547,-1.067882871540227,3.745052396851031,-0.5040853092720251,-2.7206870477587546,-0.38552837470486484,-0.5734848471387155,-0.38192808605239614,Generic,1
-3.7942522042413964,3.945991463561767,-0.5672621203147901,-2.014164969504694,-0.10258140191284437,1.7107204564029865,0.8965119832020949,1.2971650573774314,0.25477334897189235,0.3453924786877671,0.4179045119876712,-0.18083214785990953,0.42804268860051176,-0.280418167983188,-3.485161132972569,0.48216438462446154,0.028473541444646644,1.1959472006561938,-0.47328429301866715,-0.04089284842623764,Normal,0
1.948220783533797,0.49983527833663455,-0.6163744015720392,5.333780100971136,-1.6786801490765522,-1.5923797318980584,-2.902848841714789,-1.3640463061801191,-2.050293892524772,0.9534640169265782,-0.6970948507626862,2.055085083533556,-2.192271779625232,0.7775357723291906,0.7607955785710514,3.2414046114591475,-0.5201811019971712,-1.203475655250068,-1.559755263681956,-7.569314927872318,Normal,0
0.6342329803228783,2.0214117379267145,-0.9673677152514922,-2.021116598837681,-2.4458385770895648,-2.4919244856177607,-3.3601895066454284,-2.673165886767693,-0.3518024755346841,2.2288811053351387,0.09730282936184553,-0.9803020896375597,1.2728525018194794,1.0180744987228245,-2.387542770092858,-0.534007693030051,-2.180740668680775,0.3749168343513272,3.4712806397954545,-6.037763312342276,Normal,0
3.2984768217177596,0.19106795475935545,4.643209324556748,7.112192546585288,-0.07621546543425772,-0.41357310207651776,-3.8060315795116733,-0.9780980142305367,0.6219137002084548,-1.8540046270547643,1.100927921666182,1.1677504165936432,-1.062816573728512,-1.9173550088067448,4.065019481724792,2.4696151515043367,-0.43520383445840194,-0.6925663948070852,-3.462082798245121,-2.4676951193951773,Normal,0
-0.8699034869789023,1.2090433084341785,-6.390688494344507,-2.325307056374472,-0.4163000730358577,1.0278126264598026,2.6961186380995845,-2.5370588949961177,-0.1774740884123157,3.8462393458308317,-0.7930728171948959,-1.8720749689762226,0.4464529105155499,1.1004447242600397,-1.480412678095501,1.9224206188991988,-1.6407413146095213,2.7432036702123757,1.6909715450030371,-1.8648839104380124,Normal,0
-0.6072092444850241,-0.8460852496066882,-0.9580565263970635,1.2483838788860329,0.08553717645785364,0.7918411925376481,2.6703794269888896,-4.545061592347806,0.19048186908317052,-2.3358201533394487,1.3732288635426904,1.7896960642054438,-7.0217490428648395,1.4912768636064866,3.2420404260012,-3.808850151372778,5.024729882138788,0.7367559576172307,0.45233859583584524,11.922239650205391,DoS,1
-2.4462843937659637,1.4461630456196386,-7.992216513137095,0.6216569132200707,2.5695567253000138,4.2968376301188,5.616106549241772,-3.9479630545547155,-0.47143887390655664,1.1649077095252796,-0.3860977848152785,-1.4829057319630619,0.49725573012710544,1.018075148525606,0.8682079651788199,4.316253892834062,-1.5016686215626465,-1.1608371733509981,-0.5741334248003889,3.787634979154931,Normal,0
-0.4432344045947827,0.3072640863594127,-2.759413913328999,-1.2703442712386186,-1.2271503205660577,2.200271886665213,1.6895000660853594,-0.22716413008976533,0.296817479233046,2.943820367821755,-0.7586611522279293,-1.7243893841942939,-2.3746308190197674,1.40930800237513,2.0223769424474765,-0.8278555769582787,0.5135087968224501,-0.8075813235330759,-0.05817431748049495,4.443285358752924,Fuzzers,1
-6.31924417659761,0.025856565409543286,-6.539376407688342,-0.7246306013596231,-0.2917413624943228,-3.828166874521165,1.7596309443214921,-1.0618335327987884,0.17470964863067906,0.6710613189937065,0.33292272460297095,1.8898174575881657,-14.7369872359783,0.13374242998123173,1.380414186136171,1.618537983374944,3.251129304547957,-0.020650511602989502,-0.3235985152350821,1.3338592384139765,Normal,0
-2.0765861077047614,1.5491846475676465,-0.2721491585718754,-4.433810799238246,0.29845434204675214,3.962235183605422,3.99253598516959,1.437547085058799,0.4845902276849122,2.2929684618114194,1.4834705607162808,-4.936017825167623,0.36750316457600674,1.9735368959351094,0.5082177513745698,0.47733262874215354,-1.289976693711457,-1.352660995101244,-1.352387036108793,6.0118691709679855,Normal,0
-0.15368722826060077,0.382216600853609,-0.06435102343299144,-0.5211949490584187,-3.0674165260614643,0.11307944605075293,-4.308484718532273,0.16276143852524383,-1.6708819397553858,1.329401443923148,1.2016799609999744,0.5889862987536869,-3.7195518366538627,-1.4217454504578617,2.1012772273737803,-0.5561589517104271,-2.579937981943147,-1.6824372693115777,-1.286388048850609,-2.8143690663014693,Generic,1
-2.681445537033384,3.443318779708751,2.166421279786971,-0.1761385997949203,-2.1152606530929408,0.4529923547007204,-3.3208537195977397,-0.6553547015320621,1.8790506238647673,-1.7269910510514899,-0.9257317238634896,2.199058191064213,-8.464559475694339,-0.09426634125386558,0.9155813408732647,-0.8501763915215346,1.286790743797812,-0.07438918449552662,-2.6894901204948485,1.6217937029177187,Normal,0
-4.719197977491346,1.5026947060659266,-1.142202550769253,-1.4901372858158988,2.7206556871924787,0.30953795689851016,1.3994509730152462,-2.0718147834108533,-0.24696476839222972,-3.8227528613456934,0.8986673917891066,2.7688827864007886,-9.711597155144135,-0.7975635293505443,1.7870003893490645,0.36798454605924547,1.7040932484023372,0.5762334538931424,-3.2692333615693765,5.671628087048761,Normal,0
-0.8216698399845075,3.2717328742940763,0.5610148751738235,-1.6917936108385863,-1.402838703158713,4.889196815682544,-0.014555139561553188,0.35308891301846934,-1.7740300267403895,2.235644735125191,0.8238006032644509,-1.772082716498005,-1.329930230104671,-0.016259922350276696,2.5410114579539576,-2.49709064615063,0.22054014613149486,-0.5330168942138286,-1.7420435988115575,7.605547977744367,Exploits,1
0.08230358219535705,-1.67246430570903,-4.3784570154991505,0.21865057671046406,-1.7065311940498444,1.0009191473385919,-1.6257981094101828,0.5058607990067477,-0.19343888045586385,-0.12418218233457301,-1.1810347280068552,4.521723466143236,-6.565739325652806,-0.5265681207175696,1.1250496218512644,1.2125979534468372,0.2556605248276558,0.29507074426925994,-2.3692279287477267,-3.6211268549575304,Generic,1
0.1895515839270805,0.23563301275112947,1.7025107415539518,5.275044951751301,1.5472832420039975,1.7502792033160444,0.05901106372408396,3.881003245226988,0.7469069027962387,2.6215304871613263,0.619530859363748,-1.9003761752146096,14.469920717927115,0.33642116296989427,2.223255167934642,-7.221643811529207,1.7831347069680779,-1.9132721095935363,4.836355375674563,10.485658602203383,DoS,1
-3.790459182454007,5.958500557916574,0.8050764710743037,-1.0776977609584055,-1.8218585045454994,4.553936939158039,0.327673311104725,-0.10498583251345917,1.9011559761970447,2.999276595123371,-0.22113133218871947,-3.2660764296482827,-1.8013769006412104,-0.6067401091062843,1.3123286713664863,-0.8971226332352844,-1.1740311087792739,0.3233842382545518,-2.392223485975557,6.347999611888548,Worms,1
-3.0965469526186755,1.575840241872975,-2.202613621092623,-0.3187443344322365,0.024995942447331387,-1.9474242749960864,-4.320679044601914,-1.164126405810049,0.41596437633711586,-2.5536096229460052,0.07389555010360419,3.3130636180857116,-8.741391867084426,1.610028715740119,1.7495902566809578,1.0771360781666715,0.5043945372212764,-2.3855541430658236,-0.4487055353189724,-1.4396500677601294,Normal,0
-4.740782499304836,0.647603964218179,4.142779001431519,0.9997855697670214,-2.842451816090729,-0.7717164034412825,1.6214878965499655,-1.9024926199176666,0.23206516781555983,-2.379021541171588,2.24440673789221,0.0026473790402126163,-4.549898062657958,0.12992739205381387,-0.7421017342780623,-4.661047225484856,1.7278729022736434,-2.4642720517314447,-0.3650804265908937,8.196169772165042,Normal,0
-1.837489204183806,1.0353715764569142,-10.302202152091118,4.0402359509526855,5.847715729528052,0.27261100596151855,8.5934384501608,-2.6086329833105095,-1.7427358217747526,3.3666833779020306,0.35128521845423205,0.4992801594400149,11.331548971106294,-0.06564738490962613,-5.208101144298761,3.847693637490697,0.2921713110771502,-1.8351183421071198,3.4607328555421333,-2.9329626477239743,Normal,0
0.16864876371229442,-2.146004990017897,-2.580983004695892,2.531149322475491,-1.3865130834397927,-2.8216737995926033,-0.7122298932698982,-2.2492676293418716,-1.6587980969520195,-2.563043244951933,0.9077639979692536,3.407919552680695,-10.861654239171854,1.5581663550129459,1.6071246048338919,2.141889257912246,4.153249781046131,0.3973467265388707,-0.11336380825957715,-0.88210506922177,Normal,0
-3.9026261387735652,1.5098877943819113,-4.3870605218914385,-0.35260056095025516,-2.552198932721893,-2.3982921061139937,2.8015875774722656,-2.1109819353293005,-0.18868504821877893,2.2219406006333893,0.4327767783660504,0.7394555841512068,-10.28315383955091,-0.19435784667577463,-2.3512274403970523,2.0849468749790363,2.524335227812657,0.39883073120450924,-0.5387063365526581,-2.3203156164622585,Normal,0
-3.8498714430853473,0.9329494466644968,-9.138982795630117,3.4311619288148734,2.110147885874218,3.1073028480310816,4.3580495285868395,-1.573125940883651,1.2239212900977352,2.9246914086330134,-0.33698833407469264,6.172439036045141e-05,6.7348422573874185,0.3521924646437224,-0.5892175336723239,2.0854050250558376,-2.8995904700173916,0.15896068611246306,1.1881523885164786,0.9381910332592824,Normal,0
0.23026168605449926,0.4058231203047089,0.13418768490122784,2.9150425219115084,2.592168369123369,2.444828924710505,-1.1432260619434298,1.8123251385106212,-1.2566656386173585,-1.7274158828407926,-0.02256011627592551,2.0788066750847216,9.801589010204967,1.7418503043872786,-0.4876476062061992,-1.3434531918839085,-1.1261224432635952,0.26865080983501094,0.7970076926328438,0.9660456283218772,Worms,1
-1.7277909507263765,1.0196726448516482,-0.8723174916078809,-2.2373053444172153,0.10364022127780714,-2.201063321616667,-1.8586785831437602,-1.7623984790566602,-0.09598509598021387,-2.2008999421613726,0.6362026594027826,0.7369355607065609,-11.562453146940637,0.19963929230287222,2.3638106126976046,1.3673398662023037,2.772433813956547,-0.619073100430896,-0.23131992888002206,1.9722098972928361,Normal,0
-1.8654587919375056,-3.4172590439839383,-9.266137258741512,-1.092039546663862,-3.594045921477369,-0.1621549214147635,1.7017005592799377,-0.6155971200060733,-1.8793847057314779,1.5077149547790336,0.6660794804934665,4.58523194807656,-13.042431403627736,1.233551713168691,1.2059484154847375,-0.6191907691343563,4.302550236140907,1.0720990979777407,0.26303660650356586,1.3983869988048088,Reconnaissance,1
-3.0387762122783704,2.299420732256938,1.7644861667353275,2.169406545843722,-1.7973700252821265,-0.48215726304043993,-0.7757155169135541,-1.0022648457407646,0.4342359392005308,-0.8870954079096621,0.028188283437192065,0.7593471102643616,-5.3485823126137095,-1.2812849199958405,0.23822377339341605,-0.2567370640563744,0.9895396425175361,-0.5478328533149631,-1.7613566131367007,1.7058782135715318,Normal,0
1.5056291633103633,-0.43720755022382995,-1.3402879835462795,4.795041713765131,-0.28249555860234343,-0.9904774492895553,-0.767832161676703,-2.426555029903856,-1.147155377478833,-1.3739859317903855,-0.8236997751999194,2.3934672003303774,-0.6779584391044008,-0.735570445980655,-0.6883076077707893,4.167347665942936,-0.5574565659408897,0.6006523718867851,-1.1545083227276387,-6.6446897815354244,Normal,0
-0.2506032007402812,2.2219736820934113,1.5571051023615319,-3.065232282742783,-2.237587411256831,-1.9952417149670496,-3.3484182096633472,2.8251666381785743,-1.884254672960543,1.8919234243241343,-0.09403632704997637,-0.5375864525156484,1.1526884737620395,1.1709677668550098,-4.087558471240358,0.3653148317989221,-1.1415308998459022,-0.22364424165441577,1.1815785612094083,-8.133323979967104,Analysis,1
-1.381447335111214,1.0601978038459285,-1.2161806153105887,-6.165505926434161,-2.958089095133572,0.8339343826328098,-0.3636944287946732,4.006847005547986,-0.7417966281604467,3.774456249551697,-0.25979347408192577,-1.2056515743868255,-11.741038964081692,-0.30165579560793765,0.738195281380067,2.4094431381318198,0.27411688769679343,-0.3270846279270095,-4.348179341153123,-3.3528359209594827,Analysis,1
4.38725488974408,-0.697447163379767,6.2699436826648585,-0.9462948964119859,-0.6175372399048191,0.1773683367122718,-5.720072355961561,1.5050445201763512,0.39935931289665577,-3.2547195793593127,-1.7239800295155434,-1.2163226037035013,2.8854560401155154,0.45918055483258596,1.2444020846512895,1.4366926971731182,-2.4600515569850456,-2.1847980018276596,-0.38657685124829166,-4.022168474731059,DoS,1
-1.0586846497868831,0.16725397089240457,1.428644457277692,-3.1578608614388344,-2.4048806791042274,1.7788548535612136,3.6502317912082436,-1.0887241356648112,0.1818810052390528,1.208118264872563,-0.39006124980994183,-0.8843981464192464,-13.289148597032133,2.0779316416048315,3.071431834452083,-2.3981120460852687,4.223252029751475,0.9585931403453417,-4.072706072787343,9.503344383789475,Generic,1
2.708996596038706,0.4130555375131285,5.8435283662375515,3.0377895773990353,-3.471344702581374,0.6276491075648838,-5.890154469571311,0.27691032723397924,0.2509808690711624,-4.024878144272993,0.29248747958499677,1.929529628965435,-10.133642108781284,0.9404000660077916,4.642305641963329,0.5834184652092366,3.540087950014822,-0.930580804964575,-3.1728797319850246,2.2679332744291836,Normal,0
1.143879186324937,1.3418382564286189,3.771346388537206,-2.786281127085867,-3.9514617407397834,-0.17790358255149563,-3.453441943043836,2.015645439116451,-0.1024996876836148,1.9772214952026412,1.009788345047935,-1.197406818343708,-3.3793481780980295,-1.0419326687783514,-0.3261672816430381,-1.049004407316956,-0.6672853699160197,-2.268739495866622,-1.3372795669723838,-3.1983491595992897,Worms,1
-0.6800458521880218,0.2368136367575704,6.0122941163643615,2.061772467837402,-5.029580952492342,0.8493617075842894,-0.44106987903559014,-1.888537989097087,0.7403211861820447,-2.7524388857460798,-0.8846113036358534,2.27411057357647,-8.713914342244033,0.439300036738925,0.10845144556542352,-2.782528151981749,2.293117585176871,-0.1973137533860654,-4.191896128351333,3.8524676750061677,Normal,0
-3.520946999763469,1.8324903651165374,-2.6470510027454845,-5.357538142843358,-1.0017587836885475,4.563782125586027,3.222744903167368,-1.1376985112958518,-1.1333707475996242,-0.5309737992678314,-0.3320397503700924,-1.683146655060935,-4.115444862888125,0.1570432301206552,-1.2587496952436337,1.4455489348086965,-1.3474394833421912,0.5081148671776249,-1.8310911002664927,4.1481414662454235,Normal,0
-0.037782787949918184,3.360781924404277,-1.7322675837029462,-4.098824404734089,0.6071545347172462,2.6048357031262994,-4.066605127172241,-2.7256329305510505,-0.36215583285410263,-2.48161929637406,0.7258416701335668,-0.8344892023479172,-4.534090178442486,-0.020444098687737673,3.061924540623595,1.1672511558528018,0.009312237278660929,0.22129044685084953,1.4006791818660376,4.252902022446684,Normal,0
1.4207218314582288,2.3687646200480024,-8.589699707846629,-0.7701959794522362,3.9929137281959797,-3.245052559911721,-4.1291255898115615,-2.5425546189040675,1.677481077398,0.6911240831235309,0.5097397283165505,1.8811021335535996,-0.29200737263746046,-0.2975389585302558,0.4185579456191264,4.2807691634153775,1.1764317331833145,0.4949678233914439,5.474196058952909,-6.957686364774333,Normal,0
-0.5674563657356038,1.6373271709444177,4.34932371594579,-3.222098130371424,-1.8330196247712773,-2.0518097236955324,0.009920818504850437,1.2448301717154857,0.5983889067843892,1.281633940061332,0.322898686169141,-4.40154594943724,-1.7379218453893504,1.7278751797775054,-1.6692911941462545,-0.12607324293447086,0.6536657821614568,-0.30104479711349136,1.0104588792355118,-0.052394875055473966,DoS,1
-2.2741123733574513,0.8055041338102422,-6.624537802994378,-1.1902707467171882,-1.6264856059790498,3.854370518832638,0.042660181569531996,-1.3592837864341782,-0.7615573364668129,1.3797759114126695,1.565280458096932,2.3114366045825157,-9.082448937051607,-0.22097737390967315,3.6885769433266646,-0.06833725154549719,0.7671936705760266,0.05376196517548161,-2.1784029410536303,4.667111458617727,Analysis,1
-2.9844131902359052,-2.45398562526809,0.5394669593243313,3.2420575252079074,2.5716035864676643,3.528078408743739,7.390513432129103,3.596191498099718,0.10621726392200276,2.700214490711324,-2.1016926478173197,-1.439234672646844,10.252474343728261,0.5129316405480331,-0.298148054137791,-1.5754395649665143,-4.2720248496865025,0.8914888436658108,-4.286288867644661,3.745897485129741,Normal,0
0.015271713995544056,-2.262099832799833,1.047234916152465,2.979091999221331,2.1867406037977637,-1.8200669678904338,7.4186970281095315,0.08021061643138605,-2.009216539117004,3.2170978908830556,2.0341889257906116,-2.249807734502829,11.414558578053994,-0.10176596099376436,-4.958695008669949,0.7102679180626678,-3.3482893821636743,1.2670730034460251,-0.6754936295269378,-5.03250096002429,Normal,0
0.4857057637958322,2.470145697807803,4.115132954060882,2.784593578581789,-4.46888765131635,-3.1497975841976755,-5.2601160409638545,-0.9867565750621436,1.5421334540894287,1.0838168723363255,1.1594979535736338,-2.6553451153426484,-1.868732657315422,-0.53344027016372,0.12523829843636047,1.3993796176017108,-1.2764179990373758,-0.9915635600467156,1.2448878286461582,-5.256233308827149,Normal,0
1.1432084216018275,-2.9856959819564355,0.8225768426707177,-1.8431251855525814,0.8168660097162088,0.9371829277865671,2.8206472597191343,1.8594012628555485,1.1103101279378655,-2.920119131544258,0.6300845249015015,2.327167166887194,2.2484563193504075,0.6583319793234645,-3.8638050914784685,0.41951970745495704,0.7995844977592689,0.4104222749050681,-1.0911016891004333,-2.188038294365772,Generic,1
0.7596424979886232,0.2638725720158799,-0.37683202804105664,-1.056589705623028,-1.3693507567679142,2.507592536530412,-0.30705622442911584,-0.023376847347485352,-0.037525029994255915,0.3832832310533191,0.20295997535109142,-0.16771990399346826,-3.9612013431084514,0.3565419827267528,3.1124675184372377,-2.78183491003396,3.1049851589277235,0.5696443121930809,0.3338362391266987,7.839099037770804,Exploits,1
1.4912555916513712,1.4555946090630798,-2.9040937196117507,1.1960651545054963,1.8080163010595869,-4.578886932143937,-2.279354817324218,-1.1767156504060299,1.5291409496859902,2.270695244921856,-0.8285586812225817,1.9669200156574393,2.0345400854899705,-0.24423163189471098,-2.462858183790872,2.1780515941417846,-0.32524919986971,0.4256347581359233,2.177161812599822,-10.474165027389144,Normal,0
-3.226837806216409,2.6487064561392595,-1.2018787904780819,-2.055677321881909,-2.2464681442321814,0.4826002395493787,-1.1379965686784397,-0.5020106193179424,0.693013719684713,0.22249174382127435,-1.1019098449744804,2.195017719089465,-9.4242809023281,-0.356756485766788,-0.19710589121487043,-0.4804633459253844,1.3088211051139156,0.06627506608256131,-2.373832561218606,0.4595295373127537,Normal,0
-2.3629755781869775,0.707241937325677,-2.9716846954603566,0.98856741760964,-1.7681863227709078,3.9479900035925612,3.0080266320526907,-2.899553023158227,-1.3711334106862298,2.2004109393088664,2.0937908352902785,-1.4920252746953182,-7.288863091817135,0.28362428865044575,5.268602683410494,-1.28630581496676,0.5498334740231341,1.0144967703228884,-2.6396360840455255,10.434101179309128,Worms,1
-5.038837259061827,3.6033379307553792,-13.97441794186848,0.6808714061854089,1.1856409782619077,5.229098808870962,5.043461761943542,-5.402579005603087,-2.021161759965521,1.6454887056243641,-0.8273568981546813,2.8480764914846617,-0.24290570208433948,0.5970756919475536,-2.632872885431083,3.5459440309217496,-0.5861835408578118,0.08264044798159674,1.0895073513120843,1.2763648906632596,Normal,0
-0.18718587788016583,2.6678853581045185,-0.8193765154550136,2.8024509493691148,0.7718260754392636,-1.0541362926714035,-2.9904831540826184,-1.168798756064507,1.2031772432515964,-1.2812361024953323,-0.04734707975579085,0.7485809965237202,-2.617280145162192,-0.7082341265480232,0.8750653184238864,3.915817202571877,0.6582049822202732,-0.9535790950162043,0.009535745362915016,-3.372482324666351,Normal,0
-0.27500196579590563,-0.6131179367101733,-5.450355485078089,-2.7106740276225114,2.042418483741266,1.7479826398411107,1.1480279097691029,-2.4043734467157574,0.43051347952881786,-2.082002905393397,-1.2582926205241107,2.198812449916095,0.4464700308483268,-1.432838696151378,-1.166814685468758,1.209516264615171,-0.4857796087584191,-0.6621461519194501,1.3937293775855202,-0.024918157453189815,Normal,0
-4.697767600450129,1.3452619966662998,-6.20231739367946,1.7186272853784526,-1.363154422369286,-2.9716457324994123,-4.250435698231017,0.19733804386147402,-0.2225909840039387,0.10281923992367092,0.4519549545219488,3.6635592775134413,-5.355001525998642,3.3482071855389752,-0.08508824357518519,0.789947341145099,0.372893749406081,0.5474127920641301,2.4371388867610793,-4.207815928995126,Normal,0
3.052917373910195,0.5826967508152066,10.924248176944431,4.193900435273648,-3.8840261396086118,-1.0659710088343226,-6.420030327422857,-0.9516570379003307,0.22977676033491254,-3.501971938942038,0.42877182098914957,-0.7161683561147607,-4.980977999194408,-0.1736933755109449,4.859882811750168,-2.7518636831325773,1.5090362588535728,1.3170219744805909,-1.9729718813706771,4.296230354693867,Normal,0
-3.1938283894451387,7.330504482181584,-16.28797977776405,4.528786024420132,3.750722438689189,3.019036989623147,-1.6731927110615048,-3.928776209885299,0.34764358812152774,4.806063644462589,-0.6748970718948093,2.3697900559929006,2.8571030059269873,-0.19783189111047741,2.2901076046704265,3.3225073265749376,1.5820684149192425,0.009701291631568444,5.624926408311337,1.2427595905137507,Normal,0
-0.1663941684823469,3.4005691850092425,-3.634566074969261,4.052925422552184,-2.8514881522622177,-2.8588871968809215,-1.8989331861034708,-5.7855649949063785,-0.6108239556042889,4.776675005694149,1.9327958553329974,-0.19056552668166526,6.5189098241922405,0.49576351233819826,-3.738883115513959,-0.47475882068007835,-3.506614415894986,0.07018599977836278,4.368644928237879,-8.260389591460507,Normal,0
-3.1673967025364105,2.3517075214422674,-2.7335162581802255,-1.5079960873796852,-3.6538241186652556,-5.5151162923260895,0.01709394753561644,-2.769842803767008,-0.17918524651344148,3.8511523836282118,1.6081915062900234,-0.19384427893558254,-19.453912976013058,1.0158759383822198,1.002945300340534,2.469162466101814,3.641958042073894,-0.23476092886565955,-1.856133023755063,-3.4191569445167005,Normal,0
-1.6558200205734734,0.9817405553261418,-3.828864466777423,1.8219850954841172,4.801563868392844,1.7326001887149034,7.674890390883601,-0.8705316797907605,-0.23786366688575908,2.96330518972204,1.8576972728134695,-5.318625069885602,13.92523930172015,0.020072285110234334,-2.245086059369454,1.3994917139712753,-1.4942652996639931,-2.1925688594329387,3.8171422734054694,4.483398911806837,Normal,0
-5.250358793542834,0.3632229376884637,-6.055436608053043,2.4751884702637357,3.8320396840929245,-1.8515526084225786,0.5354910379673079,-1.6036227110695798,-1.12314789013217,-1.542846125953984,-1.2063007031518125,4.319561573873639,-6.001548002980842,-0.40241820770202047,1.8189456261113734,2.7201545319646745,-0.7910013233331612,-1.0071781140068858,-2.250666249924409,-1.4716697229067686,Normal,0
1.3461924716945886,1.6327257524284406,0.6103158014800277,-4.0050898077331025,1.8787566220655236,-0.6894252025716838,-3.0090674314907435,-0.9725836829369685,0.5372156376099616,-1.628690266256128,-0.8377302342124282,-1.8006680108180624,2.199069074276251,-1.744257680688982,0.21000967520584002,-0.24008974312862685,-0.012219475057074103,0.8892598914444626,3.8022067065389886,0.9923776946355448,Normal,0
-1.5092141050373513,2.7974615025976477,-4.006516304905308,2.1975491076630003,3.724323008562855,0.6420229338568956,2.0259986079580528,-1.454992741670929,0.6956768683571586,1.1003558113924723,1.2092547338496613,-0.734866153107891,6.346688458795365,-0.7544132445807141,-1.1357617616321423,2.131939032416339,-0.5078622482325947,-0.554901019088634,2.032190072446984,0.04450534801579786,Normal,0
-1.166257441865987,-0.26378599721732,-8.442669270204151,-2.7362424378045542,1.0463858342532135,2.862998449451467,4.862877992977799,-3.3163940641045793,-0.1621833590342033,2.304594951866916,0.15052904607162124,-0.2003612327430333,1.932460364847823,-1.973540909993849,-1.5855078775259768,0.8993059503131068,-1.4001725761399326,-0.2523958693806078,1.6705905057930257,1.332394486376733,Normal,0
-2.114385897356815,4.071918608622648,-0.046179228062399824,-1.6670036401283526,-2.0907588411448055,6.271750493238249,0.42906597174050276,-0.04949283008951255,0.07781134659300742,1.1204049602503439,-0.21871045972518305,-2.381927744715506,-9.068869594562102,0.8397346679891476,5.457096547448038,-1.2717020915670152,3.022395764030313,-1.2020834255003308,-2.986453288739548,13.240638600005363,Exploits,1
-2.060963114119186,4.113330153947533,5.518511431868189,0.3129162023331362,-2.294636493269505,2.122739680209592,-2.764183107524286,-1.9047737148605983,0.12729148254837966,-0.17955440140707912,0.15080876862502166,-0.983778336894374,-4.723609339231219,-0.784302383914719,2.9041317629393255,-2.2193590487765773,-2.165337443721762,-0.07073049409405481,-4.32273100817263,4.484163806118083,Shellcode,1
2.1562159315141325,1.2937571273832538,4.951123627072371,0.14518801210168952,-2.271057789180018,0.7911484541009228,-1.6596781671922993,-1.5878259801068728,0.6253880055057691,-2.805573214640699,0.058566967681915515,-0.7338796924610205,-4.467421457768143,-0.13118278586532287,0.6321406162407062,0.06365388493004187,2.829967273657571,1.5580987853339394,-0.6249243958594554,3.0840449497303632,Normal,0
-2.726965879402045,0.7824195494073036,-0.9586219639390352,-0.5110844898479519,-2.3056101784798013,-0.46555395106345154,0.7269593666719081,-1.4118858473453428,-0.37154133777271353,-1.0276176289617855,0.2927600209148427,2.046434678626424,-8.542879312395929,-0.5316255881772537,-0.7316604165361746,-1.0190260830151936,3.075308941465418,-1.6505750599666542,-0.7296131904278819,2.6374100823765527,Normal,0
-0.06585122208568572,-2.6675322927500096,-6.435083981658173,0.7255367643867531,3.539669196566514,1.9945456517886568,3.9227153242804276,-0.11454487191470841,1.3216428012500598,0.4883826450241391,-2.691199756059211,3.09744044968961,-1.7118512961631824,0.46181120519539837,3.414100560509395,-1.864979717155058,3.424691554305579,-0.4526603486174537,-0.044572545456209145,7.5116275939686385,Analysis,1
2.3649112666326224,3.7991848237397976,8.364785231620022,2.010892673366259,-1.434655112037935,-0.34434637659380407,-13.902294719873392,2.192154884513265,2.011491112588921,-4.108814243465437,-0.9578064351337342,0.30273773448269736,-5.287631732718691,0.03564679076343017,8.048559267010175,-0.6266900685705157,-0.13064666514267698,-1.0447855375654158,-1.0364679968423218,1.3375298570719518,Normal,0
-2.5949108311809232,0.0412991034944703,-5.451501033468454,-1.6052730514593856,-0.5522049755436744,2.827200411666271,5.679225942009474,-2.9736122825389906,-1.5509725654172264,1.7807863054677822,-1.493946101731796,-0.9534080967878242,5.366144743368192,0.08457422225945421,-4.301077501782013,-0.08962230180847963,-2.7152920778302025,0.39096410303736256,1.5127758953929642,0.7496345065543035,Normal,0
-2.4157090832659023,1.8149209321694333,-5.5413600070223294,-3.3317955130862327,-5.739439762317295,-0.4624928253446906,2.899920584066495,-1.4346285615461345,0.8646224253864991,3.4969289959313787,0.04616237177802067,2.1170996106490545,-14.688723228427055,-0.8363020786520318,-3.9117961367547363,0.8869494377023979,5.340057692138034,1.1579799736368765,-0.8565057271184262,-2.2757189716010044,Normal,0
-1.415121409227055,2.6497285179483003,-5.985284811185862,-1.8776749577343574,2.2343794828925674,2.059886678207804,0.5807256911350215,1.4612120865699012,0.2966507616578671,3.3116070160628683,1.3822390636226343,-0.8926365864564154,0.13419195165542552,-0.25260598723733896,1.2753762873402517,1.588705732679085,0.5903357427819991,0.4548977432022152,0.9889783313483367,1.367574271144286,Normal,0
-1.1034597638398602,1.3971982671375702,0.8259734994662462,0.6997864675904598,-1.6205463803589484,1.6843735843138727,-0.7113196013827777,-1.0140639930387472,-0.8968063786658277,-1.5619742080002015,-0.8724334411889024,2.440493630740327,-5.694800800978922,-0.661283338564009,-0.20923856559645726,1.4881998959823954,-0.381254829755715,-1.2389221517644493,-4.156034824843835,-1.5909650133544502,Normal,0
0.5664647509624088,-1.415204911456958,-4.3813097899404605,-2.845492627867442,2.906914741348729,-2.8689407549270927,-0.08014231558720386,1.4137958076069195,-1.4104987739842465,1.6566406294865619,0.5849053048679346,0.9404811992310864,5.181005001745171,0.14822465802930038,-2.5748251074639956,0.1846393877799879,-0.9881653134350661,0.41329539261685405,3.625024590149854,-6.1410004245734475,Normal,0
0.7105107273536496,-2.4877958783140386,-5.347300806020577,1.376561343107476,0.1794517193665648,2.1840109298886206,1.4938110805224836,-1.0715682850252066,2.0217874907996496,-2.1833148864164174,0.8882547981923957,3.5248748899078204,-3.8801495813721587,-0.8812509441721483,1.553199807875245,0.5492905129638386,3.577656939932127,-0.3025799046740288,0.5735340841446448,3.9159147993159573,Exploits,1
0.44217608618279725,-0.7368603126709325,-1.238195631001788,0.846140665888287,-3.6010201343765966,-2.110845514079702,-0.2975710961892305,-2.600464480214618,2.246873118376549,-1.668313391693465,-0.5625906916806249,2.8089879120486994,-13.483078287474372,0.2339680303023632,0.06537524488033775,1.7518419019679108,5.169794461461624,-0.8516907263409009,-0.8487209207679356,-0.9742019605218952,Normal,0
-1.087366005244533,-0.041543317449074024,-4.195549749621554,-1.26472025578069,-2.033768115460328,-0.9946218666869662,-0.011956229204942437,-1.7549125240843702,1.0318168342239267,4.319818227951503,0.580701836897825,-0.6502065343513213,2.7401248807923055,-0.6642710100718509,-1.8115534690615651,-0.8124922877782979,-4.255808596857097,-1.6646514582806153,1.689370839904348,-5.262507396988619,Normal,0
0.3467909122016284,0.43928080671627745,-0.925606085578383,-5.73574003654886,2.9846278385665594,2.1504084851656957,3.171053661292482,-0.1469736370818273,-0.17967304371642964,-1.1281147935202966,-0.11833634492132052,-3.621357241633176,0.6601932436794195,0.4423847232745611,-0.1784730895789166,1.8509684270077342,0.6953171582129767,0.4474943362572483,1.2558439632870206,4.704787255912131,Normal,0
-4.802235400548101,-0.11177568230474666,-0.4281312161334334,3.621350858359664,1.5420957189700515,4.576372504075527,8.50460933027109,0.4123996178395204,-1.7456055355141646,1.4545287599251906,-0.030471507424159133,-2.167240700409293,12.07864896017599,-1.298432941562135,-3.14134087605843,-1.2068215812347716,-4.234815864138712,0.8453103293794513,-2.141554520995623,5.304353484433101,Normal,0
-6.652140539652017,0.9007675999261342,-6.038229212581402,-2.6318173755422443,4.411049769198584,0.6973999413217438,3.131154018271463,-1.4396224451304067,0.21285226716268413,-3.272007995368987,0.2776193401825285,3.111921426484435,-6.382323240666895,-0.2965163176453249,0.00954355758517389,1.8581181867231193,0.07771322762139032,-1.06986580766092,-1.7988078593330912,3.56853214957193,Normal,0
1.3628564475680003,-0.5212357535262312,-0.6874359799083921,2.8860258137818597,-0.8871117278684982,1.8424651318732925,-2.3630607214197,1.9742318061248532,0.4760348087964272,-0.8346952097145323,-0.14674457289483578,3.0770028959968228,5.238198572736756,0.8865805647397281,-0.9978570946396732,-0.8841581488685772,0.05398577307606023,-0.09163078436422253,0.7071783214517574,-2.161333197326179,DoS,1
-0.7431336236245809,4.250491756379255,-2.4111292883998274,0.68719249396845,-0.2657416586029888,0.8583224338903284,-1.328870292709096,-0.895457353145809,2.8975389901219346,1.5087460674430888,0.4419054540358364,0.5758049535365103,-0.6443827876191959,-0.1255575207095274,-2.215322273258009,4.391604965715903,-1.3534058072636896,0.4040077867516252,-1.3383789846221903,-7.0067676971670485,Normal,0
-1.9059662883865442,1.888990166787436,-0.569543799580849,-3.3790443566186017,0.37461341870014075,4.1946070741670605,2.030229261020446,-1.4561756329412512,-1.0926388346423177,-2.047913075068273,-1.3801238797347277,-1.3026422639083928,-1.7104829973950628,1.9596915005941495,-0.28412656715190354,1.077723668029884,-0.5993937548409464,0.1251064517311541,-1.3337273261011342,5.137022770614695,Normal,0
1.2007838506486785,-1.0792269980079179,1.4412589515407292,0.6245659229609779,-1.9493369702918595,1.8796576449610676,-1.6438035285460364,1.5919871882038403,-1.8232966664027699,-2.2245400178550687,-0.6308663046032944,0.9602236343195378,0.09450441617399086,1.7636262002007375,0.38971919529849175,-1.1160302506480473,1.7720154909115613,0.09544207786332265,0.6107373697748221,2.586295426299108,Generic,1
2.2227509996855757,2.255387524724083,7.641907112709797,3.3567129956706636,-2.6788982499394267,3.2152457076807357,-6.370700040833764,0.5827026524185852,-1.8862155652178947,-3.3163917245743058,0.40625298273216875,2.8470712560255986,-2.423552937460654,0.16012206766274562,3.2335584910025803,-2.063268939002443,-0.031119324054449393,0.44090136349249903,-4.664574231320417,1.8937329869182327,Normal,0
-2.422876463611038,-0.5540438270882748,-3.096719204751612,-0.6918782107264048,-3.445664154796624,2.0795257975758425,3.06966607684239,-2.314702240508381,-0.35344077308923394,2.413780942750022,-1.1150847773304218,0.9801338620519622,-14.757412785257257,-1.0500244746968712,4.070832251299882,-0.7291353746505658,1.6911127939932011,0.6415922695974778,-5.118972350524643,5.970074030976101,Worms,1
-3.606263694263129,-0.8703291990047295,-3.359042533067813,1.4720764862080586,3.4232708551148816,2.6828133811927413,6.959877312125991,-0.6945026962141218,-0.3386227760789625,-0.10591535945928432,0.24924988204345938,-1.1703627892359245,9.411711095862005,0.08577075622153388,-2.686153539457755,0.943929934039173,-3.3150376042285554,-1.9996228847982345,-0.11098673371290979,2.7036057597416474,Normal,0
-0.5823586315712164,-1.549374313776635,-4.0346694640609675,3.577168270075697,-0.756848246585528,4.982988475926941,2.73958872523322,5.263795473043567,-0.03455300593868357,0.0784641588068471,0.3792717404439695,1.9654194930885183,13.526314418274259,-1.2028123585469184,-3.2379278607335404,-5.538078368058886,4.998052553318365,-1.932036950086159,6.330553264158525,8.908212153840177,Shellcode,1
-6.264955452932015,4.858130261473527,-1.03512531246287,-1.937947653560348,-0.34175846397795584,-1.4467853626426406,-6.981956740454145,0.8874243690664563,-0.3044852815097398,-1.3994894065529901,-0.8583875339011758,2.696504941094011,-11.395338373558392,0.27866845619765995,3.4297947048980943,-1.024411210266905,0.36296195032533185,-0.20352239771808517,-1.1525943257634672,1.7368493189475567,Normal,0
-0.972168257082243,-0.24610179023776046,2.0387671553671627,3.733072031935211,-5.269662649195448,-0.5394285761896644,2.758167911543492,-1.2956799946122786,0.3649028563990718,1.248534158076347,-1.2988559037700649,0.0565255624171872,-5.30669296895781,0.5749789386832206,-1.7490981462122583,-1.0870621193564651,2.881580488122804,0.6337653673765664,-1.4939543838200648,1.3982330077134069,Normal,0
-1.1814946850763859,0.21134227532863736,-4.065912382635282,-2.973964295794868,-3.669001201423591,5.041413781537305,3.670468863765453,0.6825371623088128,-1.8920862872326545,4.548705519589426,-0.01450148280422892,-1.1717067646043962,-12.102293037278535,2.098598781639399,4.383865948082848,-1.2966635813218406,3.25023595669541,-0.40674045388543,-3.789441272754921,9.265831487897325,DoS,1
1.4466266161558026,-0.7083874546219319,4.378678028729021,4.012976081226185,1.5147778521621218,3.388483743498954,-0.5600912777079435,4.079160016082749,0.2699637940215828,-2.2196000017504685,1.3140476234840983,-1.5894766494256105,19.052086935463976,-0.41836502398950526,-0.8305632103660363,-6.021599451360027,0.866659968665612,1.109663663601451,5.700053271016549,9.171587639112387,Reconnaissance,1
-0.9342844557367305,0.9325323553425955,3.2456816352669087,2.587823221708574,2.0062294614284557,-2.791878481652499,1.4153264636833858,2.8295550666453764,0.4755667937267445,4.491234856639025,-0.3191702171548069,-1.299116913350396,3.1385963081385473,0.5302076068713477,1.6014368856213765,-4.555872998280401,1.5591697020011634,0.04403432673074835,-0.3802397928477441,3.488692195553056,DoS,1
0.14951772265479257,-0.5874906431604298,-1.4036604853243404,-1.2959358400942227,-1.4188034147477715,2.4552306416658647,-2.8428187360035566,1.2460774969082085,0.5977153154262959,-3.0962159976118064,0.17820680497499222,3.026552201203887,-2.313182832437791,0.5011987056892226,0.15248322088369215,-0.2594559447243835,1.1074371811023394,0.1109277775185076,0.24002983895588614,0.7904471633471454,DoS,1
0.9567791250398936,2.229944607300057,-14.432936980297647,-0.9948721329381073,3.907279652283491,-0.34459187717534334,-0.7315170038705712,-3.3614106758884885,0.43766355677731045,4.7832772795991545,0.33304679615941246,-0.07679489150880192,-1.2030625410633846,-0.45888309432936464,2.8780822014042355,5.144697059851418,0.8623874778081779,1.0118431000426658,5.356590693218889,-3.184764360213859,Normal,0
-1.7275008504732565,2.503584831368449,1.537460953586192,1.9959111053415115,-0.5898443858506114,1.5094378959180013,2.3835978586566453,-2.953130433802508,0.12432700862847032,2.448478246670929,0.8583846974345173,-3.030261868869066,3.09214184654402,-0.6859529254992673,0.38359309820838416,-1.049497914532311,-2.8444638565405604,0.27859233483701573,-1.3101032144888494,3.319210714046775,Fuzzers,1
-0.2023600969459034,3.5153831489857033,-2.9627940382194264,-3.2517786868720355,3.5681202433727153,0.964186225982759,-1.2357285497827288,-1.215112933525493,1.119761878554883,-2.06704077698181,0.4124529289106525,-1.520386579005804,-1.8563149289819343,0.9569017644237401,0.9049904653849334,3.8073860082841793,1.9648645287629822,0.2548178757244813,2.5158922793403677,2.1575135187348935,Normal,0
-1.9897430166841754,2.1331908592193507,0.6056394416357791,0.9401452612713178,-3.9337297410073715,0.3760554436756649,5.39034522866215,-3.582637025997826,0.23613816092522313,2.6299254892144726,-0.06380455772744412,-0.2022266496130094,-1.9251517072104465,0.04740355061146023,-5.911387087635115,0.12903326314315833,-0.13989202992523242,1.322458641608277,-2.5021374385572694,-2.8218876873116,Normal,0
1.5441995215953361,-2.6256448379822066,1.1915975680251967,1.1626033996942642,4.050479487759804,0.894409034502915,7.965055681661418,0.13343854546651546,0.8226395350231324,3.173664273587799,-0.8139959450130251,-6.928430826157662,18.333355902946057,1.0711133698724304,-1.609619417653357,-2.0227450036446344,-2.930640668216367,-1.0562928133747795,3.8587264547158284,5.494998921032905,Normal,0
-1.1672915531605597,4.659757457214395,-0.655205968425818,0.2316306125094021,3.907760817041866,-0.014141032049195257,-2.9656428852024597,-1.2419957798161405,0.06688215442182134,-3.6905756762068016,-0.1315944180380557,0.5214110437286104,1.209802876779528,1.2400282618429634,-0.3525270314705611,3.007090247031953,1.476966380690493,0.8554277491244064,2.231152877277049,0.3401801801216079,Normal,0
-0.2441875240884812,0.47193449445734936,2.4382240702097757,2.278473835643,0.44505694281457675,-1.6419689881364397,0.7283556159234519,-2.95072893351127,0.22946463007966225,-1.2187905051397263,2.659440258054182,-0.9421055482600669,-4.768079634558273,0.45709879365478806,1.4261241133777023,3.132253128703275,-0.9021240703775097,0.5350715748258696,-3.0281964335931866,-1.3722607657430501,Normal,0
-0.49210058522738453,1.502084533095985,7.950481661495282,0.757070902892776,-1.4479680487497528,-3.394784608488467,-2.994165654004662,-2.3602568877717927,-0.6999829059921012,-2.311419481746327,-2.0255393311311796,-2.0985131699261945,-15.155144804037162,0.6228230145618063,6.296359357811807,-0.02585459653958333,2.596501211963125,-0.10231258554697635,-3.9956187864986306,5.66887813629882,Normal,0
2.4838760460202423,0.8269976947043779,8.828170395517803,-1.1239380084778818,-1.0563779111491571,-3.087859737667846,-2.12284763446568,-1.3913954936797805,-1.0512973451732637,-2.4006573681499086,-0.6600045360194176,-1.341125648355141,3.7189506582944416,-1.5396201262123372,-2.720976575662976,-4.518376025905818,1.487882200076335,0.016678043465267564,2.723690827080788,1.213586221192064,Backdoor,1
-0.32234644388433875,0.366237818356417,10.114842051960435,-1.6155051414298085,-0.19878011063923706,-4.639123707331869,3.835227344052196,-2.6729007305850825,-0.7592211672317465,-1.810753645273723,-0.2798370787091966,-2.9465981955252625,-6.128553105652154,-0.08864628783913607,-1.6861189576496467,-2.716149288547186,3.2327618755321126,-1.0554997477683041,-1.9836831385202711,4.590307401114013,Generic,1
-4.6462021675740495,2.4630819256914913,1.5554409745550752,1.4937426588573819,-3.616244419443586,-0.4398655869074991,3.26628871411188,-1.496559925041865,1.0684961737811112,1.555774227479691,-1.147069478926436,-0.0432030940850443,-8.945888702756251,-0.7819920716278592,-1.35852689749625,-1.05071526832532,2.1217134121563133,1.3610473636530522,-3.424212993597079,3.1003802247850016,Normal,0
1.7726336807520018,-0.22625132833647799,-1.5983594179251017,3.4045950596391226,-4.093689276014915,0.7251566414014359,-3.3296136862968426,2.171876939220269,-2.1041957999317518,0.5753868100776407,0.029617587334061623,0.84946864055454,1.9294332343409668,-1.5383355802373202,-0.4572713966724544,-0.6560857924379458,3.1834539597630713,1.0452579140309335,4.006669460764581,-0.4673576143719853,DoS,1
-1.9921847740058614,1.7767482123743628,0.8422115521140199,-1.8594053741644365,0.9049090284414043,0.9452733691239925,1.747977508742649,-0.4770456320652139,-0.392177265428291,-1.0636287526468786,0.26159995662006424,-1.2570799872308647,3.4484492405072995,0.061972573965947145,-3.065355552696218,0.24271872460527422,-1.1687694164472737,-0.7108034825114704,0.5028639517736646,0.6339460339487365,Normal,0
-1.2793567734014468,1.9270783177754338,-4.345346344615942,-0.13309290711939026,2.940185042141276,-0.5419952817104672,-0.5966356066699102,-0.9068687974151154,-0.45186689518997386,-0.6229376065532968,-1.3431810946393392,2.7824670203951403,-1.001836151214119,-0.7761636625976926,-1.107784327380932,2.8949911860622946,-0.004792177371184092,1.239264458589424,-0.09778343099552989,-4.272611259210195,Normal,0
-2.556485481507469,4.362367368238686,3.108441032543963,-4.274131173107934,-3.4398196979874935,1.9759030944351228,-0.632236114240162,2.554167693249658,-0.8849366815319398,3.6871399924738775,1.5675953261274023,-2.741451092735768,-7.442150240440433,-1.7194910222429907,0.01603773669990405,0.060466374890255414,-0.7749639229928009,-0.39509275653911635,-4.584428024842025,0.10385278938292886,Worms,1
0.7203819413471289,-0.6351779138628815,-5.565487571559817,4.318567733221101,0.7653760266181626,-0.21518359960845057,-3.8801068578210396,0.5957382754791849,1.8233829527602974,-2.5192191175363075,1.16493678372679,5.054016548876527,-5.9633013589159685,-0.04853252597824866,2.5254687936527547,5.3957115401709945,2.102604621370671,2.533710829130129,-0.7591817385816559,-5.318587503510053,Normal,0
2.7636674028895785,2.6991073412253295,-1.2445709661407502,-2.3555230083519163,1.2292695461118552,-1.8621554756948053,-6.29934047233935,-0.6343688059547927,-1.0262240853738636,0.20823690750230317,-0.4346573348188805,0.2087764041661142,-6.136848916579471,0.6504404269065736,3.3719585465346826,2.931139737016869,1.1215642369825463,1.5082941748834424,0.9699592690779044,-4.105968437350108,Normal,0
-5.981756789386897,-1.7136241630298876,-6.709781205237704,6.067255273416623,2.5931112692391594,2.6655905256920223,11.038890121016813,-1.8116583927068277,-1.075212318782182,3.288454552800733,1.1940638157327639,-0.7493983354276972,17.102402569225077,-0.21657542714146588,-5.791287374770945,-0.13637078579083717,-6.215309930185517,0.4119897405713973,0.5008804578246409,0.30697534287332884,Normal,0
0.45106850051293534,2.3657719481727773,5.48426333833662,1.2059565433103574,-4.374145133820558,3.379566965321798,-10.005189630063017,1.328915368996101,0.13165926095919087,-6.035066933123631,0.038530277656444685,1.1256792489877605,-2.4259070994014578,-1.2467358694633452,3.1926011250595754,-0.6374792168217707,-0.4811594077097836,-0.36072043191525915,0.08777391750040375,2.7574896012029475,Backdoor,1
-3.629825129077355,1.5692683634271132,2.3245973043955845,-2.938114608256063,-1.3983017052523556,-0.6040457244131615,-7.6563966382924775,0.6390957443043916,-0.8328193798842021,-4.931193594198738,-1.7769188248270267,2.5220789914780974,-8.232268132398655,0.6666747799559565,3.6159924881368863,-3.8609639461719647,0.6892812408995864,-0.9432110892025215,0.762752887491255,5.618773488455199,Normal,0
-5.175525856000306,1.0859113887317489,-2.8698918364795927,-2.270532842822677,-0.7674880218277722,-0.7712763112911364,-0.4282108008763341,-0.8891374289959584,0.4611552006334153,-1.4602644894054366,1.2714747922803773,2.646685765853812,-7.228764297765036,0.8059483887390206,-0.38566598364711036,-2.2546147204754585,1.4138434616118714,1.8463965054124993,0.4618522100403264,3.4534831624460605,Normal,0
-1.8485448067042534,1.0775582723673134,-0.8859005311064811,0.9908347423501052,-1.6741505324873578,-2.0501996943806757,3.7406685171809695,-3.457132710526618,0.7840689769583304,0.5804764109151512,-0.7782939812578648,-0.36727079500138693,-8.183264154690164,0.5261112100651981,-1.9908815864561666,2.6505743105503092,2.384373458999743,1.4843218415146842,-1.448254405590455,-1.1246534748038632,Normal,0
-1.8706710228988521,-0.37252439204591825,-4.100212995235225,0.5493415870947396,4.355888394142436,3.5227400807327416,9.604216249673083,-2.0330424080293317,-0.7770386858035955,0.2054010753276725,0.7541067526703427,-3.0409293396223016,7.543495646261546,1.625545687299529,-2.5273567331499183,3.3303296857942986,-1.0997361222170405,-0.34705715501187273,-0.06251488575597253,4.433898634851441,Normal,0
0.4520415692098845,-1.0262431470577806,2.749617846486286,3.6829516878617947,-3.610403674041873,-1.641286781094438,-0.7917953068361205,-1.4751314035300087,-0.3124173375111791,-1.2459027865203045,-0.6230104073769434,0.6254448092837982,-5.348629335305531,1.2339138775909277,0.8259849523731403,-0.697242717854806,2.4859860524821116,0.7414150946621048,-0.35664230859109114,1.290374263539011,Normal,0
6.322826790589352,-4.686711938492472,-6.348863815366488,1.1297133547615785,-6.126225220760917,3.193638136647489,-7.028115235327989,-0.2959155426664579,-1.955579322217269,-3.9678700170296226,0.7505591187074215,2.464141892389877,-5.743542601933944,-0.22367509437798383,3.890714136205601,3.541783697393531,3.453913348838665,-2.0009438349276003,5.0398360391463335,-0.9780243166164331,Generic,1
-1.7511601153260106,1.1500164327394402,0.32535792334802327,2.087431629547818,-2.021410881540291,-0.9845233631538916,-0.3719061370120986,-1.893014539904031,1.5778481332374874,-0.6332028359074922,1.1222297939402996,1.8675743600683674,-7.733446168581016,0.3610374198447618,0.2101515319086511,1.0351032446838186,1.146232335370943,0.8939292814307211,-2.561720986553839,-1.0348498686886238,Normal,0
-0.9389003852415032,3.840990051534464,-0.3884654523592206,0.5879997852650751,3.4598540459212885,0.5259838422130769,-2.1415855397342445,-0.4073605761688608,0.21901613815395193,-2.3054355414868266,-0.403834091710351,-0.8921534929793453,6.055776041542522,-1.2930785944931573,-0.5562288827606664,0.9823864336727535,0.7120126968328515,-0.6379317470088856,3.772806196301829,2.2109605790004556,Normal,0
-0.30621026430917664,-0.7981318235458448,-3.655096920906252,1.210702771345204,6.4198130698538085,2.357225816266682,4.369849314490379,2.3730394816934655,0.2932068710788303,-1.9352286043503564,1.4345333767610176,3.764341540967062,11.53164716852437,1.4137824038593538,-3.802935868848242,-0.27579935290201363,1.2792624747823544,0.25470260364609987,1.1485696209366452,0.7133627701845806,Analysis,1
0.5243757755074547,1.6122416354569993,-0.45308129391139956,-4.948204782369649,-1.0938958396635408,0.4237688166031699,-2.511063720351195,-1.7849285592442525,-1.0269808928448108,-0.823000695763302,0.21478162557272382,0.05991252019251081,-3.8627588947754683,0.6637109605412289,-0.5894009654205944,0.04024748072690265,-0.45495718156707055,0.451173288486409,0.7214021626174771,-1.1642348936846754,Normal,0
-0.29720779805351283,3.3686305241659285,2.2367944773990245,-1.7062451047242748,-2.7087765521973566,3.285456788748854,-4.245723861096884,-0.08491801392930198,-0.33979044557670474,-1.1420486100867078,-0.7331632359622235,0.689552388768127,-3.0650598561069415,-1.5243781271427859,1.9936168433552885,-4.337257515701383,2.2464474009905535,1.0172887682435623,0.6530601718549192,7.474168516836013,DoS,1
0.08796360626324295,3.6064258663289634,-5.1094296910590815,-5.139050352075806,1.5507682015273847,1.308781006466175,-0.3408594560068068,-3.124405365668248,0.7348302461490009,-0.2136089572610449,-0.3676284109531413,-2.513399036112874,-4.049510969402964,-2.4528273546879737,0.25863310069045453,3.9411756221659386,1.5854764153780998,-1.3560692429916057,3.2111631599658277,1.5441340373680414,Normal,0
2.6802315199216227,-3.825314692741965,-3.10382730919743,0.10432921134873574,0.8998665741271079,-1.0524087856287636,4.064839987176852,2.7279728752034007,0.3701754528198277,2.3469749428966398,0.6783468853190315,1.3073108012622678,7.3004943783831076,-0.6696849337770603,-4.061036273072383,-1.385716496223241,2.4438760299200455,-0.1427716489464101,3.1074536116392677,-3.004704538700348,Reconnaissance,1
1.4923086772806777,0.7902539162176265,5.979790873515325,-2.5602695864605387,-3.2407026609259306,-0.030050679370868805,-2.611739094141101,1.0983297027075563,1.829252833017573,0.19155697141777073,0.9934872795141109,0.32421947170441756,-7.674456219467007,0.7727913909009846,1.25199111965833,-2.3698300588827927,1.243245980377375,2.710492444283034,-3.702124293502722,0.5099941869105824,Shellcode,1
-2.514215022775392,1.7069152294758432,-1.9727921951899234,0.4750245806573381,-2.8397312369877383,-2.149707541568265,-2.698975501538272,-0.7240339910501821,0.7751285262709626,-0.5999501946652837,-0.45225277070890396,1.832885232830461,-11.794694574990501,1.7630416919780836,0.7909537538472697,1.8653881313116716,3.0422193362088352,-0.534584267655453,-0.32958091266541123,-1.4503966244640487,Normal,0
-0.9521516296371781,-1.3646173396830732,-8.366166415725193,-1.5235067863091887,0.6685398180975495,-0.17681962341821533,-0.018145615281851935,-0.5921151594927885,0.4498181562319131,0.573823568840554,0.7419197397053606,2.970177846804927,-8.216210956815853,0.8117678410332766,2.9151376005785816,0.18177816799394764,3.7003441060663578,-1.7022240610950148,1.8466404093906479,2.91475707302862,Analysis,1
-1.588021086951203,0.13672788028170024,1.7193826310900084,-0.8172281762090451,-3.482008102472564,-0.5499178858927083,2.822288706823799,-1.8663751083302382,0.5027218606030097,3.5248885988719554,-1.5447410652212306,-2.680878325920199,-6.864232935654087,0.4611888582411175,1.007783496203735,-1.1926641771973796,-0.8969219919207614,-0.8623714996572766,-3.0776077936810835,2.0406349729929127,DoS,1
0.7454507078866157,2.318768525036729,-0.0321760260527838,0.6092114026084718,3.907076662184656,1.207626997602255,0.30182858904550486,-1.0910296489059608,0.7005091135757333,-0.41811707505241413,-1.3952295488901634,-4.4452609897093325,8.65319767004968,-0.8457594084935853,1.4854797084970186,0.8919291441095337,-0.28229135256104254,-3.0668007308394327,4.184540597648425,5.392556920010767,Normal,0
-1.2906288994708817,2.62723964640806,-10.37740039685473,-0.5381471507873805,3.8257198545154085,1.3316412436720289,2.7605912992471637,-3.37036286965967,-0.7857751523064146,1.5941382673971058,-1.1385788851296799,-0.10371222343822595,-1.4856857400935168,-0.6377319631499931,0.08408118689371458,6.022372138920361,0.7050820355313918,0.5724294463977242,1.9183199500602681,-1.336481442786968,Normal,0
1.4565216582463627,1.7998042829672813,-2.0744665737164953,-4.781057609951018,1.7963197227017145,0.6338443979423596,-0.03269074322235477,-1.2225784993566813,-0.5279286031043562,1.2831763119655848,0.0033424528885718555,-4.503070429330883,2.787099525315127,-1.3453391173926983,0.623807699848387,0.6374316020193657,0.3127640708869448,-1.3623340739744445,4.566154877297735,3.175167373790038,Normal,0
0.33133237431377616,-2.057643022928941,-1.7734593589568277,-2.651495147535067,-1.3465743553779475,-0.6551321149586353,1.3617455337083,1.4447968162515883,0.42795492207964336,2.1772725638519113,-0.6354412896726043,-0.895032282087471,-8.324600105079934,2.4789695433994137,2.0837465094368612,1.297277293283019,1.3327549693303915,-0.9898686929153012,-1.8600044827068574,-0.15614796128717262,Fuzzers,1
2.0491345441614928,-2.493061010654997,1.721279913804755,-1.9780190626471568,-1.7434117318327964,-1.337856548795492,0.08499562002077776,-1.6006052956777355,-0.041802933253188235,-1.4912869925495027,-1.536581016686793,1.9628711399541903,-9.077590435044605,-1.0641141541436525,1.724822786319896,-2.7115279862089072,3.8299463181604314,-0.19242016227980982,-0.9463614211187699,3.5239925940245813,Backdoor,1
-1.716260113579915,5.676671067479345,-6.502995760266806,-1.383979515201964,-0.14929309652385525,-2.596179357516344,-5.056162949708852,0.004972956361606995,0.05853173245617535,4.135063585155253,0.7958501517831325,1.661568371692864,-3.690527747011841,-0.24216536455536442,-1.449946715241647,2.4482745229011735,0.829611406221872,1.3980212913726942,2.8482589241460943,-8.429825684048314,Normal,0
-0.1073342887754416,-0.5914916974027231,0.9345372440899747,-3.2833933376954643,-1.3044693688514193,2.6019037698390264,0.4865447749945934,-3.2420562539658118,0.8693147496340548,-1.2006171299047361,0.0828228911638376,-3.1615804582720184,3.9688075145573416,0.3573372369661163,0.28013281695619874,-2.2125286878637147,-3.8789376032801397,-0.4573457228779558,1.7931076369483638,4.949310551397564,Normal,0
-0.6600469199317079,1.5424028212186975,-5.932360335641847,0.558836677413161,-0.687312610067752,-0.0966042563198195,0.182516850625966,-0.9829889938744955,0.19062807612694327,1.6887650196333226,1.1288724926467466,1.7228192296188287,-2.4036081251625725,-0.23220202336910778,-2.7115975757863406,5.100398118982129,-0.5541006916089779,0.917165663986085,-0.3318505239518308,-8.444767204288077,Normal,0
4.1531034908887765,-3.0679233476194883,9.421069753895363,1.4444160410689675,-6.515776147405271,-0.17061660085907482,-1.1504455692307964,4.519974269000489,2.535385011682016,-0.5319033592565423,0.9354547012346209,-3.081166395236231,4.673663709288027,1.646502985014507,-2.3955577037736284,-3.77225349814565,2.6823025593269088,0.5836819998960658,2.0667351538553103,1.4682621135142537,Shellcode,1
0.4860111066064451,-3.992054539740567,-6.674144088764305,-2.308550871567618,-2.0001169828963246,-0.7627934077932235,0.7105238248457331,-1.9868890117641267,-1.3081741099619286,1.3221729963438862,-1.149295605042942,1.994374542891892,-15.845954102993732,0.688017720664664,6.0378183745975225,-0.6966276466841878,4.068578036780351,-0.38112589883555925,-0.4840608913311928,5.220781795957363,DoS,1
3.04784484317197,3.0168533365271637,-7.809304586734786,-3.8034804999504654,3.4874714037070884,0.5264764768976774,-4.2532650740797635,-2.1150859050894333,0.14803075484998662,1.4703484291443254,-2.2272412075558146,-1.5769653071899805,-4.32350946357402,0.9076087563075925,5.371092768564138,3.7719582456125984,2.540216529507232,-0.6906783050345754,4.663026696459497,1.5443097142576598,Normal,0
2.0474364534917013,1.5938037548099917,-0.1796325104000278,1.9051633858742036,1.5289418434177413,-1.7125660988039484,-3.1929297134576893,-1.60576097334525,-0.47685770100133384,1.2578691176342145,-0.2890660650408617,-1.4821778014226694,5.988541181419,-0.8301583155885698,1.2692557834694345,-0.1428344550645737,-1.2405881031563764,0.08002597353965495,3.600242543821267,-1.6864611660402182,Normal,0
-0.26160343761849525,0.06736132937721862,-0.8199893274150913,3.793783172834517,-1.1540749281929756,-2.2568785416236077,-2.241410889945303,-1.4494613477483858,0.8050822384378519,-1.660366728793079,-0.37854285375546254,1.712411100206117,-5.617283247755004,0.757872361932744,1.1860916101187458,2.550323197066392,1.7896385982439844,0.36818319700727326,0.10032131248472709,-2.407117418267213,Normal,0
-1.17359995780291,-1.9599812294481689,-4.384011725982839,2.039328435084549,-1.4249154758580316,-2.4057089882459546,4.4508458596006495,-3.252690303395908,-1.4436936087006345,-0.5275584993775109,0.10806923456106025,1.2982338018280606,-6.742703980559382,-0.2606166555822319,-2.526607623257228,3.5392840869937587,2.895676898903039,0.15308225522302246,0.4120261131348144,-2.5843625549345015,Normal,0
0.10191754611844317,1.1880499713981392,-8.906386977899235,-3.420132941334903,1.499618677065181,-0.636346535576481,-2.3106724495740942,-3.7509938711299333,-0.0731578229274225,1.1690131756678255,0.5658496827544209,-0.4699069651794533,1.5514452219024215,0.5118966697671699,0.28695256962316673,1.527777361202064,-1.2937107651828146,1.231725173710496,6.405622969945882,-1.9182283224700576,Normal,0
4.20587995320684,-0.788008811758674,-0.1629612375807845,4.95386848822208,-4.318086758187747,4.121277589650276,-5.983981084335197,3.1889371304550034,1.822683773226184,-2.5910592013654217,1.28346882899372,1.1021799739992677,6.925983909085986,-0.46619795034685974,0.8000542866765314,-0.4139993670892276,2.9552014936983664,-1.6572079385712764,5.023880380433129,1.8063175884338185,Worms,1
-2.8474898240153754,0.590909666237443,-1.9709421443225947,-1.6664805687225361,1.931756642311253,-0.16202283070343082,4.02844844516932,-0.09925356413743303,2.478846056933467,0.7487878771014653,-0.45967578328567216,-2.2148333372526237,8.545789817826158,-0.8822790859724706,-4.862444918863091,0.2539433968244219,-2.3454020018422943,-0.3342611647745342,2.830959648065104,-0.9681356341516276,Normal,0
-3.1928066908729464,0.7552743589935668,1.652332989417718,-3.2987273821881202,-0.3744038055552479,4.095348387065913,3.077848081826243,2.1183738702037997,-0.3607029268088617,-0.27710356605870223,-1.529390756777434,-2.481662511201171,1.8707980081324274,-0.7089181164826989,-1.0086371247195778,-1.1274762573899881,-1.9046264020240016,-0.20994034622339364,-2.0447757853749,5.530824524061261,Normal,0
0.5903731531417793,0.7372898488463222,3.781230037342983,-0.02470728098557995,1.7531652064759524,-2.1831062534368852,-1.0091538042169923,-0.45390414650416244,-0.6664137106614183,-1.4775149076654457,0.5484544952248727,-1.1407817994222718,1.070607369169393,0.7058006613720358,-0.24463324839076872,1.0383425714568815,-0.830597916755961,-0.7468835055312297,-0.31687130619871273,-1.994811564396559,Worms,1
0.6471402921387717,0.5772328714965447,4.086135810006691,5.9412265881993385,-0.511678393464957,0.7821753596247385,-3.6946922944211282,-0.18578496989828364,1.1752144703007017,-2.2849455334714697,-0.08555568317611022,1.8299980184793965,0.3336342989977561,1.8538161755900895,2.7671901079909214,1.2509035614002577,-2.2495245384873073,1.387710635805243,-3.832474137423251,-1.9408310985248494,Normal,0
4.109255871690971,-1.767163945292705,-2.4696214209531964,-3.722681225047841,6.640611375588019,-0.8746143432569489,2.706184863577346,-2.8618180283215957,-1.0560493583989872,-2.308231718301817,0.500479766329186,-4.23663048165124,7.430085885397233,-1.5552834055587745,0.6183175133387278,2.781085651082697,0.7673744035662211,-1.1166796150518914,6.115077840422685,3.15982798959438,Normal,0
2.6294921519866437,1.9325308652741078,2.81872897047731,-4.83957501640855,1.1904621275171376,-0.802102121210055,-7.359117546986064,1.2856200799757649,-0.39043323461963725,-2.0939172142383935,-0.6498382822910318,-2.3255878487246577,-5.723641730021731,-0.4348435688460894,5.06508251347945,1.805966181865903,0.529179580428744,-0.7548368840905327,1.0179819087772475,0.6281763887846405,Normal,0
-3.1638051608407878,5.584064163425041,-2.1133529376231426,-2.3227934027414197,0.04172303249848186,3.6152226391214723,1.6281769773069126,-1.346063550578981,2.500261467980086,-0.5418135111391076,-1.0615009876346724,-1.4456086209802241,3.1149972865978923,1.4351907123002996,-4.155168225783654,0.2577197491229517,1.56619449179813,0.4282825128239694,2.796648286357784,4.280562465752798,Normal,0
-3.984665440183922,0.21059318783192627,2.310995519352921,-0.9115231726019295,-2.0488891319157627,3.3194612339405962,2.3462622185667588,1.556425198013386,0.5720763242275625,0.7832989391903332,1.1642509935649792,-0.3316319081986261,2.9354219151061787,1.8036220590320748,-1.8170737023971597,-2.897979032141568,-4.3371822677410785,0.5454945170522761,-3.753791720903415,2.111209255753093,Normal,0
-0.22889123821931823,-3.7166776988922483,-5.203166621429446,-1.6951844940987129,1.196176024584246,-0.15865676287625963,5.8943290405167765,0.024389337409648215,-0.13026917528716864,0.8882853888530726,0.5794788332239186,2.43964624265267,-8.887605245400279,0.9669025365214522,1.3338497257258872,-0.566441666007049,5.239915243817282,2.521524430730786,-1.357172243125285,4.893151155816957,DoS,1
1.200792925987347,0.10098051699821964,2.538159224046757,0.9195043847745632,-2.802760467145881,-1.4208410525701751,3.9342598294412876,-4.565034946755802,0.19522813294033114,-0.4230214080384809,-0.8183843092411778,-0.628894313021767,-9.397943249630947,0.7067425969553479,-1.627652129664464,2.4294378827976733,3.012157502972785,-0.7138102772901164,-2.9557792230778546,-0.6895227765285736,Normal,0
-1.6664371464057914,3.9623987665189926,0.37904671308641524,5.464665287882175,-1.2525209828647463,3.3750931936485173,-2.2512452952078874,2.50192150476898,-1.2577036658592413,1.5662756277250764,-0.9700205758003195,1.4534297454090177,3.046080284103301,-0.5003528928247095,0.2033754942108934,1.1174344487405823,-1.0671915593541756,-0.6783662131920524,-2.9572069258175318,-1.7196495634044267,Normal,0
4.09167178374699,4.083726119149123,3.788640515662192,4.376303272305057,-3.874403472611466,2.329890281822398,-5.348597890013922,0.382503128137071,-0.5008511412315233,1.6981017703362995,-0.07411727241210533,0.32537923340979347,2.463281001440145,-1.5957105531940339,-0.7920841379393613,2.995225384104332,-1.5557998920092926,-0.4421230940259152,-2.643269972410067,-8.403706100130627,Normal,0
0.2753592281140702,0.4815050619053578,-1.724651779332412,-2.9316718150697385,-1.9019076235323453,2.1805850429121465,-2.151324599638717,1.5838684640246292,0.522285044358679,1.2829300906133019,-0.9398351728279993,-0.013417393897543928,-6.9100816398430345,-1.9055398876681573,2.928930192713281,0.6503457198513776,0.4302585258963164,0.618396655883302,-1.7962453819409543,0.9838891553337117,Generic,1
-0.6432314906945448,2.4481536988517365,3.800011051204054,-1.353362693976701,-2.985108178165181,2.212517617596191,-1.7664769822384663,-1.3810260793083557,-0.10880372814099148,-0.09764716862050915,-0.9303388346431071,-0.1231950270668627,-6.689780033549098,-0.6134027260709931,2.500371623988752,-3.3842178967190213,0.9133529870179542,-0.6565840833621379,-2.734193658193967,6.247927689782017,DoS,1
-2.2622058010927115,4.580215556699247,-13.48898015269629,2.1664126377254993,3.069440084720499,1.5068440854305842,-1.1787150147319596,-2.7514772023781293,-0.45884965473904116,3.7724805249929974,0.39337169115830556,1.8079848488730867,0.951979223434299,0.22041071559070138,1.5354150464087941,3.758316457950198,0.5269203674561116,0.037418867929432345,4.160384235835888,-1.4867465584336448,Normal,0
-3.032219507150348,2.5184443609582257,-4.972779238310828,-0.23977943405962265,0.7758728982297733,0.4981739328803132,5.456740304578824,-2.6493878728519613,-1.332976235515629,1.9954162139129412,-0.9783678756554336,0.26739039319148583,-1.1959510220895133,0.47505673125040004,-4.62024633890885,3.6813334740870522,-0.11091786544530535,0.9562491502006394,-1.1480513945800734,-3.61298715232033,Normal,0
-1.4237494045006478,-1.9156446485014547,-6.656592925207281,1.0262300393440942,1.7748463586390892,-2.3413339618348994,0.0800315537006776,-2.697744477504535,0.1605770378342815,-4.113572085861215,0.3956859552000656,4.586982574573721,-9.195685143087246,2.0095396507971155,0.42256452661192756,4.802126413559568,2.6855521140355254,-0.2083660129166857,0.4133171661671098,-3.064511714398914,Normal,0
-2.018986322486276,4.249022231957178,-15.124164905617235,-0.922147574291077,3.2239958441006094,3.289997580236097,0.8906465886528784,-4.08841589589977,-1.2549704688713978,2.9201376661567533,-0.03685390675098414,1.2763903386129538,-6.481509909317955,-0.16045165489449617,2.8717692634725207,6.662656207841407,1.3618514270378284,-0.7898539610919716,1.618054818429579,0.12071994548610254,Normal,0
-5.9026990832774295,1.9109520666088262,-2.771669885345152,-1.9790404848436565,-2.2474449668850567,1.0858036818203671,5.630420448707289,-2.5852351727095155,-0.7637695166002206,2.652177516083067,0.1823163447279458,-2.3859564420876405,-15.618114010511308,0.7429476362271353,2.5022206633141377,1.3844836370706712,1.741065441189379,-1.6060222134727555,-4.6307951519881065,7.38567608308845,DoS,1
-0.4386192168429548,3.776349848574588,-1.0976492741033654,-0.4399122911952973,1.4537967252803259,-0.9208411153571427,-2.582524209789169,0.30109818717737724,0.6378348827616631,0.5407820222662353,-0.7476847829277882,0.661706512218051,0.5180056794371064,-0.16652299448638908,-1.2507467396419438,1.3669204422713512,0.9049485746711312,0.13700825820792759,1.3490370350702117,-3.290101754144123,Normal,0
1.2702445944659506,-2.9823401205700693,-4.589761992069393,-4.966265434433288,2.281870899785076,-1.6038844148897233,1.1785966532517294,-2.748511944366218,-0.6939222189225577,-3.167347004660758,-0.3940003130284832,4.103874120463814,-11.376249873063362,0.5907808419262054,-0.07167615108169989,4.733915476310368,0.6177226717152586,-0.9326596392412789,-2.972092632396434,-5.952408023175111,Analysis,1
-1.1625423666257884,-0.511252129046305,-8.314212392706228,-1.560870302299338,-0.9566859411500954,-0.9965602989785696,0.8815282160689151,-2.625328967320454,0.25207928962636644,3.5931581126919983,0.6555856067586506,1.3409419835207679,0.5332697540728467,-0.3818071154983716,-2.574044902856879,1.4851567833008152,-3.1758165456805796,-2.2193137129633054,1.987571764468755,-7.362890564679419,Normal,0
0.17497705925835327,-4.3903308390175635,-4.808522387938071,-1.7344397826154472,-2.4844152288740933,-0.673560372759527,2.666883930735128,-1.6167289365620974,0.11157405505227999,1.9385500587647817,0.3856750168384012,2.393848172960708,-16.684037816804192,-1.1049740156971692,5.071566858320756,-0.8757418155439141,3.6070443740667892,-0.13149823473837388,-3.3226761234765902,4.174743321740934,Analysis,1
-4.457274764632775,4.158751779950618,2.037305620834038,-2.0226226315980256,-1.8858437824583265,4.0083472951446755,3.989146109231136,-3.0820036036455916,-3.0626487136846983,0.8474994588729654,-0.7175333559993947,-3.1139953584416054,-10.711023271459613,0.7276023542578748,3.3681221978149942,-2.446503251960693,2.389448922990138,-1.2486564338938346,-4.001755519842735,14.216834574482885,Reconnaissance,1
2.2355108317372405,0.012191780554149156,5.467299926724551,-1.1595992261057004,-3.806142454507325,0.7587548748735922,-6.4141437115316045,-0.9088542056337241,1.1573203874312674,-4.694570272873543,0.5138927177604261,0.09560497077831576,-8.39892966189948,1.8455654253792761,3.2447343564199898,1.3120122646974033,-0.30073764618212895,-1.6241006779780383,-2.104905039551583,-0.08210279099570772,Exploits,1
-0.49434649621516513,1.3293237090110988,2.8752448798792583,3.0886838339392515,-1.090372020509899,4.408473419240439,-2.526632877045966,2.170450496608414,0.45007717316738993,-5.7440045399390645,-3.081142823776587,2.218217587261819,5.125409743085435,-0.15344855244114008,-1.0858066048910135,-2.01014009603046,3.0749916400466124,-0.8118915303839981,1.8528676668203716,6.6970708521862825,Exploits,1
-0.8337017472666582,-1.266766312723886,-0.8103539419887406,-1.7604107244718004,0.3198802240234774,0.6665314981497983,4.30138963710353,-1.5057740847456031,1.6349292569376774,0.9329281241169111,0.7743342156185784,-2.0786073083943024,7.237048927352526,0.487656732462146,-3.5941441921449004,-0.8927192608194296,-3.232237024688413,-0.6284232896059164,1.3936329782379713,-0.2757210462006239,Normal,0
0.5280905377519922,-2.998795471631479,-4.163485295863897,-2.2725256004220524,-1.806270901950225,2.5278420919236018,4.503116043653742,-0.7119418711169757,-0.11584061693094792,2.303628046668855,0.37449230311424564,0.39473934269876554,-14.156475932845721,1.925929815110566,5.425817788628715,-0.972394227947126,4.7065557373284985,0.22546315445570506,-3.4423718535376047,9.098839839362284,Reconnaissance,1
-3.850356887881607,-1.375571626625351,-0.43806164241069867,0.11522730379211188,-2.4565030302470943,1.5308219127846732,2.3353806926102836,-1.6542023372284331,1.3788583732951116,-5.724033039040193,-0.2291478429729563,5.718167195549556,-12.588148812626358,0.6966765747648956,-0.3481277794790356,-2.9840116193572346,6.096779992574731,-0.16633302823215815,-2.3131758516736802,8.96241573669241,Normal,0
-2.125046535277306,0.9282553797985507,-4.540421842813115,-2.3416842115208567,-0.9527026391146753,0.5693339673331541,2.3720972419333295,-0.8271011682841869,0.4339619779648928,1.7985405203595597,-0.5166860988009366,0.9451606755760391,-5.607071883763486,0.5830523188358719,-1.2825120384801698,0.307289813086594,1.8057152950506834,1.9608231634989997,-0.19125790839819046,0.6263435243138833,Generic,1
-1.056798042624629,2.572274070347155,3.269457707904541,-2.047486182340911,-0.5144737585141126,0.5529012925779404,-5.123597262161354,-0.8423354272018929,0.09439390749607787,-3.657548591005214,1.124582628448704,2.526973375030759,-11.58333169582977,0.57685423672584,3.8610674391630133,-0.26234503392108244,1.108318764399486,0.8822730430340756,-3.933937606798943,2.636483347006119,Normal,0
1.9024407936491565,0.3863845803914817,-0.6540110471279481,-2.431486946343534,-3.4304983329081256,2.978351158304334,-2.497767345092847,2.969353307504912,-0.8228378218861797,3.430252288563156,-0.8315532081341397,-1.5393560663933399,-2.1885524515038224,0.0759471360613155,2.5730651471195847,-1.3667243404312857,0.4883698743367082,-0.2653435852640591,-0.12930115408162468,1.7876194951316546,Shellcode,1
-3.5691627927775524,1.3795689229263375,-2.8051260179619244,2.4371041216528964,-0.5346739348454601,-2.1688398442234758,-1.1794601018961473,-0.8984779266979014,0.9870692442752159,0.5505892621009707,0.9353033453805998,0.7237904949472332,-1.0055224743460716,1.0927376267430766,-0.8468729662625241,1.5661510278226558,-1.475192522984682,-0.268943188407163,0.9203534562313429,-3.6167304757712406,Normal,0
-1.4792177087887328,0.01152897847305212,-5.579763657683757,1.7260275222320813,-1.1239394410202483,-1.6435985103965312,1.1679040044950042,-1.6435895754966268,-0.6153627187660998,4.033740947975577,-0.1806103390342934,1.8247574523802892,3.9965652849138706,-0.5264955741052129,-3.7738515238721924,0.4138963145314243,-3.2276635051407645,0.6175408707065995,1.1561140684963696,-8.335508193698836,Normal,0
-1.6162887613231316,-1.1028326022125068,-6.365340626734663,0.711171736627163,0.3036659036665065,-1.2364008827625201,0.21685868633553418,-1.0898154748528392,-1.5913824131580943,3.4106183187479044,-1.889362204707217,0.7228705029932807,5.670183250419801,-0.5651504523212486,-1.2220590721187274,-0.26761223409880497,-4.399569768253332,-0.23231252196182997,2.4761682299537657,-5.291325281407844,Normal,0
-0.8494775733854127,0.9822690034141264,-5.317120453705657,4.520206269864346,0.35967110490366394,1.5250043323250182,3.872379462617045,-0.812927288890444,0.7303178001295367,7.190350352791421,-0.8823002245850418,-1.3694200874393985,12.433986229094725,-0.01621093988476035,-1.394653334961983,-2.6311369019347333,-2.74416599047097,0.801425275547332,2.553647116092253,0.220406456236085,Normal,0
-1.5014552312002265,1.8722367578504229,-1.8785790294366902,-4.194698404221377,-1.2115877952555145,2.340099026752189,-2.4132913057604144,-1.2468220774746086,-0.062423293033543346,-1.466272095297696,1.404302289827988,0.4958408307211679,-4.940118974301613,0.07434575564982325,0.6377194707610634,0.5225879468740222,-1.1252966702202323,-0.8435392391301706,-0.3991631696971347,1.1126321318432442,Normal,0
-2.5194389692389003,-2.4700326048609007,0.2928690377564409,-3.9948741218489348,2.4590734296301555,2.924553237282998,9.329099866119588,0.1161730922250217,-1.652830220784731,-0.9033102258795487,2.4178825780364845,-5.468610634667399,7.603837456089696,-0.5772540557943725,-3.4898754951148674,1.1163735637065186,-3.0467220849020915,-0.06129162164368015,-0.01001173638801034,5.4494544152149995,Normal,0
-1.142202301421163,3.1390364280524907,-0.4131087100999876,2.198489713952972,-1.4898374636940352,-1.2188300694991905,-6.584704563285579,0.0007546843013501725,0.2447850879665718,-0.21926314101936262,0.42530876948877877,1.7096093644277381,-0.4194205799630951,-1.0873414349244748,0.3757846238349076,0.9980611310842215,-1.7604448107992323,-0.7219477163447218,0.9163344369455224,-5.471999366120451,Normal,0
-0.9222122756337526,1.7590623048941265,-13.711129271627284,0.9052151392391115,2.8112923364039917,-1.6936132270188615,2.3265893648035587,-3.54086745576598,0.5643856452854652,5.458213588469878,-0.9628461747486526,2.2609585745007914,2.7337998375790855,-1.9525130597011675,-2.8256734817280265,3.7676949975354757,-0.2681299009098509,-0.2981732938984983,4.343589613301699,-8.117726833865223,Normal,0
-3.727667450817534,1.1887569329352086,-2.1865317271065674,-1.1057790988772744,-0.13674930446015932,-1.0947591280730076,-1.5541919278900906,-0.5347249513772574,-0.6217715111428042,-1.7097457959391649,0.8644058427070802,2.8807450622997735,-14.843604356857147,0.5502674677899182,3.3061692585247635,1.4021095249818427,2.641400522160648,1.3237455489254997,-3.201946145317595,2.1215928247952682,Normal,0
3.1934650286562043,-4.7058608412297875,-2.027749112729914,1.5411711933834957,-0.6637517346674476,2.421726389248363,1.8207776259211743,1.9295743434748518,-1.6818295669796135,-2.1926660050740727,-1.2848482634126392,0.864330789780045,8.559468567558422,0.4492209787288519,-1.7962210858274057,-1.383023587158421,2.3048763164605575,0.30265443064427217,4.470683121211861,2.8537607196323336,DoS,1
0.17514705476823544,0.9441771772226111,4.381071441530297,3.39220616043207,-3.428516529778604,0.9812173267329172,-1.2793012777121326,-1.063286464558314,1.3384150765140415,-1.5743268374499124,-0.473525630282306,1.5948296184025619,-5.189148536117577,0.020296284226277106,0.5840953074790014,-0.23897213322858568,0.9343447883230601,-0.47754671392953596,-3.8094188197274708,0.5120278269485682,Normal,0
-3.835948118888706,0.6485464396503957,-4.576585831465215,0.8939387327978201,0.659023856679863,0.38446748891567173,1.4305176778475839,0.5143576489384994,0.20108565915376136,-2.315488184283182,-1.1920339103771125,3.5083329702962684,-6.333745644730464,0.9689571163838906,-0.598934966049687,0.8249180580434556,4.634059500770022,0.41594788987990705,0.39966809652626956,3.5277177085734777,Reconnaissance,1
2.1794316461140415,-3.3475755097629913,-0.13210232900305918,-3.3045261444311125,-5.109613441133293,-2.4984490736855034,-3.5521008701931835,-2.113947685799583,-1.9004702789566612,-0.8255555684829708,-1.4934771596197547,0.8572734643834614,-23.288631234234625,-1.3656037033376744,6.779059195974155,2.2232554896072485,2.8520859291193217,-0.29843529564744625,-3.8827093502115373,-0.17322701468463597,Backdoor,1
-0.7126597133561372,-0.29599475754515203,2.2088485397777786,2.8837252601153245,-4.182938129461771,-1.989684084684885,-0.79780642562262,-1.9779190498154984,0.011722149085865649,-0.33455417973969137,0.6161730983702236,1.635249138984233,-8.503943152548743,-1.014610826803366,0.5297390847107206,-0.9212019423529965,1.9107644671852948,1.181996454223222,-1.9784662572970568,-0.18322006510836725,Normal,0
-1.370937710369031,5.296057847377068,-6.713035688894517,-2.386752069007371,1.2206104125548802,4.147477067194896,1.13514012107053,-2.4715798478722943,-0.7537740554091886,1.861177458301103,0.7671030308171415,-2.4819244436271557,-1.6437546505860214,-0.37498601027326617,0.8541398055570597,2.970265263686102,1.9443126846654928,1.5029565872574153,2.4743757547691105,5.102894003953365,Normal,0
1.5353230827284312,1.4581217578251795,-5.653041548185211,-3.5774350033790077,-1.6836997863729555,-0.14700418691438255,-1.8276806119447264,-3.9139682230024992,-2.4503466850785802,3.4779860839315258,1.4712976877213146,-1.5105161256928876,-2.3758218816756393,-1.0348609854144502,0.6639603430534007,0.802352643927483,-1.2915077842919762,-0.8503939971949341,3.2760621270723234,-2.5298277250076504,Normal,0
-2.9216543856400046,3.383893884463177,-0.49803249990788956,1.076534746398547,0.6987995461330052,-0.6981778734275194,-3.753354240753931,-0.16556330760802673,0.45653317324605136,-0.6869912829612247,0.9536489598270304,1.5442609424561002,-8.57243227174417,-0.637081178337818,3.0299864224175894,3.4126318699741995,-0.9315222525257285,-0.434371613715728,-3.80042828521389,-2.660195238148713,Normal,0
-4.384378392965079,-0.6791653519231202,-1.510261707611866,1.846529930415946,-3.7418593596411283,3.063286560549212,2.8193997375931947,0.17748112276410666,0.16681030484677933,3.8753441666801693,-0.1723470691996438,-1.0779484643647155,3.655606198890188,0.8255389231674295,-0.7561419189027585,-1.8206009202968283,-6.568583335341337,1.4499641908623555,-3.193890937870764,-0.2020048269062995,Normal,0
-0.9830190398836105,-0.04379650753959252,3.219517884254476,-1.9290084517205106,-1.3796322896365996,-0.041075135898351434,5.589682925819503,-1.6736806067165153,2.2810574236392154,2.4005250410649754,0.027496366595539157,-4.731887072832004,-5.007982011209742,-0.4401901839121973,1.1938297873272123,-2.3184297995518017,2.0442005560845007,1.3456541362851222,-1.3646067615611888,8.604471495020285,Fuzzers,1
-0.2760066871915823,2.828729792704194,-6.02214947182798,0.7407887935188979,3.2528675445626014,1.0077337717731685,0.7810334128808036,-3.1878687143159232,-0.9445107528722869,-0.43741687089467796,0.47439560544710485,0.5357377795814746,5.169406011289813,-0.2948280829732928,-1.7829967907566913,2.1796123362335873,0.9325181641710119,0.6615415110081327,4.2524449994018205,0.11111377356988214,Normal,0
-4.1009623166698255,0.651640250579325,-0.8368456764236216,-1.7983937143400976,0.2857587740210117,2.3103893229753103,-2.4638171655140106,0.6410668863789946,1.3176223293096179,-6.550467837827053,-2.2651092188993975,5.654814941335406,-14.992743519196647,-0.7778028998325223,3.8197722220344197,-0.7401310296060488,4.670435716203453,1.6911732112803357,-3.646425424911328,8.350088601444346,Normal,0
2.4966032927809634,4.327223938229254,11.288924395583626,-1.5650653125240936,-2.8716504992280143,2.967135266876929,-2.802161806304622,1.7130533179577259,0.029281639856705483,1.2925372501751715,0.21729050972467556,-4.948295398962159,3.986864132535322,-0.2823146245015085,1.1670377020463532,-5.3947983293630815,0.3820486482690928,0.14270307586198502,-0.965682667914967,7.4231220524789485,DoS,1
-0.5206768120819604,1.3087272413539235,1.1814222787880762,-1.1616956417381878,-1.6318895068362589,-0.023649449775514864,-0.8071374784569265,-1.2035043303072637,1.1492101411939692,-0.20711644429308707,0.7215749457557646,-0.39913951786931623,-2.2635352232004347,-0.7501222004544058,-0.2751417814939918,-1.7005712322797444,0.9777257970084361,-0.711927057114194,0.7765085441144493,2.3031081770070316,Analysis,1
-1.7437384841565349,0.40580743575851774,-2.229990346587527,2.2646053796562122,1.0082773611465665,1.9844067779544161,5.549823582846029,-1.84284028800284,-1.034406823438497,3.353778489194684,0.20712803265232385,-3.843623048983927,11.264533693390726,1.091518256591683,-1.9795951606303666,-0.7172699218145326,-3.541776200759989,-0.05555380272270304,1.9393223085065805,2.7930872364033292,Normal,0
1.4293032394242453,3.599113591503356,-6.216986342857224,-2.764737628294301,-0.7739612653875518,-1.121954793316049,-5.344191978995943,-3.550476638161943,-0.18795025552204306,2.563254520507181,-0.810512523132182,-0.2529191339778377,-4.595190323402254,2.9945362981141135,1.7431844157904806,2.1537550433349475,0.05991969104443884,0.8257682286943172,3.9644391444292584,-4.076463751615468,Normal,0
-2.0301762336039877,0.5526740893286299,-1.6179728878290036,-0.015224673777318287,-1.108197016410485,-2.493667433890479,-0.520613030716393,-2.207957089573764,0.7416570827032594,-0.9334935344752899,-0.2055359116625379,1.7821442451557632,-13.690183529049861,-0.9368342388575521,1.780674301967385,2.7701232064508714,2.268109202685112,-0.7082763383368067,-2.585920736953498,-1.2645916994615518,Normal,0
2.716404092606812,1.9254207304627857,5.972993834945958,1.955873731349605,-0.025020872833767083,3.6132894718618296,-9.835525484537454,0.9480089606932871,0.5351336235116191,-7.414004338245002,-0.41926128066524043,1.4254367303092745,6.936157540865008,-1.2680580991954225,2.1934581026925715,0.5955930240598075,-3.136076127224042,-1.0802867936962772,0.6693799653511279,-0.4111112186446595,Worms,1
-0.6144183052909544,-1.76358080684963,-4.93932487746784,3.021981899857048,-2.462633281057957,-3.5399747822357353,-1.572906315858085,-1.7292008788850166,-1.1717453016462986,0.6246038798832123,0.1558906283815874,3.3556167038168594,-5.141232173139378,1.802959455472518,-0.6284217033602406,1.4761467945430804,0.8608034651418156,-0.8517525045726252,1.5395671419933574,-6.274150026866533,Normal,0
-2.362166714705694,0.5443744291952765,-12.8713035029526,2.971761340287453,2.0968548011844064,0.6494617750573379,4.598801344524162,-3.9548824353207412,-0.15872686885329557,5.336515907009184,-0.5258477638676445,0.704495148924976,7.11702780143164,-0.3629770779469078,-2.089051419331045,2.364171894964995,-2.8061394951339915,-0.4016703090941095,3.655829563556908,-3.74400595592519,Normal,0
-4.562801078230981,1.3920450671825935,-1.996827502120591,-3.8976024423186697,-0.03067352719620442,4.4430521177462525,4.192594698272629,-0.5121422467673244,0.031163399367781428,-0.7692695424821347,0.7515388279762827,-1.9951382817525334,0.6854863778740521,1.351511717504909,-2.0305359041709607,0.4940317896434011,-2.455247696725448,0.2631372818131559,-1.2120883988559328,4.917246434193693,Normal,0
-2.2114655090947912,0.878988486297833,-0.7648431634516912,-4.555402459463556,1.5132908853667675,2.971923662074608,4.337958786417631,0.3656261483936236,-0.0030704230247626924,-0.6490243917750071,-1.1718764490659612,-2.86470075511588,1.2981910075806475,1.9723934626280817,-1.9334598985948186,1.2058333861573942,-0.6845939630542714,0.1484158715382944,-0.3452901904324168,4.055500959937379,Normal,0
3.7923261692710857,-3.459561268630758,3.117168722143679,-0.08951210348586591,-2.761943917093455,1.1922271768217287,0.23128361678593357,2.361623429948787,0.5645551388044217,-1.3297532599250432,0.7778371640058556,-0.028031054544542577,0.8911640472573432,-1.1073076373988764,-0.3623903448046697,-1.933793584472276,2.9750695868547252,-0.19340580955180642,0.8564691199011301,2.3476887572341214,Generic,1
-0.26735039153874474,-2.694317599791344,2.109099303253722,-1.3127589929785421,-1.9780612143299812,-0.6081037752239726,3.1252246723695785,-0.12681239897952024,-0.5760139767197593,-1.2322669644116107,0.24841206355448156,-0.3204231670436526,-8.112553441904499,-1.0889172687729187,0.9498756202905823,-1.7792097012450991,3.837496951192591,0.36476785286150176,-1.3115008033302509,5.996141905671127,Worms,1
-1.1462623260227265,2.3992928253926196,1.3585768362380457,-2.594980522039302,-1.625641652811741,2.304671197281236,2.094133913984948,0.5249490436404751,-0.9458335562548363,2.878455148095374,1.3047150796123637,-3.35662893823806,-3.141221637607558,-0.35642216780681196,0.7181519791858282,-0.966390829470382,0.7163673784798588,0.18928511812748675,-1.644275082576218,4.977833031095504,Analysis,1
1.3112540512094424,2.030506966925839,1.4131206223420083,-1.3752754158407212,-2.7631244662974974,-1.4268487039143745,-7.9255323869105005,-0.16438170333692814,-1.2535631921902755,-1.8779680106093612,-1.5194317032828968,1.932559376321747,-11.661319434148727,0.8514108419541485,3.6571217711399817,0.9086748831723367,2.32994378752061,-0.5993889642065982,-0.542988827120954,-1.824995987645078,Normal,0
-2.086077475417201,-1.2440630770467305,-0.691676792263775,-0.8893187477743785,3.1687633089345177,1.8380867957394518,7.7086405329807715,1.338892255910494,0.20888811631055626,1.6234337020626484,-0.893406585093258,-4.459736288145098,11.241094102547637,-1.4348628083647066,-3.1414821460355573,0.1505243029990342,-2.635942719901453,-1.1881336398286189,1.0589263509886357,3.3676544436791236,Normal,0
-0.09275404619062266,-0.8970448496826258,6.03422097817917,0.018892637621897634,-1.2914705527414554,1.5113680551012694,-0.11228699662911745,1.457829949287028,0.723623511052824,-3.703052235536934,-2.4895370915354085,-0.8439881142379733,-1.6675930193804753,0.6955735134157004,1.3782413932680253,-2.6753628896962525,2.3034987596999303,-0.2557437142871544,-0.9178104246173211,7.864215226654033,Fuzzers,1
2.899384460322314,-1.3016062546449443,-2.969496705720042,-4.494748766144082,5.192177375031985,-1.5671441194009996,0.7527849007649166,-0.6219116126038249,0.25142178590159747,0.49692700250744637,-0.07278008158880336,-4.391696225012126,7.834339142214782,0.04152041363181408,0.896328604105447,0.8622458082813624,-0.540004101469244,-1.6820979415155026,6.471517862593835,1.557496064725156,Normal,0
-4.782682888765569,-1.3339555894400554,-4.799425884266117,-1.3754934938935288,0.7917954794948732,-1.6568027204674474,2.0182882789061787,-1.6125188010694997,0.18991303656947056,-3.627200442252715,2.2284728942025787,3.9155592160975177,-15.584073335300523,0.41278511696902886,2.122444085737215,0.6874550074714086,5.123799865751415,0.2937652875840829,-1.224719990342725,5.785498370581912,Normal,0
2.551961386497009,-1.0686805945755777,3.4787560128219033,-0.11215247334084921,-1.7119275670591123,0.6167477526595875,-0.8461830747548762,-0.030863788905438394,-0.8231090488335676,0.031616538043271136,0.06817035548043704,-0.6583849056785803,-3.596877582113474,-0.7788913053107066,3.238482080645371,-2.8330849262876105,2.248795339195362,-0.8218374329613399,-0.8439725338066438,5.31542866780615,Backdoor,1
-0.9788934003392017,2.070375033021379,-8.200813508514116,1.9865622912361012,4.023637530453126,4.19531931067039,4.59317988786266,-1.5505018357688956,-0.3515452613333012,3.6684788050098796,0.3435758851188842,-2.7406577711926827,4.116007895608773,-0.25500497768937913,3.088088679902649,3.145499492842058,-0.022900882242366638,1.334418608571729,1.1459729343990919,5.8592762351053596,Normal,0
-0.6904365904605608,-1.1435963390077646,-4.044061873074592,-1.7864522095635875,0.8383288596729921,-0.0876397812546732,1.8003664574274576,-1.5229796590745073,0.9089117241666606,1.9817176018326719,-0.4458782152061138,-1.6116057098176049,6.625224544074649,-0.4931356588162148,-1.4959731537182448,-0.8092888349460758,-3.4144982418506027,0.4969480842552928,3.2842092197432744,-0.9375102080743258,Normal,0
-2.2364896453401686,-0.23131308851206533,-1.8198968392644574,-2.4224556152335035,-1.873231601000576,2.0777087752043153,7.2088434477226,-2.497510349242476,0.9467065595253872,2.786939010959852,0.6835931668103592,-1.9621865392259785,-13.592850598672435,-0.798362305452232,2.7786775602758294,-0.4814900336446045,3.6511310244841924,2.1325951139619455,-4.378831585763367,9.601956775745581,Analysis,1
1.3393270696761528,2.2672812226363446,5.396061245228469,1.5703062903449294,-4.022493163585257,1.331313472053902,-3.0714175315790673,-0.5590778248726128,-0.30040395851877405,-0.9925435476069977,-1.3958984607370188,1.2356299249735347,-5.928347990743267,-0.2468591716726229,1.1332402017858727,-2.145000081274639,2.6689272269563586,1.5797187800870063,-2.5784142264839174,2.595252839306812,Normal,0
0.187078161147483,5.773675538987687,-6.646059821282666,-3.677269023841095,1.2578972590922308,2.3483955480799494,-1.5302166491097815,-2.775354883047783,-0.8986266755846266,1.9767199931476922,-0.9833117322748413,-1.884823338122628,-6.563782337185308,-1.0298450372451993,2.186822042191997,4.253636182793465,2.8221274668859087,0.1397743812843191,2.14909707151192,2.0740192374615414,Normal,0
0.32136101125393446,-0.6707014645892941,-5.4865734943741025,1.0874640155714794,0.8218400712203954,-2.1438532334724982,3.03088206505952,-1.8012894706986193,0.4089254624218011,5.026347160464976,0.8960273456611808,-0.9036832004607964,7.250511330170316,0.2668115953271454,-3.1528538043770062,0.8242968380200484,-2.684699555889569,1.5793342523839542,2.926721925817332,-6.5738940806010095,Normal,0
1.8791668743032242,1.3805004818987052,0.6169684249200126,-0.7634758188770356,-1.187003381823242,1.9659184405025898,-3.5895750749153486,-1.5048226367460613,-0.1317022968931482,-1.9984002970302144,1.1980588331770237,3.9272688703755874,0.2571211028750353,0.7436571099090505,-0.097959583579186,-4.747209080480895,2.440404945507373,-1.4034984772231092,1.585759352285029,3.466923137423237,DoS,1
4.76049130758603,-0.9194470017755582,6.575662491999777,1.136192576618505,-1.3671546567430664,1.0268199613922593,-7.871229417145688,1.3764556823481187,-0.07208067876890285,-3.7792822477428887,0.10718704356090326,-0.5396060998871106,2.931138408158597,-0.16942331286320877,3.7385246104762726,0.2624521640692572,-2.6452283405455788,-0.12673822808398344,-0.33829354756243357,-1.7927663910788318,Exploits,1
-5.0668202325411436,1.092812594792937,-6.024847703536684,0.17079812404719386,0.8836451199413418,3.298177618956345,5.376023744424228,-1.4386038273171147,-1.064219700672856,1.4647129681854847,-0.36864745830265205,-1.1409156295266343,5.731849247071176,1.599091209031255,-2.9439235830709904,1.132787838636875,-3.3881828130992666,-0.8902913875802025,0.5972266466026215,1.888467627964844,Normal,0
1.3291775201808467,0.08396298560653448,4.265514014693753,4.714113026029235,-0.1078726326031143,3.5662458026496098,-4.44440663291116,3.3691722544249845,0.48185173804508113,-1.731181332352318,0.21360270485696395,0.12339236921606944,13.878418722132512,0.09339640045504466,1.8720418817432278,-5.093143082428933,-1.6742662256098746,0.755473767866845,2.5501158062140776,5.603489202181839,Worms,1
-3.549511665749585,-1.8962681086912019,-3.697508548098004,-2.086063194126748,1.2011471251792414,-4.033199153052443,0.9103749095858717,-3.388763288009776,0.26570709860245734,-3.7230726075116056,0.4125035948641393,2.8678384496318454,-16.213295915356717,-1.1010668407485873,2.6920957386978586,1.454115530696941,3.649235715461467,0.7518604673168144,-0.7325104984788846,3.0720831356371847,Normal,0
2.300212486092585,1.143617851693009,-6.457754302064005,-4.775347784767166,-0.26851907022595034,-0.9896810338209656,-4.750198461093893,-3.21802086087612,0.419081012564048,1.3907447505366555,0.04895502445723428,0.7245858588208018,-4.757911253079484,-0.4918770034874296,1.782835303669628,1.2509519587946898,-0.2155681519122321,-0.11971911463096993,3.8030704004969715,-3.750140781960928,Normal,0
0.6146054430507442,1.6771080243965748,3.2627480737740173,-0.559760002869879,-1.0484291092424192,-1.886419942479904,-0.25451030097535393,-0.8337998645915422,0.7099639320067097,0.6595792321921887,1.2943312532053923,-1.2559892164603075,0.6969794849052826,-0.6150576654888591,-3.1227511442772755,1.1822339126082864,-1.0531476970128935,-1.4086769243843102,-0.5155241640810018,-5.372772052537566,Normal,0
-1.838069269856797,3.8441503823067027,3.1925645460065297,-2.452335469349336,-2.599183678541783,1.7861571751482543,0.32484822047422035,-0.4311485756778557,-1.0085687066084232,2.768793663174953,-0.4000556524093581,-3.350985096721651,-1.8607510223355723,-0.3848916668932745,-0.40112913952685836,-1.4674713206114562,-1.4712115175114104,0.11529455411255005,-1.9621028177181417,2.512595330110563,Analysis,1
0.23613871621541938,-1.616763070312825,2.2143732308661987,3.288742624389995,-1.37300442856141,-0.3897403633844171,-3.3834603179475966,-1.4341046760362182,-0.9415566811796708,-5.592668022497972,-1.5228997141388207,4.939051394570058,-9.10368200276643,-0.18172249451237293,3.376697027798606,-1.0096679987935824,3.251677492755741,-0.03472212770485495,-2.207657514475803,3.4245350779521986,Normal,0
0.6649628780872767,0.10627508796847396,3.3949685001536096,-6.117482713122282,-4.153617438758376,-0.943603959208426,0.23524113511083283,-1.9520962835211952,0.5485122810508102,0.626669208782066,-0.21791121642834183,-2.3597799536719437,-2.94206509915667,0.1569994406771894,-4.042185733335543,-0.48022569716201446,-2.482127718643045,2.4802042249974927,-0.48330031598139955,-4.454562274251661,Normal,0
0.25816888244709224,1.8912841850317985,-11.393273684434293,-0.2002527737570019,5.843042191566934,3.143444288451335,3.57607439012316,-1.9426719332788664,0.687335817914791,1.9092487644058758,0.47913716123097744,0.273251708653103,-0.2532055289848335,-0.19049934530989546,2.4703081849408264,5.203991079818463,2.602539751772312,-0.5598825186026908,1.8199798298757996,2.8341382726529614,Normal,0
-3.117516801327544,2.106502428838598,-0.9014013180290663,-1.9517498278573417,-2.2314537289026126,-2.1571605615400617,-2.1143808112541276,-0.6186710498314012,-0.5141271781459458,-1.2126560595751898,-0.04242403458324075,0.15799828166426888,-13.63126831241907,-0.7179170301160287,1.6066980212599935,0.9186989945898342,4.348858699827762,0.474108001319148,0.44045954587336955,2.8934931512104796,Normal,0
0.5057252916443746,-2.509390470510037,-0.08811424299840925,-2.496372062773318,2.288217523250142,-3.9108752071305126,2.934345201242671,-1.6796726122535013,-0.06463554635386828,0.20340408363905937,-0.5473351646642455,1.1528539633426325,-9.737110612022207,1.1525532686594717,1.3544044343407893,1.4335520386261291,1.1383618648643572,1.3728885256720307,-3.588067745724052,-2.2470832950718194,Shellcode,1
-1.5866720117691158,3.2002404243910556,1.5599975790377687,-1.5900698235474016,1.2965572593826993,-3.005796109113991,-6.108251322763987,-0.7281555531414219,2.054567306579431,-1.5920975553066163,-1.3153569424762155,-0.7929996205548755,-10.783158982199357,-0.36713699662614385,5.445564942273277,2.084250534766863,0.517210215000969,-0.21284316312475185,-0.9268533796399986,0.6425331382239902,Normal,0
-1.5669067829607877,-0.20653462141961176,1.202085830347558,-3.969152475158989,-1.1437961934770748,2.579789698788807,3.846563674372482,-3.496262733512745,-0.2222611626984101,-3.101458901956354,-0.10347790758550285,-1.2929348177812776,0.5394448230654334,0.9630293861642395,-3.931531414190041,0.40546833797225035,-2.452576663587982,-0.6601587613821377,-0.8749286058580896,1.8073999646432337,Normal,0
-1.4604592254043032,3.1616385605469155,2.6909403175788023,-0.6009500027927457,-0.5916706959423583,-0.06655006255290385,-2.8377922762648318,-2.0510104212202647,1.2309218023330422,-2.347680660208819,-0.7987671374300426,-0.7440955514872679,2.8882724745215596,-1.2011823651709141,-1.9878646830530076,-0.6043462018470889,-1.8337501155786242,-0.1392487954469601,1.7439581451897486,-0.27749293456756174,Normal,0
0.38245164761180783,3.052525382008996,4.2458038336471695,4.656013231842297,-0.8369677153573127,-1.2978277922503676,-7.4148375891585685,-0.3417130398098408,1.0446044599494295,-0.17917223808068927,0.7500013962715297,0.43492588976622704,1.8356652313226807,-0.3476047821477652,2.578712709173136,1.1392932796606656,-4.4433116993850845,-0.7151295714592688,-1.9530215518391423,-6.0990343826018565,Normal,0
3.027079827071428,-1.8870265389510839,-2.5935019318403185,-0.1871168879442433,-1.5097015389217479,1.9801705623500518,-3.2156023223166734,-0.64725680604301,0.8618876757412228,-0.6900589064871678,1.331481826457523,3.4344638049529763,-3.5338435044496594,0.03399869933980326,3.76432729465718,-3.0497518158874213,2.3865704978906535,-1.6069010137807576,0.9748439499180748,3.828106336346508,Backdoor,1
3.110953604840639,-2.158384842289374,4.973591701928982,-0.4082242229449615,-0.5802352747897414,2.455526238285286,-2.134090344421219,-0.6499352470532318,-0.7047663632502468,-4.558284490900654,-0.4607355169285438,-0.6017729555488387,-1.9413812623054079,-0.22951418709363672,4.199145660387979,-1.1001588405103009,0.35375220856269785,-0.27866794488257657,-1.320218519300949,6.410205184629536,Fuzzers,1
-3.9586051629292553,2.2968915714284357,-3.131151992349869,2.9385276713138895,4.840568480770978,5.5692173755368675,8.971005732540359,2.306019811637,-1.2033563885959544,3.4449948036361677,-1.0554640201092618,-5.024358327424882,12.18122497721188,0.029425051424444515,-0.30541202073762586,0.9348661048828142,-0.7082792621502276,0.28817129647396195,-0.031256879712989294,9.700191374336312,Normal,0
0.4927881424615361,0.4040967730253635,3.9880045481919915,-2.4014526708222954,1.9710917727674533,-0.296373782064997,1.0755118828915347,0.7004796375240867,-0.08862791019758656,-1.5661729933306314,1.07482524701321,-1.72422369817063,5.355720672526363,-0.7296839491813547,-2.488468462233791,-0.8429132645727706,-0.6385632662689563,1.0708245171159447,0.7455711594594202,0.4895939809993938,Normal,0
-1.6261722284548101,0.12508315986819363,0.29369073027053294,3.1987632292028403,-1.7007706469030082,-2.14325787425889,2.707824491396309,-2.7050989700109813,1.0000000260772435,0.5378152767297515,1.5626849505709355,-0.5288664313592837,-4.700139426813114,-0.6141259682265786,-0.9958829871619215,2.011058038202676,0.6318380398227698,0.27145279427660823,-1.4916251592256347,-1.4865350364516032,Normal,0
4.102068148664632,-3.2292697725032093,3.558354675507882,-0.9383914731872198,-0.9158572908635154,0.18255740766527606,-2.0071646274287582,-0.6582065340295593,-0.3133762610203736,-2.3158286821263676,-1.0558556403476926,1.4485682187368942,-3.121812043628341,-1.3656268062837593,2.124636784549654,0.1302904891811476,-1.3747156935183003,-2.7690288815513657,-3.1110560084361873,-2.31713309233917,Reconnaissance,1
-2.1608088740828775,-0.21813033948006266,-0.9508725692833804,-0.2529795986295833,-2.1474319560200845,-2.8758954458519685,1.4078946265869259,-3.2149179284934415,-0.04045476599283394,-0.27316912354377254,0.19129937854282414,1.9083747283605221,-13.562446316649705,0.29628452930912597,0.6125631189066054,0.3333417849224123,2.9433860980630175,2.078277976404369,-2.297268929002252,0.5299894258263353,Normal,0
-0.3828774821676737,1.112793167064339,5.690488132691261,-4.660049863390453,-2.5558009038524685,-3.7643235212875323,-0.05832658886259931,2.559002601873573,-0.4071314991210554,1.429912564279943,-0.11078105173537243,-1.6679449425666089,-8.179947501271343,1.3154199014090313,-3.2077144258032906,0.9541680723145705,1.2696304860106566,1.3685010800281914,-2.933023860479392,-5.960963418056464,Reconnaissance,1
-0.7081143673040091,-1.7999517455866645,6.976355630417524,1.9825516667314829,-6.5729087864532705,0.8209904785032633,4.330893598968135,-2.3133846993068543,1.0781101388421104,-2.589503637031497,1.5290948665169897,0.5333316617109072,-10.232807892069326,0.025606155127994117,-0.9280624182175892,-4.554171198198202,5.683340669630866,-0.32460454907437575,-3.2054556993651473,9.655229246840005,Normal,0
0.03823583497152461,3.430972880620739,-1.0091716604840073,-1.9366267032506115,-0.4632559406407496,1.270213624940106,-4.4055089251863535,3.2951257584760008,1.2352047009960347,2.2977433847536943,-0.25096119262920746,-0.9071129766592576,4.252337100876821,0.5316320865818888,-1.4354911683231135,2.1195391425441623,-2.857143530873439,1.106001071302255,0.6822953676388264,-6.7845365462921485,Generic,1
3.7127147898609283,-4.165012386704289,-2.871616754034279,0.88198606025595,-3.287137752403671,-1.0065991609369678,-0.4993020602160885,-1.2957708364401372,0.6289170608741751,2.3997834140212317,-0.30910801645309155,0.3043020775694001,-7.042816918266402,-1.732973212883159,4.215493193812282,-0.493491491489116,1.9448748638686506,0.07909349686638796,0.43271177788282467,0.5526086022728989,DoS,1
-2.3730216937936763,1.6712310035029383,-2.2916563396409573,0.4962277090550622,0.28762427879685615,2.8465181903300136,4.505619206354774,-1.1228422187180325,-1.7108690050866195,3.592297790294567,0.13360044235454838,-3.6033470012534448,4.790375685237661,-0.7773180386400836,-0.44266696523387283,0.39428902087886164,-2.8044601987127225,-0.9208225818613858,-0.43410903424314373,3.132981086081111,Normal,0
-0.6542235951167588,-2.4431146721812182,-6.321555768378461,6.2745600214242545,3.5496855294813336,-1.4308430644009262,0.947960640001023,-1.4415245052741927,2.341884926969853,-2.4248163991343974,0.4589000719461393,4.448052065872647,-2.7189300546579593,-0.06357935767012503,1.9495846371095684,5.865567196055548,0.33306746908514206,1.2726649275781594,-1.5618280936808937,-4.6392083280897625,Normal,0
-0.3691548123896693,-0.8790639819769845,-1.5897089128470774,-2.455303014405795,-1.2315083466265038,1.6116697251317196,3.121239403593509,-0.4902128411741863,-2.892381134781812,0.5721508311673685,0.18030672036008039,-1.2109683985293462,-10.653120724583156,0.5551202666544675,3.567173103464641,-0.8287741650875888,4.887860501514636,-0.8909520341831287,-1.0624594654352273,9.340217802665348,Worms,1
5.067337529522567,-0.08655443777134542,1.4580400123551895,3.9651981850250713,-4.230200015246135,1.285454816956571,-11.603964214635022,1.7900242845838121,-0.6032231026286933,0.6519099591216053,-0.266357058595479,-0.4185221262227752,3.216649756252363,1.4022393556133481,6.918089822604836,-1.6656278165910718,-1.9251482866936853,-0.4363759428163026,3.2659994448665595,-0.8624806736284238,Backdoor,1
2.4188914008852516,-2.6574580956618474,6.432029533909859,-0.6875577168602991,-1.026768106353423,-2.351246997727054,1.8099176007700173,-2.0612429314501513,1.208257636927606,-2.7964912224928415,0.13261638336448567,-0.9398439358189201,-8.815956421284463,2.6522423345277835,3.002867565478719,-3.908164205148046,6.048516310416769,0.5754620345589553,-0.3576999389823694,9.703002577686073,Exploits,1
4.809938024683854,-1.9153962115855478,6.442833609572578,0.12495384361136264,-2.0607110175686354,2.385537103390835,-6.134209944884548,1.3241041798111253,-0.7551364179333341,-4.41037112848528,-2.6371096692192197,-1.0614295674191858,2.34471903311681,-0.7524960325306159,3.7754440530147972,-0.9682415090486215,-1.1475306875538918,-0.29020337708051785,0.30274519520963916,2.4976242204882566,Worms,1
-2.458653338160122,0.3348516222993827,0.17087418216658024,-1.2527022480134176,3.250020034085785,3.3351527988682266,5.883518720771928,1.6030830298377103,0.6204174836245168,-0.7718602514374222,-0.30810677139498616,-2.451316032880402,4.953770417487967,-0.4419291098946981,-1.612568377705588,1.430923215917477,-0.8853065698430775,-1.8554509012233178,-1.6694950540151607,4.65585358489864,Normal,0
-0.595499560978739,-0.6401358055924504,-1.634024052895232,-1.303375154307877,2.064063752951946,-1.1556607670494814,-0.5174423468206206,-0.43075084024580046,0.08801138215993357,-0.5645385686064777,-1.9662740949042303,0.2143741246606652,0.6141246669616278,-0.7470593429388073,0.14454226955550298,1.8383134980872406,-2.6587176453156243,0.13740365109144476,-0.16917308671146736,-3.5088295905921805,Normal,0
-2.6579727872736227,1.7950500288540614,-1.4518865929920004,-2.3870426938415825,0.356222417118253,0.6560504148905938,0.5820665126162997,0.6640854460079646,0.3149086420026717,0.038597221784048674,-2.2662776889761616,-0.4606652192749151,2.0491225526446657,-0.4332051702965669,-2.856772551671675,0.4542019897496449,-1.19693435376781,-0.21043060591518795,0.9277560997186415,-1.0951193981694634,Normal,0
-3.197707121660941,1.634913796951807,-0.1416534490677499,-1.2761548758519372,1.626145496808841,3.0264741611431476,2.9397818118340693,-0.48385720854026637,-0.6558887792363542,-2.359175177775283,-0.961687718025779,-2.4882311696121313,5.087169114227304,-0.8892998491446578,-2.0757536339479827,1.12474346275458,-1.6154834203033444,1.0838552208314367,0.8974056968604736,4.539597444651026,Normal,0
-0.3892945850929326,0.08224468795118356,-2.5316108197842815,-0.7845473940353498,1.8410225776978093,-1.9201884377510652,1.4909867752115762,-1.5418801776492594,-2.5835193568450343,0.9593034248244559,0.5957090626280942,-1.2596927909862894,7.449559503619527,1.5364629152898606,-3.517578732748126,0.5479414534879683,-2.0703014169507,0.8821816420175396,3.88756305782998,-3.7364959423968,Normal,0
-2.5113847039213173,1.7466084936796706,0.6064553694082233,-5.438277867844272,-3.512683662949689,2.5984750465135544,0.04511199939294852,-1.9882698916153485,-0.8254095747162776,-0.9532951859246479,1.4449064408682524,-1.6787317612482402,-2.7678769158399357,-0.7355932450563072,-2.360530640188764,-0.9553431624059918,-2.422564806691743,-0.5739667311244007,-0.19842844944598248,1.837849558949702,Normal,0
4.049640409241325,-0.7545385209650385,4.270738485587554,2.3338290382750557,-0.7843826686690648,3.0082590579404664,-4.595639324495614,1.1411442348347884,0.1589936912553264,-3.2687256914323806,0.2691215249597905,0.3933844866701839,7.419824313308817,-1.1452416764385691,1.5236403259227589,-1.0690841821155337,-1.3869191214480923,-0.03637733016512285,0.7645627647534023,0.8919056412408986,Fuzzers,1
-2.331516955063512,2.5962716222178486,-3.16643919596744,3.343183889377534,2.325988794917934,-3.718887655014617,-4.875700071924198,-0.5282815048735547,0.5674857285689802,0.5435618557162445,-1.0894192658759205,0.6164998812694,-4.664176135475619,-0.5211714263808856,3.5421287507897565,5.259170928422584,-2.086244769481084,-1.4654915547930294,-0.6015321427509465,-6.678648488604174,Normal,0
1.9415300665044803,0.6209166385811609,0.7654177921118197,1.5573630051029619,0.7791040618274634,1.1192038691794708,-4.1180027061405164,1.7095159264447999,0.2864962908089394,-1.4251569809001912,0.01001534003679044,1.810554813001475,9.43476502085673,-0.15883598037252938,-1.6597958665187695,-0.1886354350813284,-2.278866423235008,-1.5200670453452327,1.768462421644905,-4.6981209298801,Exploits,1
0.18380047755755036,4.34509139348724,1.9599509156391994,0.21449301111907682,-1.3434618043641346,4.880822714687355,-0.8811803165505093,-2.425430457075989,1.2030605094455828,0.7453700348183939,0.404813353695017,-2.0045104755217924,6.623520049516913,0.2638267772029979,0.7219381230827273,-5.588425693039294,0.5304037702246225,-0.4145782343009112,2.7050514913336112,10.433842005408406,Worms,1
2.1235811089532612,-0.7191415334885096,5.976690876822121,1.7464794920897033,0.8274216891740789,3.517855874164091,-0.893814621421557,3.442234519924983,0.6999533570192012,-2.478100044391879,-0.7108901786657875,-0.7524420527499984,10.007420796340869,-0.6009576288967384,0.8135671872074619,-4.033969298256936,0.39331333840415217,0.5354259563028727,0.6237115261661863,6.85777476741173,Analysis,1
2.104199265022687,0.2179988601941265,-1.6084381032891732,-0.20701921778982335,-0.8254500172666572,1.5077131542976554,-6.052503663037092,-1.5136913894945287,0.3942743180785552,-2.7619742244627945,-0.0740976564116736,2.1064522144684674,-5.363607679933989,-0.9649436260246179,4.368168448280439,1.7058184130983243,-0.3446279382569466,0.5159240026814056,-0.17401227701591848,-0.4075518282230741,Reconnaissance,1
0.3604368138530687,2.245400480089123,3.4513279947714617,-3.778626506339778,-3.1970677349183854,0.3069570563846229,-3.9033622015659777,2.1122381063117057,-0.24633160491688535,0.4950515390781357,0.24480724812697194,-0.5065310299871207,-5.452989044403,0.709615218728623,-0.06750916002667817,-1.0078258510663527,0.815554854447988,-0.8215733043450757,-1.144111868752295,-1.095898915003039,Worms,1
-0.45977552610793626,1.2618700988551943,-0.40026363781973795,-4.718369384159455,2.6293493557080434,1.917872908798273,2.707082874367297,-0.4072860629618611,-0.5341892077775119,-2.10177574141469,-1.701767091158809,-2.58934249757976,2.354372442962596,1.2140393646559657,-2.058427603597929,1.4952083048845597,0.7577267724991827,0.2827669683819988,1.8349615557440901,3.6231956607909885,Normal,0
0.1299254812322701,0.44595581930239203,-1.1908646017305968,-2.622126474224781,0.6968337611693205,2.1464655670069055,0.8248780221848951,1.2375478557916662,-0.3730091834030636,1.5038918832300507,-0.38216563007522664,-0.5772083810435232,-0.5524555349647804,-1.6195445938757005,0.9459722949695437,-0.16137333265680742,-0.3498469408381646,0.4178229935558582,-1.266887396464985,1.5820877917049891,Normal,0
0.7056962325177107,0.35950024017726423,0.27569939586906683,1.722420133533172,-1.933238446982912,-1.9684790769669132,-7.4666219998621814,0.18425408471557536,0.02254526705804166,-2.984448567209632,-0.08288780876602542,4.20019007434453,-15.576908076495133,-0.7696169002835214,6.134805991634965,1.3906006912438773,4.0511472465901015,0.66861033539399,-2.1814739409235746,-0.1591452522211913,Normal,0
2.0766810227792107,-1.502744751929257,-3.4860964256043285,2.685025570435882,1.5297447703850393,0.5315505950583603,-1.384142258546774,1.1551807124811388,1.4727465575112082,1.8563516837674925,0.17437186305806213,2.314574002693276,4.997883485755398,-0.9483895549878306,1.7742870202647056,-0.6155366917015348,-0.9460076176373331,1.30217973561921,0.7069106261792514,-2.2836720928367042,Reconnaissance,1
0.7160164716818869,-0.030674375934860443,4.381870062089993,2.735935672071283,-2.2021330288977707,-0.8128736146466164,-6.373761910209833,-0.25239868621583084,2.6128174737213055,-4.319349510107858,-0.46421839632072315,2.5342558340076264,-7.685679026190156,1.8150636689731425,4.337890511087487,-0.6977478973079114,1.5615193048469558,0.03712491795803734,-1.676104100441503,1.8161689701063826,Normal,0
-2.3501138617267023,2.5703569642314235,-4.602144275453084,0.8509425292760939,-0.15925642248860772,4.368350635274217,0.7527747235922,-3.713464962935525,0.15350630505791477,0.5158499256513115,1.759627537844203,0.81845282354125,-1.1120911616657227,1.365142966601261,2.656948699776661,-2.189031584894283,0.17214253446494832,1.306434045918939,0.41106957235513075,8.556461257517089,Backdoor,1
-1.1654916241610334,-2.516088511951403,-1.7838451353446207,1.052752874313968,0.436605853311951,0.8483976783188065,5.028326187378006,2.4721868946782077,0.06812645609590111,0.6842923604901647,0.010008346808538916,2.0225682763220036,3.706967004983551,1.8500446785425875,-2.770537474862758,-3.1671652424184344,2.9152555246740675,0.33961608312996017,0.6913537343584278,3.5279385991332064,Exploits,1
-1.4308031619140928,1.3036107784727033,-11.121017940217396,-0.6914695623932604,-0.902281782887119,1.8685672125158037,4.607360432921486,-3.9783347978932304,-0.1361633163505026,7.373637620827107,0.048491805367348165,-2.4262690193902388,5.76710691945182,-0.40319771839330926,-2.0872467632468648,0.16151205976237404,-2.3791520258403,-1.941669965065602,4.666980579269037,-0.5158015128854383,Normal,0
-1.587387730815191,2.470011054709132,11.567346915036762,-0.37644069674390046,-2.370119248329327,1.117462076460792,-3.688535791694408,-1.6945677554986647,-1.0313628176412637,-5.559527283310824,1.1418635102837786,-0.2941964065773681,-8.094470491012753,1.2567252018433608,3.5344687887273345,-4.2318278985340285,0.45426930374633656,0.7819040520106344,-4.747606593575949,9.330562883787028,Normal,0
-0.06821797928469397,0.5193927815559127,0.6758397458209422,6.494090605017655,0.7110561040604102,3.9483015464679343,-0.6727219933664659,3.875584623248942,0.8614158411012005,-1.9912763637806628,-0.010919962050984229,2.806915656036354,18.863779657898593,-0.4239139963086594,-4.594775500428666,-2.9509826645235493,-0.5022905937875177,0.9214729285067887,3.420353818065449,0.49935827752484546,Backdoor,1
-5.213613886735773,1.2285079626796536,-0.7642954770869141,-1.7289399100602052,-1.6217877578272297,5.901003292585742,3.498602190632712,1.0578440811877226,-1.3460946487206233,1.022351901677038,-0.7811106645917562,-2.275726168400727,4.865603852279975,0.28163480374787203,-0.9037390784064352,-3.003441365179585,-3.7991779356949964,-0.4475062273628483,-1.281495982383258,7.785796549235125,Normal,0
-3.979414761297002,1.9188623017699076,-1.2961719266309069,-0.2608859335272138,1.1067284049840214,-2.262489502530196,-1.900695587381619,-0.9184232518569085,-1.7556466124438888,-1.8104546384461853,0.5355799678560016,1.0684175049376312,-10.728714355884346,-1.7855022693052407,3.181233451316664,1.2728000789867315,2.0568596606248892,-0.9983709436379924,-0.9899714385380389,2.7906057806226103,Normal,0
0.3256940933738093,2.514153014253899,3.3053463317892535,1.3562050870060491,-5.556185738590942,1.2741898259391973,-3.141236509079992,0.4444097511620404,-0.07403700626459676,0.5143121283256544,-1.0541513965914469,1.5519924360571289,-8.378316762818594,-0.31515935719764865,0.5186699084088049,-1.2300482521875322,2.9321882688433663,0.8394432171563457,-2.779983994373382,0.5055202468200805,Normal,0
-0.13507438537697292,3.097360856160864,0.03602301574496446,-0.7138344584244587,2.8703708839704736,-0.4905682033455614,-1.3686656091676757,1.1125566797526938,1.6703571847542045,0.558216732624199,-1.014430410967562,-2.2893263402724884,3.4814251556486204,0.5568524215227545,0.21211657464266365,1.504859916890267,0.47632656822435493,0.45654466677858146,2.2079419777623532,0.15477307153043368,Normal,0
-0.6073192373270615,-0.9056213722220199,-7.715002646975441,-1.5917345182390914,0.8321389247587799,1.2199238982287595,6.628109830843937,-2.9991300989610727,0.7317542110103611,4.125186545176517,-0.1589601392113693,-2.02583391565316,3.7408486029377337,0.5565984140731257,-2.8564711543133816,2.4085057643970895,-2.111541292352631,2.1972580075702917,1.5971852279576715,-1.9714726820426673,Normal,0
-4.850933327785745,-0.17639158036931235,-5.36712721657516,-2.224043796597983,0.02815844504781806,2.489176288078538,5.996448453453693,-0.6451428103301686,-0.17656027102610614,1.4623529910081616,1.5432877329512689,0.6532881641138395,2.5762136317471995,-0.1650158106337345,-4.6808547353722165,0.3602595840024846,-3.0878056328751846,-0.22920892492544667,-1.1288889012447139,-0.859411504101836,Normal,0
-2.13687142573265,0.26035378903246753,-1.7117779967087832,4.679678856943596,5.575220877453623,1.1832133250660162,6.374863242989702,1.1902551708924634,-0.387136358016779,1.6358676484718742,-0.5002552081837564,-3.196706380566363,10.813354348836697,-1.5518957495307977,-0.32533262252055284,3.03628668505831,-2.0086242343883227,0.41957929769850444,-0.3641182793205062,2.0685054108297,Normal,0
-0.3945836561158764,1.1199848903269451,-7.47827754190985,-4.5661810136213,1.6570734534231626,-0.06918008735523928,-1.1354626075307783,-3.8175481812801797,1.2394297942401529,-1.2372330218676413,0.06676745530571572,0.8803634152101032,-0.6173233440128177,-0.12680157166322228,-1.5618586754868748,2.223937934154975,-0.5126250974087435,-0.3553326830312902,4.615198284796816,-2.231653668528798,Normal,0
-1.0539453430763226,1.336200991939519,3.189233323096495,-0.2981614915866937,-2.1866331299272614,0.5739114794113984,-1.1769858051204853,-1.514860010155335,0.8754094254177619,-3.2435819398935672,1.3422715921519406,1.83201389991227,-11.61436631338312,0.5663239662643745,1.623510856209619,0.14507722274761536,3.0201327425701576,0.8736037442094435,-3.684639531472616,3.5623785387974447,Normal,0
-4.052106736932579,3.8149949354940165,-1.7831373377912239,-3.278444940801866,1.180725577136144,-0.3370872539690748,-3.047708306727021,-0.611139105696679,1.5002569910125267,-1.338905836967241,-0.47535476332425175,1.4063859973300217,-9.261744829208162,-2.106043857594188,1.7707921994834672,1.42948081193598,0.09060786694879619,-0.9052850220766508,-1.7469466249603605,0.5353642748532987,Normal,0
-1.0700530184420987,0.7071654973952937,-1.150205323369274,-1.801534226832692,-0.08739632960601829,-1.3975724781336825,-4.344449689451424,-1.6806138722093502,0.6616385017196478,-3.573816998465772,-0.24282037189422107,2.6765096132153046,-8.294383744811267,0.18356061991391084,1.5849567725037566,1.5271321874840504,0.4584306401026552,-0.019503065892465806,-0.20516269229700645,-1.5889175294525573,Normal,0
-2.927016327635199,-1.9024079945319685,-7.955329586520741,0.07924943396364825,-3.205839175297508,0.12379244501014153,1.7628763289478708,-0.33674539009427895,0.24438014486314683,-0.43630645295594084,0.32807156465073123,3.161014107196603,-12.486012795392828,-0.7542179562565453,1.0106255608997372,0.11299868085547948,6.49625227850972,0.8238943537007667,1.9196323814000447,5.101985249753705,Reconnaissance,1
-0.9287932057268788,2.480599788936275,-5.28429982829592,-0.27070893114859074,0.524027179736126,4.137677536559768,-1.7613161913114876,-0.1155412275991543,0.08818471915812538,0.7105356333530427,0.5800735297000139,0.6658918076553091,1.6415128617075019,-1.742393167018158,1.9372493868695408,0.007737901481322806,-0.08356235309913429,-0.29279023106488006,1.6231830974647368,3.6709526458140367,Generic,1
-4.999913385324571,0.4399336471132945,-11.505355353332472,0.1680053925776841,4.264016934641514,-2.2282309482160008,-0.7329849165866613,-1.1055764557677858,0.694774171320887,-1.851184212242181,2.073709431489805,5.342127084603339,-8.668777869232716,0.35321677280416497,0.7592689749547168,6.480947641424056,0.2793704988708392,0.5749566828332526,-0.10583799736193678,-6.028832381263057,Normal,0
0.22187744178250313,-0.03437268862038012,-3.3236266361424818,-8.028980163354312,-2.3686797362748293,-1.358539613779318,-2.3784963040531233,-1.415806487753708,0.2349901586757452,0.7788605230749285,0.31707841034863987,-0.0665552484890155,-4.534201118604909,0.5975821149390751,-2.5263430571067103,0.036389916994064464,-1.5108562349125034,-0.20350553518375686,2.610874913636372,-5.295771808596453,Normal,0
1.1638920296343338,0.4148340253335394,3.577426388867,-0.3572408755695504,0.09668431652273801,0.4247675008389531,-6.3913026460786035,-0.4922027612560915,0.6945956590694305,-4.703974254925753,-1.0980233089577194,3.323243435215105,-9.01583072472944,0.4000507572772094,5.5316951314223894,-0.8839206452806327,1.127132574088777,0.10172844454223381,-3.040699154315361,2.979321578065744,Normal,0
-0.3008623554449762,2.3300614770791013,3.542615355484069,0.062391055882841995,1.6642694941425362,-1.9140206670110957,-6.667368076562049,-1.0663343669577945,-0.9061312333563724,-3.753741859898617,-1.0078685780354832,1.2324612981332095,-12.266922461601288,-2.5476066726620523,6.932878647287428,2.0451179156295787,0.7941448588737507,-0.892511025228104,-3.5509002352621737,1.4993367482779831,Normal,0
-0.6423879582859824,4.229295903517627,0.4356392481518039,1.774892509884349,-2.785784135934612,1.1924125919730302,-3.523336013145453,0.982019856453396,-1.262842522164318,2.0357430695793957,-0.40494788934748205,0.9248415763829065,-5.722089421229286,-0.6726458449635592,0.8111392080948268,2.1115066410440315,0.4254081593163025,-0.7817391430916868,-3.164930138094074,-3.6237320880490365,Normal,0
-3.1427509614375952,1.3638334760923796,6.45483599806718,-0.6744358761822941,-1.532448329867429,1.4847323767437695,0.16479177592144034,2.41741680321802,0.8799524810632625,0.10383312197856487,0.9255233109024362,-3.0645341499508993,6.556398253709744,-1.1738650552773442,-1.7456107883079253,-3.421170555854337,-4.1052388002387135,-1.0673185830543928,-1.3430179662008581,2.7091534860309348,Normal,0
-0.046135384216316355,3.1482793172252004,-10.393863726117564,-3.2396096901152474,-1.3637436911171608,-2.7653113209132147,-5.7843312507793145,-2.3905544817286426,-1.081109166687114,3.864578592329855,0.023644655799445146,2.838672415208954,-6.652769074780166,-0.6551589463725652,-0.580247763548407,2.8506999955975294,0.17843089230152653,-0.11426613409281816,4.212674025314078,-10.045258305842387,Normal,0
-1.6186114157915878,0.3124809878698913,1.4498366149007553,-2.9288345025217435,-0.35198785687124623,2.3481647392045444,3.9838559063070935,-1.7400807466643697,0.7118888480489975,-2.3579523776804105,-1.81775659745302,-0.4489917783730275,0.6459324588810733,-2.314407091298903,-4.105006509503511,0.6929198851060245,-1.4413282895726518,0.6688008353642385,-1.896568284205979,0.727504937387464,Normal,0
4.464692485897342,-3.04422524640984,3.5728197887166306,-0.12940362741320577,-5.058716442236461,-0.6387312849602371,-3.810326068262029,0.8103815868563791,-0.9674080488622125,-0.8824688314241548,0.2589055940969569,-0.16639390284681133,-5.996108794916781,1.52433024100268,1.9795905706879973,0.518685468006518,0.8868447978149636,0.76136618951205,-0.8846132144937804,-2.8743780474736673,Reconnaissance,1
-2.5176829886308756,-1.4466173421142434,1.8330425465087063,3.432190764260854,1.122540483701023,-1.6992562594414284,1.9230715371005267,-2.267226347989152,0.1748582962589048,-3.906628701634193,0.30337780870011033,1.6581974394009638,-10.738497045698479,1.290192549937319,3.975573574993543,0.8559025795090245,2.8662227868869574,2.0749225014902657,-3.7649337163983185,6.070441142268628,Normal,0
0.6453994419971174,2.6120797797448225,1.6660511790543646,0.2603340758854966,0.9761530902015441,-0.3477335007712108,-1.9805242840473312,-0.25146822223553156,-1.1255817392259106,1.3748121445054426,-0.5356313487682635,-3.9076807516342926,5.720696474889461,-1.1291160561174003,0.9699339602610206,-0.1263593325746768,-1.2624007682283394,1.20681858130932,2.946031803119273,1.272700856825467,Normal,0
1.047602798639398,-0.019788468206963117,4.072502427589779,-3.3570200185558847,-1.1077491005521667,-1.0365799305553223,1.5348750623536271,0.1373265740079339,1.3385027181385938,0.3961034964842308,0.9880237432564568,-1.4423904091718887,-5.466163157799916,-1.3895956073642146,-0.3129899934393261,-1.7082242909451117,2.6947489444532593,-0.747293521076552,-1.3310967027421952,2.6046894825455467,Worms,1
-4.0558028406823325,2.802428482156253,4.342008500486804,-1.0733590895925254,-2.6339061321885247,-0.5754343503465842,0.9158030099337184,-2.039232432012242,0.878372969688513,-0.8776625345913116,-1.5709130539812346,-0.4692360215403455,-9.632284045454464,0.347488584140919,0.18384445406966732,-2.75626042650853,2.0459493001099625,-0.4519837469385462,-2.762791327009012,6.229502241146633,Normal,0
-0.5386948117654689,0.805172440478479,3.2407548699572173,0.08426848937944764,-3.9006547572004067,-1.735305604977162,-3.43926379090395,-1.2907161607663447,-0.9569361793091676,-0.5325742706517893,-1.900774128384982,1.4266243132065708,-10.920539737290506,-0.005540238872132881,2.342545847098058,-2.000935897524219,1.8242697374135888,0.09217416823921736,-2.192605951142947,1.209749784469544,Normal,0
-4.646016352714451,2.5014898976090127,-4.971854449651964,2.4259120566477956,1.927561571206044,1.3618259003509117,5.403455571062804,-0.9027514788080919,0.8297383440918719,1.2222927480130497,-0.38130810080264066,1.39013483444735,5.600481878321618,0.7753398523081075,-5.568680312775597,2.2073803275060655,-1.1383149045039516,-0.9104363777509252,-0.3125473279196571,-2.677162953759452,Normal,0
0.21999035866074523,3.0879821042706093,-6.770248802850994,0.31267825082009804,6.737912614507433,0.5855095686526934,3.7553680640553018,-0.7085690482398064,0.6405818559353188,1.4321362282277146,-0.6469951699892853,-1.488735262887515,5.077500292909827,1.5180415669880156,-0.763159991560241,4.629649147714339,3.043145265857217,-0.05360949106868325,3.4910677607240745,1.0198910994337897,Normal,0
-0.24441536868646807,-0.5538897032903067,-7.778893577885005,0.2593929790470326,1.7510562065669224,0.046027214860586696,6.299796265518212,-2.271746855416893,-0.3698692430054967,5.42812116275541,1.2614610307762235,-1.9927985751805624,1.482440281629874,0.33254680995681196,-1.224872042973757,4.368453228115601,-1.8654920796176702,-1.2053820793020622,-0.16875201184452338,-4.260922820145062,Normal,0
3.396380571383027,-1.194688149663493,4.71607135901397,1.3752562902517682,-6.221390588722426,0.9446237390878585,-7.419694545765833,2.5648592593091175,-0.8421297220604248,-2.186160813881371,1.0204560734176007,-0.6626600330131904,-1.6415285168932665,-0.7611134689080887,2.4580822165189744,-1.3474462436679455,1.1836216995176718,-0.9280977574463397,1.9683494502943053,0.59246040701357,Reconnaissance,1
-5.096644180605223,1.2558163186770117,-6.711203032384576,-0.7470714873317217,0.7070689674977597,-0.8847828633094799,2.945638306789103,-1.1475538419987137,-1.188236086510001,-0.07594194620979478,-1.1830630064186702,2.706437579451276,-12.533473383254552,2.5305246891202735,-0.09517833629499983,3.539354358692723,3.1838984399623245,2.23813192042712,-2.0934956762805337,0.21080234583545732,Normal,0
-4.019894256188886,0.16843769846204748,-1.48707298022258,0.20059922244308703,-0.3559064025950892,-0.6523260103406239,7.211209047775503,-3.6114130196319714,1.1719163825273087,2.043433361363822,-1.2885211933853244,-2.8685637298382725,-8.85208316427791,-0.17617638041161546,1.3978173434596575,0.3233496581328976,1.906615956029743,0.07876526308048602,-2.257529871081392,7.477964230078278,Shellcode,1
-0.934397011695305,-2.6649661217070575,-5.093075386867422,1.8918306926326056,-2.1027004085129644,-2.719184551811292,4.618367222740424,-3.6008399852783914,-0.7006111586610962,-0.20546794114053823,0.21051205844388599,2.6432996473809225,-8.895992521246113,-1.3737292724646786,-2.4024329143898573,2.348200682669494,3.917622997134076,-2.059803972620879,0.22848717413794795,-2.2180498343589057,Normal,0
-3.672287263123411,-1.1591749759703451,-7.57161594214909,2.7143914687488886,1.130535493757411,-1.8972481486359092,-1.8347074994998107,0.29667611016354845,-1.1617605033749558,-1.6113213391193484,0.6523126099391396,4.763931694899744,-6.100197919605913,-0.48503207488165506,1.7854237246242342,2.175321816474164,1.443472583585046,0.569940412357366,0.979993955013835,-1.826219261221159,Normal,0
3.186080327000714,-0.7019918679104551,2.6658540763852328,1.5273254292641145,-3.7273270215807326,3.1754169644825083,-8.8463390751651,-0.11398858834248515,-0.01801333987723139,-5.6361269194724555,-1.5683264557926506,1.1998068695593493,0.5329358894530727,-0.021744077783032445,3.2636595260188246,0.9351740793507624,-2.094832585547248,0.9428942355693678,1.1277695488433426,-0.45430528500772827,Analysis,1
-2.431723767275889,0.466328033224521,-4.022893154183377,0.34564751419960027,-0.33650536972445044,-2.3786218024931296,-4.792940082950877,0.12033313442244942,0.7248006775508257,-2.819466422608281,-0.8597166853631285,3.5353532890545907,-13.040096768235948,1.0815593810130513,3.515061874404742,2.8601862508610876,3.2084983048040376,-1.0819273652962986,0.07422784666765603,-0.8737856421392209,Normal,0
-0.6092906073590791,-0.9519451199185882,-2.918806542387277,1.072872560972491,0.7946018091631228,1.9449628033151474,3.681588308082416,-4.2264266452242385,1.3155344233889197,-0.18458005456186388,1.8997499528469546,-0.36328435983452745,-2.203883167987399,-1.748298360781634,3.425777557411297,-2.6789781390597542,2.0936366730050153,0.83299067076347,0.983919625789591,10.777591169101461,Backdoor,1
-2.233088001242845,0.47682757264156717,-2.641855079780147,-1.1672002042425276,-0.46137886984789644,-0.7278744837645121,-2.6296397157042986,-0.4136333240903043,0.6658243740903074,-2.5439348878098884,-0.5100311553390688,4.02054503151909,-14.779421189913634,0.8850433969165468,3.4548595809330953,1.0059719692364575,3.7550385735518184,0.8521340231464815,-2.306505274975696,2.1393975775573457,Normal,0
-1.9582736057420471,0.8469071787882645,-5.640581641501638,2.2052530773597585,2.7969051752702656,-0.13590479804814204,4.057341473474878,0.09350040566056128,-0.7459701096565426,2.952257435235422,-0.1602702983762718,0.2500143682545164,2.2079266484487983,-0.09688592853831544,-1.6999614549775244,4.1643969989494405,-0.9935353524115175,-1.2264377646495301,-1.0180481686668368,-4.537846454821715,Normal,0
-2.0752874344450145,-1.6572113307180403,-1.6338439917889944,2.372554202435925,-1.116455737731673,-2.172803615380725,4.2323603205171825,-3.1644848112116635,0.8395606455539233,-2.1087019307092207,-0.2874988395237334,1.4566584293614118,-10.905362834411761,0.6039089756095426,-0.1931042050224212,2.4566457839598055,4.160089315980296,-0.7380184398825007,-1.6102716201199179,1.9816893468002719,Normal,0
0.9061417076844628,-1.1567840115667785,1.6658525539816418,0.865739156244804,-4.448062674351663,3.243234532779228,-2.6989543970049725,1.7218239639915824,1.5387772910681887,-3.6434051382824477,2.103910958422228,1.3888646139232286,-4.595309961662635,-0.46740037945085394,1.5752295528832616,-1.3949410184007784,3.8419683043678883,1.5712547358520095,0.49230327935205975,5.895137770551511,Analysis,1
-2.7910925566696854,2.96934166888694,-12.09137590135437,0.4759205008212444,3.2273469236869072,0.7319418016518594,2.28241082286321,-2.167019784607321,0.21188691352859798,4.326511253167197,-1.0868667555714044,-0.8024827547718014,0.4558464313292607,0.14769422173020996,0.4116127219168093,5.356062870236951,-0.7384031066469964,-2.23259370544405,2.7194685134748853,-2.454339659803078,Normal,0
-3.235709136135093,0.6097820648465805,-0.6253401315146638,0.7630712042090613,0.7713904434330688,3.8586244605353914,4.489248442401684,0.47371627377269476,-0.9625871605172955,0.8631791416965784,1.0364809414232734,-2.259423849047223,2.451705167014562,0.6183472573306694,0.26138765124924634,1.4310419004790016,-2.9836782176831695,-0.8643304624692068,-3.290610001371874,3.6849043913160555,Normal,0
-0.779429145234591,3.6406803998318398,-19.23496739834987,-3.7033958566416763,2.366960338327419,-1.8096405755479226,0.2932921600941003,-5.688064164735159,-0.8759061546935356,5.147738569054388,0.5922452166433445,3.08623984016765,-5.657933887143482,1.5269988083750052,-2.677084908952234,6.62697839494126,2.0388088832625657,1.488499910290449,6.356171442012378,-9.763265053131947,Normal,0
-0.9317582317699116,2.5465151762040876,3.5380628470086597,2.3280092860154937,0.25026015799376244,-2.8612543362547713,-3.0946441730457406,-2.3050960037620034,0.5352102851436686,-1.324921441120642,-0.5253600037300187,-1.3314647038172573,-5.82744474491502,0.23273655767532012,2.6971400602617104,2.8023068269474103,-0.812821226991514,1.0355390177754167,-1.8808376629482377,-1.6491776486287741,Normal,0
0.4321269310371467,2.2229999898831356,2.9143469740587578,-1.5840618947092642,-3.8521766506112365,4.1925025264223,-0.8711911198264768,0.5084652490253116,-0.8139173388487111,2.178832455924901,0.6188755164948907,-2.93811463259678,-3.6576747947544694,0.9771804785810942,3.688123851663021,-4.3127971350798004,2.1175624643486533,1.4622389865751582,-0.6484562669107254,10.450346947708269,Shellcode,1
-4.858366452255323,0.829946818030577,-5.3201213686106135,4.129049820194924,-0.5410181803251819,1.9152643064255916,4.158670178099667,0.2763108029972816,1.1559001794174555,6.1174103662315344,0.1590436047237478,-2.1646420417655112,9.81753740157009,-1.0310882382320847,-1.3336073127957708,-0.8468844255987968,-5.540670858301839,-0.4877651653678602,0.4473040154155804,-0.28935931668860526,Normal,0
-5.44828341267521,1.7635507064197347,-6.719116566890061,0.6488876267035713,1.5300491637293423,4.448967945256923,5.0437252797052565,-1.0875047632147747,-0.6403697443878648,0.8725764684050183,0.8110846134524657,-0.8138450977362574,6.213924700682068,0.503175456998856,-2.18933869919566,1.0227081558639302,-2.6379313392521677,0.7766463098556433,0.9408075168292622,4.121871609495599,Normal,0
0.9315737342442951,-1.1562070346310485,4.26460163697896,0.9909249666155936,-4.979286774862466,3.6611630055604794,-3.533082456749984,1.8633387208074224,-0.6935896806233268,-5.527724159491074,-0.1320304925170551,1.6778224377024609,-3.130876828522356,0.7787702830260547,0.3719518044066259,-1.0813029594352932,2.4165782011121184,0.7781304493544576,-0.5056362429099976,4.301103247171934,Shellcode,1
4.5510986032726235,-3.0859029951803905,0.09528889150473718,0.5900145371836608,1.0212811215938045,0.935315435654829,0.7761269953349932,1.3137729767404314,-1.9006588141730163,1.854909645863287,1.2207215224441101,-0.34951450663227046,5.7465737439866125,-0.6021436225407276,1.6679745852694643,-1.6541364038860864,-0.13566726249175565,0.02997712153848553,0.5855363717878314,0.511852894035675,Generic,1
3.533104079443043,1.6561649648270367,5.838789587100562,3.4192562199518393,0.04872000785261332,-2.558768124718697,-5.648962275106811,-2.4323271467735217,1.1020829352359323,-3.149069843783843,1.4488603763144885,-0.9351926634633241,-6.535266887476784,-1.3237349706489725,4.679695866627486,3.6576010817335063,1.1301908296164918,-1.490226175660209,-1.6682306457897609,-1.7807483677530982,Normal,0
-1.1593663912183632,-0.23338916774755392,0.08702606712004313,0.32138324003908725,-0.7211362358858828,2.0602350661708013,5.292442055618251,-3.4624007637975165,0.190602702832918,1.371865601675228,0.5160592838201955,-2.0315001319556565,-6.653656131258363,-1.6326180452350747,3.620592724852441,-2.322278846882031,2.306160383990453,0.6560899268275224,-2.3680506904364513,11.1952690146803,Generic,1
-1.6479934680507204,-0.3067321313935456,3.2286124594186374,-3.256250868749284,-2.3796566759339237,-2.724482894895819,4.961037699000124,-1.7804101537985417,0.2009563978861731,0.9772515832950326,0.051308619657192724,-1.1833574404004756,-11.690516197358855,-0.5175045907344314,-1.5551815571149938,-1.6493969513984073,3.9705795156636072,0.9221792602990441,-2.6664701350474407,3.3916834639484508,DoS,1
-1.4804275849676207,2.4953378951800715,1.4157011457671562,0.853385362883673,-1.564632364714677,-0.3518449629351922,-5.327943214619058,0.054074501091685434,-0.646493116437508,-2.3937369455592714,-0.03504168830278858,1.6979423045509958,-7.451495334068654,0.679011930786833,2.252962346265611,1.3289815155578304,0.63209486501224,-1.059827690063636,-1.5337396048490164,-0.759849798251996,Normal,0
-1.7561204218033537,-0.9694173861711142,-0.8334301827692232,-1.705274651369665,-4.649350099648232,-1.077325317247946,-0.27637488508608155,-1.7681507327502244,0.005470578005373759,-2.16590487346759,0.08639863674911352,3.9311627674755707,-16.610645930226106,-0.2756310996678916,0.5345581255780815,-1.8103261285248307,5.659665990746777,-1.1071993740311197,-1.6117137526351737,3.5769931796668315,Normal,0
-0.22162249525494038,-0.9137531177008782,3.347812118299861,-3.9557388948075167,1.8933233436445485,1.95918604832252,3.2225737648154067,0.5959463054158245,-0.7010151966770869,-1.7733263467284215,-1.178532620383248,-3.2056804759149653,4.477115220852515,1.4759646948424598,-0.9660807831928937,-0.9327521453458543,-1.7142517823302368,-0.06460771777354891,-0.35672586709183207,4.656492494924973,Normal,0
-1.2207808873719341,-1.1559178466505595,-6.166657651611153,1.0001369883847184,3.366012561790654,0.6540844056350483,10.676308926422879,-0.9920680751263445,-0.3818828668656508,5.630905562018117,0.051219484615089336,-3.376565144034128,7.5234763635898485,-1.045835602206935,-3.6379958508966737,3.5680058230385,-1.9691711660190871,0.027957661115363623,-0.326484400937894,-2.1375099169921667,Normal,0
4.288216547221671,-4.1948060452092175,0.08936818518347067,-1.0442497043293253,-5.942728197804368,1.402712419217647,-1.7708240861763342,1.8280343743651446,-0.062480331002476235,-1.758507465821015,0.14099987497696337,1.1385525394093874,-6.444890957387399,1.7438359012909188,0.22345578553417988,0.44652197021176887,4.018183267964902,1.0000461431316872,0.9199826644956064,-0.3408213847575703,Exploits,1
1.1540136512526273,-2.57761583971365,-9.172263310479984,0.3998716492413745,3.0345174870883107,-2.9546781871255545,5.659452657446688,-2.2865511407950505,-2.0789184806793735,5.713719434356541,0.6494152318255041,-0.4175519441192709,7.197180254894545,0.10274961130801535,-3.407668672211544,2.7155918629957756,-2.3230787684307637,-1.2973474099415438,3.2835339351353645,-8.459941590168937,Normal,0
4.502019148129682,-3.6210259465954295,4.801347876531757,-0.470686864920564,-4.182964923826809,0.05032363602387657,-4.078485761726254,1.2088641630816512,-0.024905317889254742,-1.4593259894023638,0.03700713200476698,-0.5544988526712338,-2.7038276402911845,0.7266208223411242,2.6813811673644223,-1.0013455105602012,-0.5950350930214201,-0.6210885186619435,-0.791243200047643,-1.0445590086446415,Analysis,1
0.7614167661451043,-1.1840927205015648,9.383330443291378,0.9132915688084271,-6.835128621640703,-2.512533453997065,-3.103037875519976,-2.1700802811137523,-0.21664932130436512,-3.9479117581439036,0.06735129778078071,0.2036304911812501,-16.23713717959694,-0.14998747135274504,3.746528441496837,-4.40902788883551,5.8015176139725675,1.4685339022419321,-2.059962421757775,8.31719764446201,Normal,0
-1.3231695451426364,-1.2732893268933811,-6.084660900576124,0.060659894125487446,0.5100629462963964,-3.139096238543427,-0.7066006573627357,-1.2071272023875683,-0.4791116545854274,3.432428070794641,0.5282544466566584,0.021678336210881,-10.427785644878053,-0.2761536977781553,6.811256071028365,-1.455955973816476,3.0828702705115214,1.5069843673050773,1.7430093034648697,5.3554579018035655,Generic,1
-3.5337419672415478,2.836397833810608,-2.1824767330124604,0.4429829065607044,0.927228796151522,0.6378953566324548,0.5549904554562595,0.003710734376636049,0.5205667802110826,1.1413475419899002,-0.9991461781992887,0.6266337307895076,-4.103686275392225,0.9620829327412961,0.6049079121086961,1.8960645957075803,-0.5738289790467566,1.01074993290306,-2.6953619138631213,-0.3433901893244862,Normal,0
-2.74132755101589,0.604120594426338,-1.7449340309550587,-0.23383448868687795,0.5224289228041759,1.4843703992783812,5.087573836164369,-4.0428335653477205,-0.2520281821677836,-0.12677689940830628,-0.10664458921195621,-0.9398522396945106,-8.479404480737132,-2.4070285957820063,2.8780020734809524,-0.7198250007657372,2.6890567620222763,0.8506873246896567,-2.0189372405942416,10.172946226740736,Fuzzers,1
0.1761569307153632,-2.835639595367554,-0.6817163919973734,0.5830014235613006,-0.29486849302509865,0.5560095170676413,6.340905124684852,-2.9493867325046983,-1.8511036739237008,2.4636841048659113,-1.397701488322202,-3.3690173603413416,7.282572076084191,0.2899154019543894,-2.384041477360688,0.3894797186208241,-4.90632086154364,0.04689603667611602,-0.34905208521812403,-1.281971157816332,Normal,0
-1.6947466690386905,1.379915647823018,-5.7557069390969176,-0.05160377821870332,-1.2650419025948345,3.545702635147293,-0.36977466846130735,-2.137748392494584,-0.10049211944393777,1.1365774883200808,-0.7280189055105728,1.7436581314174937,-1.5900398007810028,-0.6849991243323016,1.8750983481003176,-2.3624503953642075,0.5723771587477826,-0.4368415986398874,1.337472785419143,5.710398055907567,Analysis,1
3.991692645378861,-2.9165128338031927,-0.14096917805016007,-3.352563675177602,-1.6777625468174635,-1.269764022304146,-1.6082812746096036,0.5094573603096402,-0.7550008668155277,-1.686302695330908,0.2394765410182496,-0.3873824595285136,-6.930889912463512,1.8286422237434827,0.8916446333052968,2.7083919207744716,2.7516997287232674,-1.4269238035023182,1.0126560389807886,-2.516011146693957,Backdoor,1
3.3714935242246735,-0.3358394388877335,7.32618781103219,4.086582668446868,-1.4824977158345614,2.40732209940632,-0.6475753663237163,-2.5313385508737243,-0.2109724946124373,-5.0478906699424595,0.03782522791170415,0.6738363413401031,3.2960677628719,0.012985414859594728,-0.6993879355614752,0.30176424184546125,-0.4499538588948808,-1.333195568791597,-2.463622869704479,1.0126422479400268,Normal,0
-1.8337370209353554,1.8091386001058019,-0.4068115950076483,0.5492273255137948,-2.5492202557384207,-2.2305103557303707,0.7047111617378758,-1.4835344798468233,1.0809661708636942,2.83012278526121,0.38839886855045264,-1.2343951429874522,-6.431300807799516,-2.058526088833248,-0.47541599760898,0.9462821526072276,0.8147785361533171,-0.32148601236770674,-0.7723395752620319,-1.819042594998624,Normal,0
2.1186011211244056,-0.4212123464896984,3.478940060590893,-5.500129758440563,2.506662713644828,0.531436755307419,1.7983600220945348,1.262307986859812,-0.0768278765899974,-0.17844789581791076,-2.957031750978881,-4.733774822485051,5.093563689091187,-0.09345985574185207,-0.2160378856283205,-1.3549995071883414,-0.013958572540091696,0.5472318317949715,2.1288680111230223,4.456872482983433,Normal,0
1.5394007043533282,0.6693461634261573,6.949838482627814,0.5077910803068935,-1.5662893427940694,2.098293093457664,-4.3776057022542805,3.5916676374409886,-0.8202904971574921,-2.3389300812020144,0.08973303704435358,-0.5972558763488922,5.247791535671999,0.9623794069097557,0.6078055726092714,-3.0671143848182667,-0.3485484239540235,-2.089799188711629,0.0815870675460566,2.728111914346373,Exploits,1
-2.458270811560542,-0.9307972391703783,-5.0962308838053385,-2.0455439692309314,-0.7928996031207971,1.6544762440601541,4.581813910772016,-3.4745743060408456,0.5263852893080472,1.0244775872176608,1.2773470811936964,-1.0795868419930954,3.4395237255268523,-0.4481112259133839,-3.6040722657760407,1.0845279889703447,-4.140822422865578,-0.13240411277676944,0.9864546832153414,-1.5340061320651852,Normal,0
3.230875696047101,-1.5713025753348249,0.0023382430132334875,1.1526144393887705,1.428693708109928,-0.06660277087799327,-2.668050914160715,0.4537009473887871,2.4213421166717644,-0.5063545067588195,-0.443449437650773,0.6739460238731355,3.3418347847784213,1.036189345096718,2.3267856017147652,0.40635958444559384,-1.1659547912259627,-1.9258652750401701,0.5857873457763876,-1.9599493306877918,Backdoor,1
1.568927499875092,-3.9923542155809453,-5.571905520036587,-1.533153200451007,1.0845001497065478,0.5595817730834112,1.9870357686798228,-1.2986321356805561,-0.5539483410620168,-1.025175829754966,0.06877490662237085,2.991832950279885,-7.136999647343091,-1.136134632871965,2.4786895821190384,1.5871040807891976,1.8855735297195693,-0.34779112905266063,-1.168273728847708,0.7669329279643755,DoS,1
-2.6018117553619344,-2.592000187455298,-11.244885429300204,-0.13564399553226836,-0.34095960275802695,0.8503827337467746,4.1802797997806245,-1.708018438158191,0.7617875524805855,2.8637781980633945,-0.890388486164336,2.6388686741381977,-9.965457179227409,0.7198621745858793,2.570445448005084,2.031801587301178,1.7138464588477063,-0.3583545049852123,-0.9898844258146782,1.6029334593683957,Backdoor,1
-1.9794080111382177,4.300372572129521,4.887669284888357,1.257494147959359,-2.9274060985327326,0.8470822442592927,-6.800772882589225,0.6860008990713302,-0.5670333405086315,-3.4008238710266046,-0.28141307792445,1.7849215562566076,-7.44386612074136,-2.7861476877805345,2.347574730210122,-1.3962670561623494,2.1225416559902377,-0.5334852601458465,-1.604748045029921,3.379520936051587,Normal,0
1.1032139558014422,-0.8073250115806907,-1.0776723873924765,-2.5465788143048655,-0.7173521478142341,0.10285930287254241,-0.2530772862019368,0.23607686560726293,-0.8495838905284986,0.11349061943978533,-0.5294855571652911,-0.22304786448134117,-3.9108503396865064,-0.9592269745829358,0.8886039892614755,-0.030799938392525927,1.7427184267468845,0.4294220603191373,0.6529612725745808,1.2131242500597823,Reconnaissance,1
-2.6279677590548545,5.659524283598108,-0.8901214120712431,-1.8072556377210205,0.7766636592956737,1.818654653541068,-0.24668256466449345,0.18388854324723747,0.1794108420705262,1.5016564509173114,0.6944493830487086,-1.9170765773969747,6.341577526754132,-0.7685982841060229,-3.9843489338698808,0.5885947533238785,-1.458044701196171,1.2578784603459052,2.029486584009885,-1.1392330999006723,Analysis,1
-1.0328790723660546,1.7433135968442384,4.575256666922081,-2.473692927346507,-3.3725392363790534,1.4019306509144416,1.1051163569903388,-0.76564964548977,-0.178689398791998,1.8195378763767782,-0.6180605125869435,-1.6310356041866427,-10.486528729522506,0.18371664269576576,2.1718329949041926,-1.6359156889558661,0.4500322597581732,0.6663769995473305,-5.671579172278616,4.264296412755459,Exploits,1
1.1911622219391647,2.043870888094669,-8.000512504096053,-0.25112655750819024,2.7071034378556424,0.09003796828962596,3.410340281537727,-3.334762697758623,-1.3870028269138248,3.2887651886379707,-1.6715221813315757,-0.7621356039835848,1.0094664735377612,0.5073443406413246,-1.5182894323066358,4.369393104977549,1.5586351411530042,1.040575535318237,2.6631133957914797,-2.940372414051643,Normal,0
-2.998324411564921,1.4311590761932074,-9.619173878353294,-1.6043886463917456,-1.3891950907895319,0.7754003475092348,1.0674731969293862,-3.1841608195126705,0.480823477896787,3.82613760156825,1.7855237354807911,0.7299593354940681,-1.8189438544019625,-1.258010989689466,-1.641389846099836,2.1465876428831687,-2.975420780270118,-2.35341444736921,1.3962361260985834,-4.56688923902386,Normal,0
1.0674159110381436,0.2967791921629226,3.447677292212578,4.946059855458247,-1.9669653729203707,-0.6497391042322381,2.7999978861092094,-3.592684034540179,0.2585585707663054,0.5653222405867029,0.6358515447128534,0.5128337321977395,-3.2654472222533615,0.7468800939723581,-0.7867424443027384,1.472748568602771,0.0401942415241896,-1.1265941729605462,-4.477486050908786,-2.4116231456452617,Normal,0
-4.094953059976092,-0.5244783868747422,-3.283806452313894,2.14659090905717,0.39260454551170965,1.5843797648727964,8.003424857136826,0.7308349586187872,0.2040093513708996,4.362448917348408,-0.9207033396866707,-2.2074130260925777,10.811732332887027,1.2175457674167869,-5.145513857107929,-0.20806227271831812,-3.924858553975258,0.28348253305942994,-0.07656453626792503,-1.037343589174844,Normal,0
-0.5817070490272063,2.1484682995584556,-6.2086387343630784,0.5672582886085185,1.255530682485289,-0.17186819209846171,-1.2995773814180303,-1.3915010357240392,0.5167464322875994,3.563312527490659,1.0632013200515105,-1.690016250010117,7.828730030705299,-0.22769657636087406,-0.0655719355659461,-0.49693782948316434,-1.5860866041402302,0.005665584415509767,5.973871402473584,-0.4064021387858005,Normal,0
0.09809111917242519,2.7458176427803735,5.322143053725967,4.948557050649555,-2.0538279422809746,-2.8589470904362684,-3.36658770271912,-1.4093937517261237,2.311303586756249,1.8070033937241758,-0.9947337988985762,-2.6228492517930064,-2.896418292176743,-0.4516476363559422,2.456683523143755,2.4042661458626418,-2.4296512456122814,1.9443303158147736,-2.8338042155089873,-4.45158830627245,Normal,0
-4.762116515798246,1.0407336965305045,-6.038659153399326,-4.61732974144943,-3.4297610324043135,-0.5821518776680971,0.3948883307092328,-1.1672371841000333,2.5102281475277115,-0.7120141298783424,-1.571866188296753,5.641237376533694,-21.13091894370872,1.1568519622269104,-0.29670925861417796,-0.32853065583408325,6.06511559620931,-1.2625158092685047,-2.473067696073226,1.9526783741597638,Normal,0
-0.06079611903141857,3.260345977877123,-1.8657770457307918,0.8028725149656726,1.5541676317151991,-1.1558190040418541,0.8259480188676591,-1.496911589481323,0.005907809480906101,1.7450950506357406,1.465185143372128,0.03852722769660044,6.018421636039609,-1.315129741506286,-4.164393306129311,0.4337377666545347,0.689316006371226,-0.6683405782174064,3.055971288378773,-3.514957970116726,Normal,0
3.4320785529844655,-4.353167519967386,-9.470582713896956,-1.227893564858193,-6.358745283401581,0.3474830706815325,-3.567367051704804,-0.7872680894943387,0.340444176783171,2.8394152684118064,-0.2625442100412391,2.5288041424152246,-15.740012699121646,1.5609530256227653,6.044558770111262,0.8321898740878235,4.383975895722068,0.39561104911212497,1.90056886813873,0.23233922572724452,Generic,1
0.8882687983578119,-2.4345867190181063,-8.732774124799885,-1.2042722375911474,3.815251524331149,-0.2756027149195732,8.069040903226142,-1.9186517154587461,0.6466355462956137,5.413387658784858,-1.6439267258492505,-2.650508789553668,10.755806198426434,0.3875918273064956,-3.3164291858887593,1.1532298679770887,-1.7714017178836192,0.2691997967043428,4.439973980450331,-1.9550611712110664,Normal,0
-3.8957357839470603,-4.145122057275573,-2.157978187758682,-2.142970976216236,-0.9619177786984783,1.6143062484344373,11.154382199280233,1.0046851445577736,-0.9555651013138681,4.030902096315221,-1.293982154515715,-2.582080708479885,8.104638311869202,1.2410683720446407,-6.744794024769172,-0.8146479514137339,-5.528738755165157,0.4912892740202906,-2.303922803714692,-2.044055275053426,Normal,0
0.05817817375808332,0.8280321277673902,-6.675464464285922,-2.477973746474534,1.5283435005776262,2.551823949387461,2.2053684937635847,-2.0136382482328323,0.008194432607834298,2.077041127126272,-0.47426882026173545,-0.7663069757515395,1.5962557707289058,1.2487716185599818,0.20311740697029212,0.9236573666633467,-0.22665586254939063,-0.8046329957379039,2.1577187987411044,2.0497715506972907,Normal,0
0.144890564669651,1.4511530215501276,0.5831827276344476,-0.6577572975039396,1.132287732985446,0.19695181749374413,-2.0015284980333203,-1.3500216713994575,-0.5950674874515303,-0.6422915607197226,-1.3131485867149486,-1.178708963283493,3.5680710002160674,0.575598427452059,0.6763098754476387,-0.5538164194230477,-1.8263879888578378,-0.8714583655289032,1.7370355226783996,0.893104227906234,Normal,0
-1.1785205539073835,0.10607500581185758,0.006933553055560426,-4.230831824066407,4.555771634839762,2.1549579313215044,5.7268781530842485,1.162739707178769,0.32251899480844265,-1.7901469113760085,0.6071282753567034,-4.071097428512964,6.330757207632805,-0.2984957260114226,-2.4412199343152725,1.7153062000642982,0.2275553558248833,-1.4515896670588315,1.6120041639726048,5.211101252119009,Normal,0
1.073282009652949,-1.081392483744477,-1.9527242864772556,2.018391063526366,-0.9891873797966212,1.9313846400968426,-3.2138937984060107,0.638678115700462,0.8517658021167832,-1.6877967933939828,0.4320334774580093,2.1521890374022834,2.128227743683664,-0.2572193918234778,1.9656555263376054,-1.6426907905680923,0.9060381116865719,-0.39949271755314286,2.334963819872736,2.700091146870555,Worms,1
-1.5693273688085356,0.5767366102247294,-0.9773842072779466,4.356425835369691,-0.8684980403907144,-2.521560155778523,-3.8594645429926837,0.018007857973859842,-0.3310427306235488,-1.4390626681239216,-1.516355703651181,1.5083317352474572,-5.671213866412387,0.14510228636122208,2.740024654386119,1.9578827900542257,1.671050282109345,-1.8734007479160366,0.5744411704437031,-1.063568146077027,Normal,0
-2.381346565702169,-0.4987187847553758,-1.945785411424322,-0.6222738842084394,0.6420569826229283,5.331733831007494,10.217518613984485,0.3916687287954128,1.268070600795232,4.266931731924412,-0.6944361959530929,-5.0886312558373366,5.262340239673035,-0.23243834878877506,-1.1644887531193011,0.8492733129271222,-2.438504302777809,-0.47258203671350335,-3.0363076312171255,6.300318102921692,Normal,0
0.9711605060347202,-2.264500915669121,-6.446525565266048,1.116177071400882,0.6372985798981692,-0.7839333043185426,-0.3712097767709064,-0.8641673236275701,-2.47248930972636,0.6565920454871705,0.8895504961526624,2.625933387151474,0.43853325063533194,0.9833209939471829,0.5109969740355516,0.6984636722218198,0.5112281060624385,0.8927627434331373,2.5588719986902566,-2.5574307404632486,Fuzzers,1
-2.815719840843111,0.42835039083711046,-5.062905288939103,0.4681833812487004,-2.694313998948692,2.871384178178913,-0.6745687692129798,-2.5939887532317742,0.2871388997373805,-0.20921325892229992,0.8453652286993314,1.8933177180320193,-11.071023003257826,0.8622684306025833,5.075209146788733,-1.4472046024317184,2.2788496268264686,0.4016247116933454,-0.8918778516039092,8.655491149502977,Analysis,1
-1.4347924956337623,0.3678806770594867,0.6310078847798267,0.777121506892805,-3.098475278956995,-0.5840942317426141,1.8901659122602523,-2.8269455982774008,-0.6667243125754525,-1.892880539081648,0.16994851969779648,1.4868986982336454,-8.541071124529918,-0.9267393394792822,-1.9431101830451345,0.8236988137622379,3.0080904985012538,1.2863190129738034,-1.5494514196634475,0.7292505150085504,Normal,0
-1.448221369940719,1.0389076174410468,-4.26247705544387,-1.540134209225565,-1.091528462088835,-0.16868389272027984,-0.5667591457716722,-2.6536964312537927,1.6478906416993029,0.684164351447232,1.5543760882563475,3.36667712248026,-5.683173328955162,1.3853601717218151,-1.7041318362615248,1.9793526738436853,-1.9673319977818475,-2.034639238011982,-2.2809842361315744,-6.547824261531145,Normal,0
-0.4098037219966485,0.6044537586773202,1.0712934008344797,-5.178046474349898,-4.219004064006185,1.04016019312847,-0.536569745424267,2.8877969623551447,0.20059357907775371,2.4535559932408058,-0.832150297660232,-0.12828504591945844,-16.047638744916355,-0.12349510388267297,2.212755377337221,0.7564016366117197,2.672058222307934,-0.15349713684475594,-5.539649539000296,0.25519091050431697,DoS,1
2.3021634387233902,-2.7934769507551325,3.5927647694121294,0.3664965484333721,-0.2584577785149482,1.3516768739533753,0.9039615289545231,0.9031959153365589,-1.1098690073528643,-0.6927183142063872,-1.7689252969340425,-1.1991448593276735,3.4089250559525492,-2.266406573227337,2.08815977695917,-3.583462522735502,0.40767417485354784,-0.6520424141872561,0.13826403972983448,6.051351655886679,Backdoor,1
-1.741433687679287,3.3324268683967424,2.828143276360514,-1.4563214231440997,1.236493153256726,2.6478411591050706,-1.92410012982638,0.26876613849902875,-1.8688979708886237,-3.418136375968123,-0.07383294899811627,-1.0835794752634373,-0.6361582870714293,-0.615910983381063,1.0510168044112103,0.7743443015330989,-0.10626574468305994,-1.2227432260488038,-0.9066917226329636,4.606850813588361,Normal,0
0.17624142698903933,4.832433417176416,-5.203673223811347,2.9358230607281808,2.5685253319604717,0.5595577266025291,-2.2509691101397036,-2.946273288852796,-1.2896951559203962,1.5154444687651107,0.2821156672782423,-0.06604391420152034,1.252935033580848,2.0205701568219876,1.8693163626043718,3.1425336113350375,0.9753414542736336,-0.49092533006785505,2.573903592391442,-0.43800943205161014,Normal,0
-0.04214551472292727,-0.3784662233966626,-4.7781315744985715,-0.6800247833777648,1.3644474216852251,0.7156327619469343,-1.2355643784852486,2.9022149363923564,-0.14594335001238623,0.43111474916043147,-2.381191535774456,2.8120347295384875,1.2376533025268213,-1.0090056585251552,-0.1487500839884599,-0.29990289156100436,1.958718059382538,-0.5345485150959229,1.9641164479949276,-0.7632929910944802,Fuzzers,1
-1.9898310084823452,5.794383071625796,-12.001582235101209,-0.2732596334992944,1.1144323022663911,3.228040465790229,-1.561979162696017,-2.27387366673054,-0.3212376998203314,4.314385566811392,-0.2956647866854629,0.33243187628355186,-4.3375995312179825,0.2111814224374303,2.814242190969858,3.8042414628121555,1.6825415014609302,-0.3649543042166179,2.5649757999336127,1.215385901784343,Normal,0
-2.498066737415871,2.2305488503324096,-1.9344775161242218,-7.332827000392675,0.6254151745556341,7.080283362197659,3.0440754270774857,-0.8124501950920406,-0.33220008635431714,-2.013654882527185,0.1241057716724938,-3.6886947454751993,-6.901895354214808,0.26620531238892353,2.7029976063703276,2.2428563700589574,0.06273132200987575,-1.4440701747938907,-2.448828875059499,10.77441480356075,Normal,0
2.788011620334916,1.9192530383037316,7.162590763175273,3.73745458604461,-0.6560539449809591,4.875717314786754,-7.095775204633771,3.7327743648971894,-0.377163761191214,-4.120958339961346,0.5420378698608734,-0.8315335466212077,17.287660553755895,-0.19314227680807125,0.23239410923515225,-4.212062767492688,-1.808447983003183,-2.7691765652335416,3.971594367542746,4.6689764032857415,DoS,1
-1.5078222395794576,0.7041621579216757,-7.739167856091187,0.3628464900901003,3.666440055565417,-0.8449412277666752,1.0864804277705389,-0.4905449936093783,-2.635443085703137,2.8270148219755606,-0.7835650316162242,-0.788862934364113,2.374676861532913,0.43536950349848874,0.8135124945592254,4.070233627098519,-1.9984853670944949,1.416311989693794,1.8542588989699198,-3.7166744404385392,Normal,0
-3.6084139175518732,1.5274913708554763,-0.7005255723578434,-3.8337075374257523,-1.2478215778423634,-1.616160330731616,-1.1021923723514855,-0.9337524830883365,0.17808156666067446,-1.9294070956783158,-0.9732126983419084,-0.09732462942919806,-12.924359738123469,0.17137994672354182,1.6238529063075173,-0.07318006844210045,3.5662783014737527,-1.5633745308995133,0.3002883368254565,4.885950657486735,Normal,0
-0.7576187322571757,2.449063587953524,-5.188512391233949,2.514878297617886,2.019188869063299,0.5965592552804078,-2.75258104834323,-0.39010286523451954,-0.8649619484873124,-1.670691249878967,-0.28297246036819323,3.9195397590987193,-5.442935575267956,-0.3381984166358274,0.9136305259828441,6.799329240553883,0.3664249002474418,1.925075829863089,-2.3861061893953295,-6.733673439164944,Normal,0
-0.2539274727094034,1.9958258323291274,-11.208047856458462,-2.2150459094508523,4.922436270032269,3.0167991230797515,4.195198430428166,-2.319191368885185,-0.6030488013442444,2.237819293467977,0.2633343891549184,-0.20349769145462915,3.9386190222610447,0.8750252232836752,-0.5554449959593546,2.549354838175974,2.0937379834145444,0.37102787790352465,4.418846955558571,3.2322190359866525,Normal,0
1.4969247970102546,-1.313299525700335,3.7493482486466547,5.52593048518356,0.39700947338995185,-3.5791949134276844,-8.75861013850095,0.3112497964091403,0.6681493790420897,-5.900164422587804,2.0628329189248054,1.4982839647996289,-8.678305134046045,1.0730797439725925,8.50149193335356,1.9451227347576225,2.59168534053992,0.7719080873108776,0.299468356737026,2.3125959775692815,Normal,0
2.75744154041766,5.22778953585377,-3.084576963834187,-1.458688626272441,4.823414570800981,-2.0615042108961017,-7.132957185371751,-0.06390850348666977,-0.9213187551856187,-1.2164767306471367,0.18216541635919214,0.5037146091078462,-3.575599746516681,-0.25012488776463804,3.2513474202058044,4.415061902286622,4.458473838914475,-2.4935734259176807,4.077567183078303,-2.2812174296448946,Normal,0
-2.205547962139424,2.952595322821759,-5.48910575508352,-0.07543998843085231,4.581969895288205,4.751950513674834,0.22063588887425578,-0.6425174169498771,0.36223341348186877,-1.4794904630620613,-0.279016461554081,-0.5670588152856197,1.1086727633551472,0.2497904334534407,4.054610556397516,2.32432492565783,0.2822200002829476,0.8651614867964222,0.7147201171187474,7.882025654932572,Normal,0
-1.7384817039201805,-1.0333169243885685,-7.162798856922798,0.20281503033911408,-1.403221822646155,2.1664198593409485,0.2926453903303693,-2.1508641040815073,-0.2933188682052779,0.04335646747619615,-2.24809519277107,3.9618637135053616,-10.52751128620075,-0.2674362157878161,3.9821455284484495,-0.9475221170139897,2.8488072011970447,0.3065462765213995,-0.9842105847884179,5.610457876562255,Backdoor,1
-3.84478418699383,1.9168396174103266,-6.61760200165427,1.3982435224582637,2.562678545713002,5.084853007848116,5.671092860780012,-0.8961152276853329,0.05414116123232685,3.394508999798755,-0.774682187050541,-4.4450090226704635,10.288263829848528,1.6986713062334942,0.6432950221009315,0.11263388798366569,-2.5601778438239196,-0.026756335988941612,2.880083368701309,8.545131837562613,Normal,0
3.251513066985777,-4.198638067322869,-5.741690676475528,0.9514501677565839,-1.3391851255864893,0.0015129705469727472,-0.026328438348045324,0.13625544418040603,-0.18236180215957754,-0.46224933790129075,-0.6190285007308054,3.87123610586651,-3.4709130022682273,-0.40738432306281896,-0.009300996623051061,2.234105762421569,2.459409706263508,1.7862903238866437,0.8868921176346465,-4.4110336024505035,DoS,1
0.3318932118754818,0.31819205550584806,3.306746013209783,3.3396332313641137,-0.7830107039752934,0.23483650922895172,-4.326304399460808,-0.6593702538516044,0.8058800890068776,-3.913468433073863,-0.8799699395302623,3.6917405417425253,-7.888455825416857,0.7914083074850622,4.181683690398751,-0.13984867736190165,1.5874343169792637,-1.5059339950067847,-3.7147512312102027,1.9588818885745387,Normal,0
1.6919523914503851,2.507977255113615,9.290739455049023,2.8907948328214284,-4.317850562812753,-1.0513212037399027,-8.145060419233292,-0.1883665092878659,-1.9983157464875707,-2.5577850096119636,0.8297738511443541,-0.00202175263131954,-7.715755382293842,0.7467647387602364,4.693592290924852,-2.1460192403170204,1.5302775469008996,-1.0690245858543965,-2.227668970469377,2.4606473221409226,Normal,0
-1.027244764123493,2.9144783718904774,-1.1771470947721492,-2.5430648625186407,-1.9087015964703173,5.30269906629145,-0.16704641203408666,2.670527515762022,-1.85229275850761,2.5472322882389578,-1.4462325699042005,-2.4936907325734685,-6.634067934230043,-1.4335998175166091,4.293001348285291,-0.20805964277243527,2.5241174640076878,-3.448042914238091,-2.068025223970829,8.56224153924664,Shellcode,1
1.3720089534037667,0.5250091626003679,2.242520439245654,2.8453406342495864,-0.6047794307159005,1.3892627864186302,-0.8352248218449075,4.916617680197252,-0.3182601643098657,1.323855211353036,-1.6075809236168876,-2.1797204229803433,11.66694341481972,2.045830806014821,-0.9130751417872536,-4.454255750943277,3.532498665059651,0.39051132447577164,5.696630052849447,6.1013718302357125,Reconnaissance,1
1.2674920732440862,-3.807755159321778,-4.235758269156252,0.21982853447595074,1.843675161886468,0.9551116495312716,4.834428371086897,2.8160261950801138,1.6131575009588837,1.187215316225465,1.5527226056574168,1.9660993714968382,5.151342567827337,-0.09833566025909342,-2.004352307115505,-1.5848647650645606,3.029386353436255,-0.5825135959083622,1.8521487682604985,1.6389177754426711,Worms,1
-4.103396932678835,1.253731065141177,-4.88089817096963,0.7170251761391208,-0.5092475881342747,-0.8152235143768032,-2.849996609749529,0.49403704569333184,-0.8799206025050699,-1.6430170700004856,-0.8487059240643177,4.752274647467432,-13.02591842486349,-1.2135898903361118,2.4472852203831725,2.1266938587912905,2.7953321067599397,0.054085412771513956,-2.0751360549725026,-0.47954356920847374,Analysis,1
0.4378760710834708,0.06614107642781963,3.942280188847283,-2.352311128575614,-3.936597708635935,-1.042864963902411,-1.8530390409977346,0.3601181937759461,-0.17326412410434758,-0.6612714425455568,0.5611168958119932,0.12435442936117291,-11.14304500771192,0.3841283983675076,1.5464565040948988,-2.136253304200709,3.8644292452067956,-2.0216025034582716,-1.5037344246642985,3.277881212120165,Worms,1
1.504930667370092,-1.8844000621138681,-5.595696578723586,-4.343935262967466,1.5877564795457881,-2.385964767934827,4.289162080156411,-2.1708641589905526,-0.6270304551895192,2.7511406657213846,0.16395389021146292,-0.28367965406076934,6.072989371391653,-1.1108867239627265,-5.923690846200582,0.25965561924298697,-0.903243638722222,-0.8660160555020702,4.49025176530875,-6.382339209727094,Normal,0
3.0823217435270553,-2.0201934931636165,-11.372468211188503,4.806475352859117,-3.719021971099222,4.544523842046006,-8.68555261165142,-0.17705546331608835,-0.7600879277439868,-0.1089478252902949,0.7339409444518094,4.3201264068324114,-0.2238214933571545,-0.811055924031409,7.164499774158852,0.014238147073871943,1.1496874841320897,1.0813706668059602,5.854854040347558,2.2867216495095706,Worms,1
-2.373308393628733,6.428597259849301,-8.862397831926542,-2.503984044680993,0.2718914544456057,2.972776768830207,-2.3749348899809255,-4.056772001202677,-1.2625977986764545,0.6504938468058189,0.8924309800481935,-0.6911099730953675,2.8312150011424255,0.015003532142187833,-1.6266664118220842,0.5036958583289902,1.446653628561963,0.03492840360496897,7.648723924644143,3.668669845788758,Normal,0
0.23107108710341562,2.3275342588962307,1.7589186597872475,-2.8308357940954165,-1.6799034175880965,1.5775906490700407,-0.2425375601691129,-0.3691469904609783,-0.31164272508575,0.7992200231126299,0.9770193356428138,-1.3492862118718616,-0.6488190626371929,-0.9666137828900424,-0.9143286707060874,-2.3423557930111496,1.3562396338856602,-0.6107526322989276,0.7579308007499761,3.485404365042198,Worms,1
0.1113038810554694,2.148210941609343,2.3139266928465805,-0.11531919396686763,-0.35177130105704535,0.14309964005823073,-4.313306511984799,-1.121927176942855,1.071376009750154,-3.362773502147614,-0.8435228108598902,2.3137851353710777,-9.995141133822532,-0.47474345479679664,3.1831808651289295,1.4792066156906336,1.8381273650570988,-0.31271237723295997,-3.11404236944085,0.7892891921264982,Normal,0
-0.29915058942734385,-0.2534044364475383,-4.542334629402956,-0.2583356300113384,-1.5668673139284879,-4.56389585977239,-2.1451964560566057,-2.101570505799806,-1.4227062437566944,-0.5807820284853029,-0.7558424580412537,1.5860587360520666,-14.743973572514077,0.3161049936893784,1.8253410655881444,3.91328994314255,4.857843843441465,-1.227162998703048,1.4964536546155602,-3.028881615918982,Normal,0
1.5297557530041939,2.570328866163842,9.099991112172725,-0.42430500330004073,-2.0483133552747956,-0.6793335154018889,-1.7350664284628405,0.47594163396617617,0.1480211853186947,1.3207907017739093,0.9792626280144526,-3.1124780692678136,3.0098339221470516,1.5461089436056539,-1.0204695321419837,-2.9635516793199943,-1.3704593239181273,-1.1809156723252863,-1.4815552256377384,-0.16007858469730651,Exploits,1
-2.91952486742176,0.3528601603583682,-5.286478304532569,1.4679033400225119,2.737801464762894,-5.326468165457149,0.8011150283411148,-3.9651149320774364,1.9676556223485,-0.12150777217193354,-0.12566615083574367,-0.011175878456311406,-4.48390935914708,-0.18986369216348206,-0.3283102353654588,5.6315944617439015,-1.4632067021894128,-2.02616924639609,1.2187978205063636,-6.642258406741766,Normal,0
-2.8723212905433178,2.8178848058807167,1.1355185922040456,-1.171731194656768,0.423764923131164,-0.3388190497680814,5.040276478386497,-1.6141409022204598,1.278103503956293,2.647067141957948,0.8786816503762953,-4.418214754292617,1.4475008209400746,-1.3609957246514444,-2.665959931725705,0.3925708039931721,-0.6004778695622268,0.4639951312070514,-0.1083803801008898,2.2424240134339444,Worms,1
-0.35693933893319185,2.324384615131653,-1.3679899691553763,-0.12125239276402677,-3.006984033792543,3.8319571992122516,-3.37686384741869,0.3659085957645958,-0.6300009056631399,2.582051258431548,-0.3231176059461702,-0.6923276061710966,0.7009124032413274,0.47531251451012557,2.5961203671603945,-2.1015067558616893,-1.9535223935871797,-1.2853904794030626,0.04275782814035489,2.792892344014619,DoS,1
-1.8986865113382323,0.6279104882424944,-0.4641763523148985,-2.0130293427787533,1.716446239457854,3.0954104951400643,3.815884083856509,-0.8525437327462653,-0.7424155074884994,-1.6963466134876262,-0.8115253562722762,-2.099982912186259,6.061419431143409,0.8043867823525098,-2.3446387574009235,-0.18099385138244783,-1.2585534230295474,-1.417803360554182,1.2570589037921822,4.901368887672041,Normal,0
0.6681691716792781,-2.2474216226150245,-3.1172433959018395,-1.4690073810456385,-3.0534637183062636,0.970957981345252,-3.3245065938469702,-0.6537313569694896,-0.8074367714419114,-2.303024693815004,1.54179532765653,2.3482779965384832,-10.549980238082588,1.1979019139234903,3.907842663695723,0.256458991441074,2.2431005592315247,-1.624276596206746,0.1331311409147924,2.6136721948693653,Fuzzers,1
-0.5118658438011706,0.08941379679334416,0.34713511014490805,3.364235290301588,-3.328004554866223,-0.7195552768648301,-2.2182968804996643,0.381445200195095,-0.7664526660874534,0.2970489102407612,1.9157446518204777,1.3571076875897103,-5.328604108952627,-0.03139033582737019,1.3713718227938916,0.15626353403410453,1.4864287774160254,1.5134334167313848,-0.9860419675814376,-0.7956206395252676,Normal,0
-0.14877341459512805,-0.9552894938434084,1.1780298373763014,-0.7770386601398571,2.34148174275976,-0.6614902412037356,4.35460735373106,1.614335662770599,0.4569908857619854,1.795993730414112,0.8357828159328066,-3.1102505051918774,9.046853495310408,-0.33617535520027964,-3.107765887395415,-0.20947841486114616,-1.7839190856560885,-0.5492422532930129,1.1887857286375008,-0.855349655438404,Normal,0
-0.16093694648261536,0.8802547290040218,-4.103971652728286,-1.0738575808627773,-1.094524996962385,2.7039170318375225,-1.3753662528581159,0.5892303247691442,-0.7008768162808939,2.1028495854154796,-0.7068187852951947,1.3418744957089177,-1.8847409434912374,-1.4788546951458899,1.6112257664160106,-0.5157134301200953,-0.23083481048863486,0.06495619101028412,-0.4170695434132973,0.6393640697671669,Shellcode,1
-2.2645541986616724,1.7220191884211253,7.768799097970985,1.6778485151520548,-2.2130527000729936,-0.21731378390454337,-3.374867596490522,-0.3596078422259493,-0.9624303723154463,-3.743043307166431,1.5483177053834132,-0.8861929605257521,-5.024761836788767,-0.24007846117890985,3.061699509569652,-3.1343911743467086,0.9247103725474053,0.7568359119918517,-1.6314007409974975,7.547436647332883,Normal,0
-2.514769241641145,-1.7410785072828934,-2.552998765734242,4.178671276310181,0.5431422310958407,-0.46629952828389576,4.356217117637959,-2.31520863998465,-0.3046510841258466,-2.738839751851417,-1.2085151668214802,3.0004124680218505,-6.68609732311642,0.1460558482978913,-0.1342130919084541,2.7095292788084304,2.6138141985551586,0.44778695140476144,-2.6511265986594523,1.5378831632497723,Normal,0
1.4023292729026622,0.7987451655881019,5.658617730928556,1.8618114436763873,-4.633022186909994,0.7710317832073263,0.15145259423047186,-1.9957361020981308,-0.561494258229149,0.2125460464972222,0.14071679870155704,0.4023141867031559,-6.259395803666542,1.87357357502862,-0.032432780141917084,-1.2367547813532105,0.9951404358351263,-0.22915313590075417,-4.444621095369905,0.45060117019320667,Normal,0
-0.8576234714152255,0.5538300005280674,1.379796521246914,1.18100526201331,-6.1570745951932615,-2.9759367947358015,-1.4575473981604028,-1.3603725493759886,0.3578645563429395,1.0496707746155778,-0.10834359239295796,0.32306508442489745,-13.541672779041336,-1.4507446544685365,0.4657997241710192,0.04135487965265172,3.9906466950909483,0.36526920005909214,-0.9582077246139351,-0.7006925266044323,Normal,0
-2.937162249980184,0.32074415980298765,-1.5289220419929008,0.5251686339754246,0.7825519240352756,2.486726049570141,0.7051559717048794,2.8519135983461803,0.6753008298668369,-1.6738279629564454,-0.22108211794887433,3.527582911062062,4.956572343626359,0.06317286110261618,-2.4144903528506148,-3.869016265591187,1.7307616053363843,-0.5009649581345399,1.2773880511618974,4.34208548241073,Fuzzers,1
0.19013974618423113,-0.6545043674082385,0.7210597817133856,-0.8132765159074515,-5.471266384314992,0.9526026766126443,-1.2397868294773908,-1.456715652606621,0.1820831132372498,-3.505928903793693,0.3791601924686435,4.35598180843887,-13.544760401841089,-1.7723990108582852,-0.69599654624772,-0.6537009601962827,5.121314986092349,-0.7931029159474979,-2.179907315433223,1.6146709712949483,Normal,0
1.4238657937497643,0.766080382185998,-9.530298211698693,-4.616296380697219,0.6473554479081802,-0.36497036354889545,-0.4519935776606777,-2.0799681206769116,0.17458827752600908,4.2834294527530705,-0.6676882828147466,0.7061313720633917,-5.6750348516858935,1.3239236741615308,0.8520759064293655,2.9070741689395527,0.38385026124938304,-0.8793521056946221,1.8409222162616146,-4.8773396149021435,Normal,0
-0.8081189997775842,-0.06550450379587791,1.819018754317979,3.286449832511658,-0.4083199912747628,-2.4945853488937497,-1.48580044600778,-2.1141026801376617,0.15014666133810198,-2.1191514465486607,0.5621028400329908,0.8481370448963603,-4.909481723671401,1.3208065337656982,2.113292124553257,0.043132584647114225,1.3912018448351464,-0.7965601937708673,-0.30199748860784514,1.5520623967156848,Normal,0
-1.3418088329294218,-1.864664781858556,-6.677396674897599,-0.5241232957417805,-2.7503085786439616,2.097290676654774,-1.0387766593912158,0.0886884439212341,-1.0058186607974131,-2.484540609848998,0.6820413426959955,4.716298267178874,-5.584702836562918,-1.4978260296618657,-0.6214288467466331,0.013039778968519933,2.9362750486684455,0.8506333940173941,1.8135230576554244,1.12715693006145,DoS,1
2.282943012395264,-3.272873389584789,1.8799549670700784,-0.9267634128061153,-6.884399054214993,-1.4915619760871448,-1.7512982976509484,0.9246324067594546,-1.6444751006314595,0.31048744758448077,-0.25407298955955926,-0.49814506178590023,-11.938041085273248,-1.5968718202187981,2.209068222338704,-1.456963186532844,4.674352960955719,-0.8396364621557652,0.3647863276300233,2.198115227120507,Fuzzers,1
-2.0537615398116023,2.03865983915437,-3.7382840614314254,2.658151856070834,0.7690486064168693,0.6978555852636441,-3.1345858294833633,1.0727115348136746,2.34887597041423,-0.8049456916388246,-2.9543905990807193,3.2811852065355787,-3.597771345187783,-0.8571665421299557,1.5801517639048592,2.9053790646121187,0.3806552142867592,-0.07078054990041978,-1.3320326820902744,-2.6398146312047834,Normal,0
0.2308250632378006,-1.0187335168473934,-5.321355517027983,1.5461657480773057,0.37270590034477635,-0.37213461851361385,6.269084647693119,-1.841969493657948,0.3350134800073874,7.430162252970862,0.22519248046662854,-4.044242565627043,9.43648647211684,1.534145570051164,-2.228502414675768,0.5237723825686311,-3.614135939262351,-0.9211856309507295,2.2879220733375214,-2.983051876586641,Normal,0
-0.655605096362515,4.648366399882291,2.48233298362381,-3.3180510761837776,-2.123818894636808,-0.9194423569430272,-8.058177671819927,0.7383425436542064,-1.2336529387674924,-1.535249237748963,-0.48015125660168256,1.1895760914528974,-5.735539691170223,-0.7803488761150912,0.014702164566410714,-0.11960332350820213,0.3063245957834204,0.47274722275690567,0.5021693494710703,-3.43505124050239,Normal,0
0.49331038627773416,0.5175840418253428,-3.6424348305011036,-1.3594349626084286,2.3178706638377338,0.018421393205045655,3.8688254532082067,-0.8331798257913715,1.9044303141141352,1.568806737730843,0.915113445022232,-0.016921207467656796,5.670519573544282,1.3548659398836689,-4.213835175401732,0.7331841858247324,0.7922700340691269,-2.152518453046301,2.448278765278923,-2.155143555955258,Normal,0
-5.161560256481661,0.007952306624985805,-6.5096569493444605,-1.499224842822688,2.439631581196475,-1.0494306658230843,-1.3033052768369435,0.44718508211914165,1.7568547399621408,-3.3774314430811723,0.6509356773865096,4.332107298613205,-16.293093390541284,1.1777054781319163,4.5098014747656645,3.36455565120269,3.425955251112711,0.5176841938880326,-2.361105167584438,2.845424669351209,Normal,0
-1.487369146868092,1.6907329303121075,-6.314750949123248,-1.8510782450311423,1.2205302505636209,0.45045689493815433,2.0862516460498752,-2.2307107513307747,0.5780845089895115,2.8101255869919166,0.9474326483224582,-2.3486054667487117,1.229035339078366,-0.6006874242654983,-0.7903249502345968,2.9496220247039586,-1.6842946649692432,0.8452454659371279,2.293427015008385,-1.4383342986801844,Normal,0
1.7223973191714577,-1.5098323412318977,-4.14255717298109,-1.5046771969796606,-0.9363620758650921,2.514360283151662,-2.9916766677398594,-0.21358264457269227,0.8481628732304343,-1.418946974814674,-1.512294031651514,0.9983986870718005,-7.9264228263005725,1.5695147692919662,6.172790335523118,-0.25243503891762875,3.2931829007791777,-0.6720183790519293,1.349604523218799,7.003212860476799,Reconnaissance,1
-0.3793186219871054,2.274144978150341,-3.3537070041379393,-2.7082498783029423,-1.7148827196542193,3.611257145451731,-0.8330817058161561,1.035602660316834,0.9800093436445144,1.9336059330525035,-0.20347179859728745,0.9192500757163504,-2.82405882488133,-0.6082334923083494,0.42434965809208824,-1.5350434407385043,2.0681355303596773,0.3959857427687619,0.32566836900337837,3.343308055024789,Reconnaissance,1
-0.5327151401923369,3.5496296540249177,-4.401436325278581,2.575686815018908,-1.3969738608373476,-3.140304095994529,-6.405916373361332,-1.6860187026963764,0.7304857028244248,3.72510360912717,-1.32055823939872,2.6491304822527395,0.38862049902511825,0.3139732739263047,-0.2807268748309255,0.2847644236679535,-2.17945426690862,-0.23533263872448668,2.4125661956771594,-9.377931999058895,Normal,0
0.03601140993573204,-0.34564189093559206,3.3000629523340903,4.016068623070634,0.2267173368270441,-0.8852730277433083,0.11403781840091594,2.470310492780509,-0.34665119153553686,2.123728007445314,-0.2641528737251507,0.16222370211369563,7.95152590943879,0.2448200907840314,-0.4381655336965673,-4.074408286026673,-0.6122689955083631,-1.100622622803708,0.24177331387736412,0.6695974415439577,Shellcode,1
-1.6970376185904943,3.9977368757193785,1.5613375993745273,-1.2646895612721551,-1.0817404055541888,-0.8333688635581752,-5.7977169155714,0.25461959837288717,0.9202154051909595,-1.1752601852466285,-1.8358166328024461,-0.01626414136601695,-9.883232212922406,1.2426743804669471,3.1170507182808738,2.1084669728155063,0.7608158768699513,-3.203345609204686,-1.6731326342044677,-0.623261088729387,Normal,0
-2.5127815406709737,-0.23896179085794422,1.364465136842894,0.4306545747660149,0.6563731736094769,-2.0269321042659665,5.1566432921813306,-5.706208683021631,-1.5906795108244651,-1.2690286002098397,-0.10761288541150188,0.6669610488094095,-7.689387101889651,-0.6236972606122607,0.01868434253060891,-1.4393732288646426,1.415765005976314,0.19205290969289524,-2.7821158420048446,4.952163205584323,Shellcode,1
-0.8830487055807392,0.540383027333952,5.114552496646439,-0.5848378819150482,1.7566821753700188,4.944795885368782,4.734576717006169,0.1269705632464384,-0.3692614443734616,-2.5234126206000678,0.5653333327529954,-4.442021648748327,6.131304816381423,-0.6008907156250872,0.23879223703302,-0.5006924180260441,-1.322715763103155,-0.39867118284230546,-1.891602255352098,9.72019082352594,Normal,0
0.7832428029616594,2.2879832405057745,6.90868653100021,-1.2158401203794122,0.7284596613411694,-0.08764373255070734,4.594015502941315,-3.64161665020272,-0.2197862509378595,-0.6236580253892203,-1.0077851950050316,-3.4044296638352756,6.2616497340688255,-0.6966850848464496,-3.369807737523657,-6.0282885878536945,3.0514684743947833,0.601701989470563,2.788649812568103,9.688007256915832,Analysis,1
-0.6796516892985178,-0.05323106789349219,-0.9299911005705468,0.36120601486464277,6.835652986957569,1.2900314786545743,4.422501954339105,1.9714747263842716,-1.334238147735143,-1.370888172473241,-0.8685544383438216,-2.5633441737495906,9.687852152506988,-0.4298816364356501,-0.3518761147137517,2.039197491247326,0.17788570451992536,-3.2112186104384657,1.6995354030150103,4.257392451058159,Normal,0
0.6962269347357033,-3.4928269265305345,1.6644303213577587,-0.9804495745381603,-2.2172682549764025,0.04503022531081635,3.9441428668421894,1.7708880243689995,-0.3905731135834406,-2.2756748294927283,-0.8834643103995206,1.6390061812151364,-2.6188609839768136,0.7391499604013816,-4.085347468532146,-0.15271053990792138,3.5142058077613565,-1.5565785704720139,-0.9544511639398245,-0.29351954372616446,Analysis,1
-2.784677632872266,-0.0099041615979798,-7.146021076350706,1.3519533322790722,-1.082708302671276,-2.200207348679407,-1.5875609338556476,-0.3357361299873788,-0.31350668522774333,-0.11487988550898565,-0.5801174628460125,3.716956360803014,-6.221023804487422,0.8853769905168424,-0.5748797778020975,1.5150891871362457,2.7250503081816153,-0.35320789551945164,2.5592043624999077,-2.854200797903652,Normal,0
-3.5250867171155353,4.5120517492758445,1.84196362001375,-0.6960614054895271,-1.4117217971665406,-0.22984223475893373,-5.268217346563965,0.9211617233311995,-0.2609893343880085,-0.3949564403586686,-0.7529218691023348,0.33343506280295565,-6.557222806877804,-1.137794331268471,2.3322598641627086,-1.1212445358967784,0.41492472174345074,0.7824167049754506,-0.9563619062869972,2.1548697192620807,Normal,0
0.6422496895944996,4.70521994742098,-4.133753220488184,-1.3893821698609614,2.0487748404868382,-1.317593690732517,-0.7438763798699158,-1.2954564881309714,-0.36351831476005964,2.540761029060609,-1.5417509549171189,-2.268385657794065,-1.993113005617291,-0.2276012297894855,-0.6462720177370864,4.956594015202332,2.315575602508867,0.3672747809945995,2.747106385300327,-3.6143701111064037,Normal,0
-0.37349045393494795,0.9287023284725563,-8.379729144405085,-0.20777481882768978,0.08443761632613445,-1.7686165982273163,-1.990491907060151,-3.1760674432407603,-1.5193420734923568,3.3261005645649844,-1.0976103535087083,0.8613249994370697,2.394174447774262,2.2482747688205706,-0.8379325553109915,1.2888029481706258,-2.5893885571495185,-0.9204993423159111,4.420530319831218,-6.364832740818248,Normal,0
0.23776372035599258,-0.61128222894359,-1.6816391521839629,2.190828003093135,-0.08405583952185136,0.10948453027080873,-0.004569815153373638,-2.5252465420603802,-0.01906339785355501,0.09341649284548748,1.207288311475221,0.5119284153319601,0.3131740112387047,0.06582267995480498,1.788634693474954,-0.9084665626982702,-0.31655976546531406,1.1331495367689026,0.8494935306988829,2.166858273640269,Worms,1
-2.915304642271444,0.879058322945244,-6.977596556190615,-0.3846701334508116,-0.5404974161486527,-5.353715933769364,1.7028611811867722,-3.3464690175452207,0.37904703135644024,2.011036533149774,-0.3000053957272057,-0.8375380286847824,-7.136730923137201,0.07219835734128387,-2.7903703313068586,5.378947892191937,1.111798725470609,-1.9383811390819239,3.122000517899897,-7.225238183421313,Normal,0
1.0334842942307234,3.356563343448246,3.0250018578103246,0.03912297628730754,-2.75641428578735,0.42934037088909993,-0.6158914812906211,-2.079679400417972,0.8559826726148858,-0.7087121635636157,1.1118880849471793,-0.9196010342731964,-6.529994874362969,0.06255246215253596,-1.1333179906017858,2.2040078405273538,2.920096272906264,-0.7104728301209923,-1.402458251520677,-0.3785229107244582,Normal,0
1.9640078863143584,-1.0973274945551723,3.82032927803533,-4.914472443783518,0.7261162452281777,1.4593092937963112,2.348560063411041,-1.010721170026939,-1.5852013601705917,-1.9211223673293327,-0.41865705835634687,-3.7527390660017375,4.1850057750284355,0.15630934874723482,-1.3080770181930068,-1.4294844229145776,-0.7831169830827313,-0.16342780296642598,1.4699235177096983,4.484994744304563,Normal,0
-0.643859003734691,-0.7747106798422503,-2.3668200232682577,2.0212578258254923,2.3909820667691166,-0.6603341467918867,-0.6471361616292788,-0.8952600582969956,1.0521812626063627,-3.6538434636414454,-1.5973253405227337,2.413029598695258,-8.272985610673034,-0.19145071796225072,3.5800077106778976,4.007096930386555,2.5236411990618697,0.4731928460882289,-1.7871301522693954,1.1819294418712292,Normal,0
0.2563236099299606,0.9792351345978391,6.210467584980108,1.3447778214784891,0.4104768923756228,0.7451587298263687,-4.314719587182702,-0.6579422565680955,2.4056796744394484,-5.673546987714244,-0.4390110142743279,0.9810813841272117,-7.650580633160834,-0.6049617538213081,5.134472722483111,0.4464987503267561,1.155965586337211,0.6808862123789485,-3.7076363784637936,5.1582680935765355,Normal,0
1.2720270930782687,-1.99795447618254,3.0962409747973774,-0.43424635546423307,-2.111033050747511,0.30686442055926766,-3.5020353474209425,-0.5179011975280075,-1.3034108280355854,-0.8806357961585378,-0.8082616024671286,0.17264740479895258,-8.394314599660003,-0.27089983835511766,6.695213092158835,-2.480471067429331,-0.4221307698613308,-0.26081585553093184,-2.930182398699073,4.951476427772611,Analysis,1
-3.0352254503594587,-1.1733910375360663,1.1138818560483816,-2.31135856493602,3.0604141244866105,3.5929166438146933,7.530354284811262,0.05658009309205658,1.0959743249401694,-2.9557391542266505,0.6284261842726677,-2.698141721572089,8.562847460350225,-0.6857158710198697,-3.873154987990109,0.0397821203908757,-2.3351222078265286,0.2954327912532857,-0.38882276931919724,5.941622495941713,Normal,0
-2.0629029538411254,1.459256537554015,-5.2966906532990325,-2.75708393838776,-2.9636063505694947,1.6228311822688533,0.5562140851280655,-2.4770347799566266,1.1299201787610944,2.848398049596549,-1.6840716638587614,1.7825014316353913,-1.1737796428974918,-0.5412425502471813,-3.0382617176892226,-1.3898827673711205,-2.1594263693890188,-0.2159556493862727,0.4055048427831224,-2.84244238997956,Normal,0
-0.39907006117079447,0.8318292332424565,1.0076402959527597,-3.389072997164737,0.03791289009575127,5.030371814048524,2.2463114834116693,-0.09120583655354286,-0.4682741736274495,0.05702737399794455,-0.27394032012020164,-2.965860382714539,-1.0416720775990393,0.23403965853332037,2.466753267087148,-0.7132012095580886,-0.9245785726203047,0.5345478010892165,-2.28662563626063,8.051141336796967,Normal,0
-0.01729135521180858,0.35680899078336015,-1.3645142219903768,1.7480073049264844,0.5676122424677601,-1.3966260562331314,-3.157475499249799,-0.7937948095237332,0.4231030518391713,-1.9118355307862425,-0.9520929023775087,2.1945219905216407,-6.8724478285463855,-0.8732566768525382,3.020855523394636,2.2914971558795982,1.6298907588236062,0.3368746903727739,-0.73237129265886,-1.0159625881508156,Normal,0
-0.21879236757778298,2.2131879353348602,7.397829164460408,-2.465563527158182,-1.5658061424123901,-2.065642303552179,2.2364705299548406,-0.46516715887435656,-1.2095407276996253,1.5339438362623363,0.521129104119611,-4.9350055213481845,1.2723103945086849,1.3736332718451807,-3.141567814031811,-2.3267064139764537,0.5369853449048452,0.8025606718547863,0.4057792413446808,1.8361259977136881,Generic,1
2.0759353051212406,-6.060851101751303,-12.199392672130221,-0.17205157667587612,1.6073147957917828,0.5717620638907531,1.068189431475245,-3.927871230005665,1.167136844311641,0.6320087164985853,-0.9238971532632689,5.965899100245347,-11.230352416822596,-0.769568714404685,6.792382936604527,1.4565938897507311,0.8282399516764493,0.6540934488512836,-1.5605371099025902,0.5502888306136977,Backdoor,1
-1.2006542248756236,2.103202313895543,-2.2396206868080735,-1.2561466700134853,5.0263811550819275,1.8799563837750237,2.8461567157889838,0.32961973354361507,-1.5235954481592393,-1.698089161814416,-0.7836933884211146,-0.44456574694545514,1.8574562143261941,-0.9663275642986852,-0.6545352825424497,3.194285628515109,1.402191542185177,1.7168974461534028,-0.11281068934695848,2.4615537299438714,Normal,0
-3.9223280274922567,2.347170024027436,-5.242182386080044,0.5752492296345006,-2.5059953326663633,4.660769877106377,-0.5358987828024431,-1.8950026389564414,1.1963468881637207,1.7017871105024405,0.6566959630509953,1.14040317174937,-11.288907240371515,0.3729543355986578,5.945659618641193,-0.25587241304358654,0.2012967440449549,0.031492459483950894,-3.6747846757238616,7.8428781277518596,Exploits,1
-4.493746336179139,1.9560297195267484,-3.290327043125423,3.3661205139612287,0.8607561174544966,2.6622421351910277,4.599313014157509,-2.2584852986314994,0.11789559186044887,1.195201969420683,-1.2352195706352989,-0.8640324831582316,4.955651623476831,-0.3095955177570466,-1.9274616279582877,1.8818317374706972,-3.6276046367723755,0.24159025656942953,-1.502670453108533,0.804518542568128,Normal,0
1.5926197223005691,-0.838489757470966,5.347538899057909,1.068187845358255,0.23884349638080038,-2.7413590460403396,1.381632338574783,-3.0963303316246398,-0.08388585723589304,-0.9194714286210206,0.8727352006941278,-1.242134120174696,1.5417505069541861,0.19843136505042094,-0.6300660632575938,-2.2912079051168592,-0.027447288220704857,-0.7152403904539606,0.11881602463875396,1.254484743532904,Fuzzers,1
-0.2994863784341236,0.7892526507184592,0.18604381329796107,-1.8091819245053737,-2.4097621172596746,0.11117149222539591,0.8981443056496031,-2.6682839462400167,-0.34124831932876215,-2.6135711779446766,0.26163599856748904,2.233760193399082,-13.886361741962126,-2.3924848315411182,-0.3128180962318914,1.8629957697218484,4.559374997988055,1.424812186366273,-2.8846644696509642,1.3300232956772422,Normal,0
2.2274884433182507,-3.233926254327649,-2.681270427178659,3.3613549891125385,0.008043837241248353,2.4613966498161983,-1.0125930418131868,0.7073849401517831,-0.45282463042812127,-2.1050715436964285,-1.953615546009279,2.7090891836346307,6.463074136306409,-0.966520600012575,0.6031315389249547,-0.4166829802597366,-0.4116834872268291,-1.824483322907456,1.8381656940995743,0.2798043096999796,DoS,1
-1.9348425476356923,0.6023102734288611,-0.7420660131880761,2.6149047268701575,-0.3695640553398907,-2.552759551451894,-0.4104043698408548,-2.234016279906017,1.70534274265177,-0.9346382985710886,1.1976792245335093,0.03638688104116161,-0.7214551582528645,0.06867782579376211,-0.8585313390938349,1.1675657229262422,-0.17336100236825835,2.1709373729181145,1.634505223788353,-1.5963895767594554,Normal,0
-5.650676185173679,-1.4044970979132545,-4.393374523964283,0.32200313149623994,1.5465834967775445,5.699957818295202,8.625836628291422,-0.025343036631592764,-0.7200644941977014,0.4353372614746873,0.9060041545055426,0.3157648398889965,7.274075772695452,-1.008334009634352,-2.886620916075592,-0.9468135133361586,-4.305086172688719,-1.0405656649726316,-2.8840566511944754,5.175281478457612,Normal,0
-1.5905974514588768,3.3160209627490156,-1.2978998234453178,-1.52786646951891,-0.6586636431921402,2.8297135390502275,2.6964938604860436,-0.9594258494169918,-0.7472891242797818,2.502415689488453,0.9872396569704832,-2.680175987502958,4.589020391769251,1.103042215191317,-2.654306778222581,-0.9953406785065053,-0.37598317513877877,0.2048634031467095,1.6123213960057106,3.181963883328554,Normal,0
-1.1665719438233442,1.552017481252332,3.5162144187340694,0.5110561419852602,-1.4831396982232166,0.21074386628779074,-1.5126083346597032,-2.1223507230532572,-1.6935002946143993,-2.464797048389835,-0.4063956937063165,1.6633604908535804,-5.27642298313049,0.18448544844506723,0.4745807860181517,-1.231869108919203,0.2673103197977783,0.46009719834924406,-2.646742002852254,1.8168056606726464,Normal,0
1.17809216387634,-0.3381128735253063,-1.401471808003078,0.826388333817457,-0.16930029185432138,0.6320778642625822,1.484478277858962,-2.324739723159241,3.0092065764966502,-2.2005954811951907,0.11269821989453443,1.6252679329344282,-4.760226109720798,-0.12048789863568203,-0.9906965749794154,4.101363101704399,1.455986580159091,0.7593408302467045,-1.8514694253298847,-2.637329285679959,Normal,0
2.3455800381030527,-1.4788794138741128,-1.463077608468965,0.7398953820613872,-0.3449043866532352,0.2618628573054329,-3.3419146793285943,-0.5001163510502848,0.46277104529821705,-3.232293701196113,-0.4509814122037964,4.2486631894069005,-3.0190108647047467,1.0778227611621554,-0.1987052666864897,3.739221399972684,-0.9444511871293182,0.13697004078857183,-1.923344484320853,-7.588205752100698,Shellcode,1
-3.397113038984983,0.21965796958794215,0.017420765563778584,1.1406607275082787,-0.05232392228951266,-1.3466739719730003,6.778791263103381,-3.382922711497303,0.057465549700520056,0.10096257158268584,0.17928157945071474,-0.7315565591493352,-10.228416707115926,-0.1546953388016661,-0.32940485216197457,2.2059997972358203,2.4622470941350754,0.5820807445552683,-4.112273721665412,3.3075975641931263,Normal,0
3.3740679125637234,0.7126620628257918,6.7042110600671965,2.454452840429532,-4.756711250005932,0.30255088495134475,-8.10917982906312,1.5152656373860482,-0.20837089335238754,-2.4598431184091587,-0.512883569561788,-0.9093183268186484,0.4341407401262649,1.2508937886917908,1.9052621136905028,-0.1554689245671732,-0.5563132636333654,-0.9638881893174405,0.7681687926187255,-2.0775878026040466,Exploits,1
-0.1886277164267911,0.9902038010579347,1.2663115896167234,0.9663459324415378,0.9836671488210276,1.3876642637577064,1.7922308193904057,-2.215487321058626,-0.7478780274483465,-2.648168912904986,-0.26209020036287395,0.9100239305867406,-4.728789131401375,-0.7697238435808309,0.34823036071205626,2.840327747225092,0.868431466938306,0.10975760599336436,-3.6702150726559095,1.0394355080205273,Normal,0
-1.4982515404048096,1.218491332273716,-0.3679991869432673,0.0038062780353114167,0.6520086036646575,-0.1343880747331383,-2.497902186857259,-1.476696533797245,2.192968976061738,-3.2843223965178825,0.3031822542833061,2.668128471440414,-5.716463138235341,0.44693531490667854,1.29038606005469,1.0309760579163507,0.5550741187914263,1.923955175733291,-1.3020255326545893,0.31654714684984575,Normal,0
-2.139514443268313,0.20273067545016987,-9.255695240669016,-0.43839755509227185,0.5225985356822216,1.2469352935749594,1.0231471526173421,0.9184302424696091,0.11993610217871076,3.094121682892598,-0.509147934563185,1.329747124122168,-3.8921471472222073,0.361888147432794,0.669914854539313,4.494161751000799,-0.8704017716422303,1.0964137136632008,-0.751475074230433,-4.349205753841135,Reconnaissance,1
1.2420417896248903,0.8397746150648493,0.50120468142578,3.515354991986012,-3.310867487764159,-0.5811220923198446,-5.898762583128767,0.40039230854654795,0.3774441405204295,-1.9646081010194725,-0.599327102658598,2.9290282372788137,-5.980761803544638,0.35297857475144384,1.8669890862224001,0.9426070232651784,2.8669167802757283,0.7609384827494878,0.3172156649040192,-1.999873864736505,Normal,0
1.140255667489554,4.385508589799564,1.6970986270489403,-2.818531800161076,-1.5169521683125855,2.2499473360487814,-4.130586645208179,3.6056551970136637,-1.3379322190745737,2.3712584533841152,1.1637857157418594,-2.652704556696133,7.80537583125162,0.09399310661286796,-2.6148835127902563,-0.8475430187952613,-0.879663326078044,-0.6531661838118012,3.1023181224550465,-2.329483948116018,DoS,1
-2.6667501708737866,1.9266015648458727,-0.3906092834062409,2.602491496340602,1.9230089911044312,-2.6444304249901243,-1.0302948916752344,-1.6227817286579276,0.771517940987039,0.10806183615293952,-1.1429031971623762,-0.8635472385803338,-3.44427844082123,1.274118092607574,2.1330543461258746,3.634111769622987,-2.1344002180497794,-0.054462182730319546,-1.745602788495903,-2.8408118593709295,Normal,0
-2.5390472375437194,0.7017981495273199,0.26638087545406663,-2.411092743852935,2.1922940712840373,2.903470635696472,1.8360138740353233,1.4570181609152426,0.18949453678351622,-0.7221576391507056,0.6171092313643494,-3.186775343831629,7.198250589129166,1.1620707443287746,-0.08456703492050832,-1.4413777556213434,-2.2840231749030253,-1.6106178528918353,1.5765199144425912,6.344862193292774,Normal,0
-1.6739283734179575,-0.8828052519019342,-4.290397907533718,2.304664500026258,2.5206836120545244,0.6412397383950619,4.037791355594309,3.6356545395271724,-1.9287965526766615,1.802128870555697,0.9630827821766339,2.2635547538056056,11.016184987255546,-0.34501572027673644,-4.1829994915189,-3.2891547627784146,2.5508696527143644,-0.5316105926286702,3.8526451561174557,1.8668774713691616,Backdoor,1
0.7185032152689044,-1.8513610104128109,-4.637736640526008,-0.5578397491980088,-2.241516194848004,2.451423191772591,-0.8646133826996885,-0.6222610649767444,0.22053849264506253,1.4433541633435663,0.553271537988068,1.5784299452207167,-7.214922013339731,-0.17294316101200374,4.674887129331174,-1.0116543179699253,0.9887399229807114,0.1697542999510717,-0.9994703484884403,3.945967443293308,Analysis,1
-1.5615000993089845,6.474903170382731,17.299217949250544,-3.04490838619007,-2.3832425733055462,-2.526624427214799,0.9008642218527924,-0.2841539637647187,1.0589318311994182,0.4118453972043068,1.476036509393675,-6.929429401431145,1.0830713409185213,0.34972676414856796,-4.800628638784953,-3.925379239302824,-0.7421187368512836,-0.04923951984063078,-3.235825101138979,2.278199938954495,Worms,1
-2.1701703372095844,0.5515181446372242,-2.2103899501120825,-4.901349699502422,-1.7047961992475757,1.7074110144147816,0.3432605245371344,0.3992752651856124,-1.280149409940975,1.185967566014392,-2.1794930022729853,-0.830333613372324,-2.472700864680653,-1.2465218838312986,-1.1090802286193198,-0.16280809870330581,-2.1441339229429848,-0.48883123814387736,-0.4990943825979248,-0.34159877197534105,Normal,0
-2.0197142578777485,-0.4351368401881124,-0.44853050340475087,-1.7532490755668828,-2.026707389371239,3.8435097397456937,6.236168199387626,-3.53669934082001,-0.5525835081225525,0.9980689422346878,-0.8256406320771338,-4.088411429883253,5.9093356185615145,1.135133005106634,-3.057525887795019,-1.0504429697287048,-4.163935605498001,1.4086154010445082,0.21353883399937246,4.459223751011221,Normal,0
-2.14286454809009,-2.583205881551919,5.570736515804736,-0.24159903012609196,3.851033737088385,-1.0067490206792054,-3.2406470534857403,-2.479544028235991,-1.8417597051832237,-10.847636816626643,1.210226724912163,3.736571398112848,-13.416273509724197,0.043144019640461675,8.34263158534963,-1.8889279251352264,2.3273667796402484,-0.06175892369635511,-4.007808171345091,12.244059108323423,Normal,0
5.830400421167413,-4.574781519228558,2.3565326098433497,1.062692371091615,-3.2287316642501533,0.6498666233956977,-2.080155257126443,0.9876951670486906,0.3835978811834191,-1.3074431645049578,0.4775761113970074,-1.1553667490813417,-1.4740129109503135,1.3468860040284845,3.1655175684653196,0.4831969361972144,1.590674477382195,0.06499587359980638,0.831541262410085,0.776996506619049,Reconnaissance,1
-3.454424366953595,1.9083493980184594,3.043165552589451,1.0618045650484942,-2.6691951940431276,-4.36199796721111,-1.359882808571542,-2.662642498613244,1.0718402579703703,0.5374399742539144,2.3975217182951667,-1.7666157065031394,-7.153484821995601,0.1866997243466913,0.5843990417940341,-0.9052978882601899,-0.18826279176081617,-0.4404834825608441,-0.09522904079012884,0.32616070756285165,Normal,0
-4.700862977541629,0.9178675331976693,-4.214066906858007,-0.34628815136532287,0.38105687441297764,2.6561033865592734,3.9593236054593026,-0.18152901807686916,0.9698812070148356,2.512360399157926,-0.7345676581005282,-2.6524276505502176,10.344267854739405,0.9325735203353419,-2.89511251167545,-1.7692816422614568,-4.237205859398125,-0.7127943198313443,2.8711088412677763,3.1392724927782236,Normal,0
1.5928372754593605,3.3219914637343524,-9.27376706205713,-1.8641428893398966,-0.07722444251116012,-1.2961096571223982,-5.950413150066158,-4.110599620190349,-0.40916388466479314,3.2921163033668464,-0.2991022505097704,1.6612553171614985,-6.563014238959975,-0.15415165808302098,3.056264996765732,2.940162921935645,0.028117502413905537,0.6687641609342164,3.3732400508863853,-5.7246447871344746,Normal,0
-1.412083923016653,0.020891845122634756,-0.29561048580568083,2.7036824302113494,-3.8653441794126273,-1.9781996172034724,2.1155523364792375,-1.661532251576437,1.201006528762074,0.9142907876951929,0.21989662625103087,0.31597842714070057,-9.884304874367507,0.3174443590465533,-0.4053019469830048,1.006799903683609,4.067180578636663,-2.3342812088833282,-1.1212784801204256,0.6471060366765188,Normal,0
-4.055605627618502,0.6270055131615594,-4.057418316360332,2.9555564274186485,3.91890674565082,-1.9638504841001958,-4.858901801727024,0.44881544556846253,-1.1867714176520807,-4.746799718007254,2.064389151850951,3.4576674124802644,-4.703970065014416,-1.8537327448341785,4.385634699777544,2.898318230443036,0.4746568456255392,0.5908917258760729,0.962289868678436,0.835502259375791,Normal,0
2.2698159548565533,-3.7642947236889057,-1.0906790085629998,-2.6800817506204595,-2.4295123047776754,1.3373065506371686,-2.5398875426412686,-0.11048004951771473,-0.5210688772410091,-4.0194688495196775,0.13487415827963925,2.5563707293628677,-11.206874752149016,1.859244147838669,3.411975500666449,1.8353725407787316,1.7490995105978395,1.2450090488116947,-1.973952088803859,0.6979860358996519,Fuzzers,1
-1.04830202017081,1.492920243953353,-7.251441744483874,1.9307230836363893,2.6662016542948628,-2.1830624205436684,1.530290921497269,-0.04147463370051052,-0.36641415772085745,4.16269853656177,0.34430982842332924,0.2596614086990401,4.526174232682466,0.7741413163443898,-2.389715920709559,3.456875056204336,-0.5777106396724871,0.4904334172478775,2.6855775276719074,-7.153553409435061,Normal,0
-0.21465945920571672,-1.0512310715592985,6.745757461510112,0.045571948484828706,0.20034893015710664,-5.303179384805011,4.39216799011166,-4.8021727953969595,0.5590494463418602,-1.4561707188142354,2.102969676593723,-1.4146896825347397,-2.091309986366225,1.1194754405380896,-2.63201584084694,-3.507558330880419,1.816173876567194,-0.7689951177575176,0.11908980925799839,2.8663358945222983,Fuzzers,1
0.9574260913420964,3.460086479619828,3.6017091538197423,2.519566851801369,0.4472091127929727,3.1258994594375054,-3.3624930524001844,-0.04063720625816991,-0.3974492987894051,-2.193170915217774,0.2734586496812827,1.3656029704842751,0.7880999908584542,0.09475032734396119,1.295467498468791,1.4652941753367545,-0.934015647178903,0.19898543013936879,-3.4783856311246844,-0.4169554423665245,Normal,0
2.519881121879589,2.41662101830356,-0.4261612986226466,1.9317690058033712,-3.156673983971211,0.5092087222891701,-11.413729116260132,1.273817744217633,0.11649669569269105,-1.8980813587674135,-0.19322220435854975,0.8501015782789139,-0.13736255939199982,-1.5266786027658155,3.3254202060404783,1.6537328711554942,-0.29319548063713885,-0.47784178690732154,3.908300950175822,-3.8211255206011625,Exploits,1
-0.8456055533257592,1.9885588289089138,6.418559746024514,-3.4356045373480546,1.6157427857408524,5.936632123790974,6.007122886314842,-0.31163830122562997,0.783558079083946,-2.883671275287872,1.3033449887867108,-6.89139976545715,5.7188948623293445,1.2720913815221815,-0.7697016224403979,-0.5246519139665724,0.01635689975318,0.3425015005635049,-0.8600917374270485,12.979294466345978,Normal,0
0.435032984052905,3.270797816896945,6.131090360602759,-0.891848913166369,-2.04933401923613,2.5211487947721523,-1.1671191097241547,-1.3196482901202429,-1.4554704510921812,0.12467388516300582,0.13872332115893443,-2.8669856534388334,0.8356839672083389,-0.3995861733910266,1.3249217120793306,-4.187963069796677,0.3318593376424235,-0.5751789549976456,-0.3902070848103525,7.775489608579016,Backdoor,1
-0.7646196726038262,-1.0750978532100266,-3.9304055555680204,-0.26622405816218575,0.07317681805173493,1.076051861596527,2.811562173296073,-1.3566156982215782,-0.18075231049756352,0.7425656024569737,0.5958394752808079,0.6344528556591065,-7.896204615040232,1.1959050092045331,3.0871051302555017,0.2978363023111732,2.854315169007368,-0.6195964567382412,-1.2887666637787902,5.423161532025898,Exploits,1
0.7065348990471203,-1.160745644602386,-0.7415802483217584,-1.95595026303096,0.775615622224441,-0.9530407724493841,3.6628462925763774,-0.3230027013462151,-0.7194369478945526,1.7088384344949867,0.1371457523534116,-2.7743051942485195,-0.33204892076314746,0.6546310170095015,-0.2558659959481713,0.0975581278590314,1.5774619494548288,0.07045959065910236,1.3999695066019129,2.3492499856773024,Backdoor,1
-4.868356940464691,1.3202821159232725,-4.624745767052573,1.8006068432348465,1.0692426413389904,3.1328040443268574,5.390310525085031,-0.43436916579693874,0.010243322926252747,2.161943149668366,-2.757325750269733,-0.5391139118563311,7.364169825769332,0.6036463661199082,-3.041829197993807,0.11066609915508652,-3.1302266126958624,2.05301162400888,-0.22391626325514258,1.665846224734165,Normal,0
-3.644255184676234,3.8443713437771128,-10.145400387343393,-1.9944004173042362,3.2708111629703307,3.5105802179315244,0.5672936492891465,-2.3445577900304357,-0.34930551537770016,-0.45236529232816647,0.27392730759628325,1.802295619136911,-2.403663184037766,0.3414676498338867,0.5163276365700067,3.4044393513266282,0.6917253069035314,0.5085045121653451,1.6989026453809548,2.561040757468268,Normal,0
-2.59857841525991,2.643974396377052,-0.8060489768833957,-1.125238361881114,0.8389883447047031,-3.619373383700861,-1.5717984142996453,-2.069778100442686,0.34540698843914275,1.3075726526191511,0.07363692201720405,-0.8802079585976736,-12.878983804987637,-0.5461208297493778,3.4863263476101016,3.8447961003461075,-0.28252573826382665,1.1290829682869186,-3.2650726012413998,-2.715088344864142,Normal,0
-2.1676943738635717,2.183774600008559,1.2175704613976632,0.012467658860852548,-1.0964299627627248,1.4305304299928183,3.8263625491830844,-3.1245603411103295,-0.8435245009728114,1.6038979304436727,-1.0095982425915804,-2.345992226674724,-2.7627953620990775,-1.4660881056293478,0.5239159047049631,-2.316107524377519,1.0138465527497778,1.2066234083649494,-1.1227878795543698,7.648072444383051,Fuzzers,1
-2.519343843028493,-0.7189688377111374,-0.8090698631923039,-1.8459243413771595,-2.984591410472137,-4.071241306525313,0.22462684922841558,-3.579237446680765,-1.2576295233777415,-2.1493815635253384,-0.8405797480802278,1.4564306581219173,-14.992443533531974,0.2587381947209566,0.14915087589719755,-0.36177773073935304,4.343850434598777,-2.209079052487446,0.5252596722430676,2.147593663075675,Normal,0
1.7559481020261687,-0.03668487851640867,3.313346076713037,-1.491680208740637,0.6136493476924023,0.9713083476836426,-4.7316763604605425,0.010213986106907269,0.32441347084853595,-3.1461844671595385,-0.3322510498068877,0.40426181452516385,-4.951581776496977,-0.41434802073730015,5.136221282709194,-0.17651125029723502,-0.42483338328754594,-0.6386331648454624,-2.049916984068962,2.9731619003337952,Worms,1
-0.16151857828143745,-0.05486401200545665,-2.957610172044706,2.8738970550578933,-0.28807293498269215,3.536961087604592,-2.430226644707445,0.5079480520080746,-0.5514705080444088,-2.1706408358471236,0.16462641332220498,1.442364518568893,3.6899348732746104,-0.7723894320358954,2.940668682321669,-2.8743791675911274,2.53773052919137,-0.7331168861804794,4.046107936860073,8.758117593126899,Backdoor,1
-0.8611671103667111,0.38233819001724567,-3.904872921321332,-3.6670225180539924,-1.0026929047515618,0.5406713961641837,2.1502000668818395,1.4652360013146302,-0.2620785768758069,2.021527420402986,1.1711904207724917,-0.4795952227459981,-7.427375055031526,-0.17420814634187864,-0.3227376238597772,1.280659775915996,3.77968763431843,0.20086355456091382,0.1965749700478825,1.4915164749556045,Backdoor,1
4.672377017769389,-1.5146479156293466,5.676104900724254,0.917092173638281,0.022407976326489498,0.09157608059558009,-1.6920134812591292,2.425387433123806,-0.07751606594137417,-1.5427085788302837,-0.45239632574553046,-0.7503603517924864,7.926883407820522,0.16498713977418292,-1.5751863193525075,-0.2744262405145538,-0.40212146508409385,-0.6197107756347167,0.6414660375997433,-3.150356696772486,Exploits,1
1.5599215018813775,-0.08658322325787604,-6.724480330587665,0.03327346340470627,-0.3730692745732367,-0.26841479211772357,-5.686006029777165,-0.33397946979380255,0.22024507853168648,-0.6953529410644508,1.3575998152160915,3.804297948643899,-3.7543005840274657,-0.7521298862407018,1.5208963164035454,3.606109941543619,-0.14243195199563674,0.773936342304273,1.7530914765194239,-7.065695070526577,Fuzzers,1
-2.3257762057693623,0.658363548519636,1.1937725415190763,1.448680638287554,0.30669741520991667,-1.992782847147101,-7.9407041869621455,0.9225567644801682,-0.6495720878066154,-5.480798441963113,-0.2562739365599819,2.150427143886213,-6.779316866817998,-0.006961345836061187,5.3031525886107005,-0.5419076786167727,1.7286143354972612,0.1660068848211962,1.7759671616592811,4.028955620144716,Normal,0
5.534247936585574,-2.4827257875040303,2.5089671763143526,0.14230995447201256,-4.07773332567149,1.246248976051985,-6.4764211633298,0.5435576802597916,0.8976971119425649,-2.452642555998924,-0.3915067346986043,1.663033981184375,-7.493904427878249,-1.2419118269181406,4.217310117550264,2.3645926110648405,-0.09108571411015998,-0.20091866957092785,-2.6001850462689333,-4.023417289270239,Backdoor,1
-6.1059686491514595,1.3643625559296493,-3.5305928610262933,-2.3399894885425083,-1.0921353454581986,1.0978829569309994,6.440256943729979,-3.273797980297257,-0.5654286737280894,1.0028617223134764,-1.3154042176338074,-0.30427870200481244,-18.005058375475567,-0.11456113901314935,2.679004421670761,0.5797994857695596,3.712937800016671,-0.38395995921171594,-4.905104880075761,9.613568217196466,Backdoor,1
-7.2503968797890055,2.0810609774163873,-3.9691848243354713,-2.340243379709232,-3.409644593881173,4.861149403060184,1.4880822509451979,0.012914721699594844,1.2402802769283487,0.6655756983230527,1.2951133058467754,0.6204951276733977,0.21674996881309472,0.04825625697431936,-2.7147472712788367,-1.6339111446145824,-4.5533580644657725,0.09892133787759443,-1.5243251144097743,2.3867669646773955,Normal,0
-0.9778920586987385,1.4924551118222213,-1.3447343530352907,-5.666440769229956,1.4984647476993653,1.1487496203213432,-0.12202776582266006,-0.6689999537929651,-0.2052816228506305,-2.3932877217252004,1.4432990590681207,-1.6307244739342115,-1.7009842116359364,1.8764646113047316,-1.041318831448928,2.127901880229175,-0.1037615024174694,0.48030462154151127,1.5331702306553685,1.2675327380621078,Normal,0
1.2767929222778327,-0.3417753905877141,1.1371991341044487,-4.427358111792138,-0.7815340474266661,-1.6758901063719494,-0.28482572101961046,2.7689440242493086,-0.04273372510530359,0.8450127075041706,-1.132276792787584,-0.3486135029749835,-6.101309238871889,-0.2110294933100173,-1.1559754780472433,1.2314109928661052,2.4493776037420654,-0.35554786806098815,-0.916950208409498,-3.3989932532583356,Analysis,1
-0.6208884598649365,2.4472437597701133,-7.561098988935426,1.1271143648564825,2.112478710265701,0.8529607998689493,1.014730415875671,-5.120587696264972,1.462196593905437,1.249249724254363,0.051221092147888336,1.106533950754308,2.477785902575807,-0.7999036849913026,-0.7371665751969242,2.004999742417947,-0.8463179336609912,1.0040648102763774,2.699097523393232,-1.2279848433676814,Normal,0
-1.2583936485577685,2.32401586546857,-0.42186295489678,-2.272638704563099,0.7042635581169883,1.8188875880676159,2.9730083598671495,-0.16395598992041194,-0.5110588924987925,1.7940099189859267,-0.46294720035883374,-1.7103109193914925,-0.9311250745110283,1.6432348858749755,-0.6091260549927542,-0.42920861788137143,1.12789587615677,0.6482149815885367,-0.8076840632738347,3.848568205577993,Backdoor,1
0.8974052960435839,-0.04913733236327156,-2.5590736607852143,0.08578485226313126,-3.346428283091524,-5.015856550629729,-5.3185840847058135,-1.6392783591779347,0.9063067376616446,0.7545007032613782,0.801151961960901,1.9070334561082034,-13.652942507617523,-2.7150981939971817,2.610855964120908,1.9403497515952404,3.1194174305581535,0.46708561425001427,1.184776962411651,-5.2567341024510785,Normal,0
0.657657504286045,0.351333116125103,5.404099499895524,3.4695758852704417,0.027367852395743242,4.768318400883919,-1.2847737129732337,2.986150710389269,0.768736651590219,-4.661618797776083,1.1379669890013364,0.6927348342962736,11.329249483190555,-0.8667453933444454,-1.0980640590844666,-3.494393219554732,0.8454483862506634,-1.447337112444998,1.3089149655962762,7.023086199634578,Worms,1
-0.88656024685466,8.610285500699497,-13.339845795226974,1.2095785063563582,0.7084685321409079,-2.911174175607221,-8.282721515055893,-3.8904386621096334,-0.018994515252840388,3.2131786860521068,1.4145693720798038,6.491215352288739,-6.426033391462732,-0.029205772424347815,-1.7251317063705447,4.507921970292802,4.015797236316735,1.1206063120451495,5.781633324692885,-11.502014077748697,Normal,0
-0.8285839082125728,-0.22095545742888212,-4.859306324696817,2.310463353514253,-1.5139594964744365,5.8342103453996215,-4.713361041675482,-0.5400620647748267,1.1907947082587425,-5.567923343769039,0.27855578036649353,4.528916744355852,-0.9831332950347583,-0.00043898865990927546,3.3080364217087967,-0.5033398680072276,1.252646072690508,1.779171797279794,1.8956231000349,6.670564309303076,DoS,1
-1.3511417698919297,4.313700003595271,0.44741076041896977,1.476653792177966,-0.9105820152865224,4.7503149847889,-0.8629814797925869,-3.790404659833912,-1.7011549656039604,-0.7294045543400474,2.3007887400908276,-0.21124480705095317,3.885863853578497,-0.5497077331624505,1.3808952866049355,-5.114600636571062,0.7629850971553942,-1.8982213516244113,2.042143486210364,11.198055342281071,Worms,1
-1.2641210732919914,-1.53335197934639,-0.02988883507138329,-1.1467519987369001,0.04752973466050081,-1.5903734392699236,3.511776959628892,-2.8614858563783026,1.3437161939475157,-0.8321380154891238,0.5362151214922827,-0.28358345195311807,-10.617247762512267,-0.5220405763453202,2.2083029293116736,0.3447039149536111,2.3793606025818588,0.7163655644651753,-2.3746805231214507,4.562522719830824,Generic,1
2.243979468630831,1.5500301172682027,-8.245758076895012,-1.473653505640434,3.91341443331073,-2.2521768663736155,-1.8017602349241812,-2.2218044551021348,0.2637119616620167,2.0618569460415443,0.3884879182410328,0.6969803501969125,-0.3834458416160489,-0.6545537832511146,0.8212528563032504,4.004965591153272,1.3612317477375364,-0.29858868806615135,4.330341076941767,-5.31496941005502,Normal,0
-1.9676193446980779,1.5428599957304643,-0.6545801643095529,-2.989712165225141,-1.4861393525624753,0.3895862827268832,0.24848486726534436,0.3625888058170863,0.25003096551164994,1.2708182918918154,-0.4023123411840358,-0.9231135876296273,-7.207330590973292,-0.6904741421912183,0.5612829908209548,0.6131718962844226,0.7032405957111265,1.548665843194722,-1.6532021681204498,1.0707809276205515,Fuzzers,1
-1.7766304412956855,3.6133780795634105,5.078197547041342,-2.6381387717940328,-1.6053315956140586,-0.5644076286242679,-0.6455155329749416,0.1652946375777662,0.9870816659614926,-0.11501639529960683,0.46442146693377945,-0.4105042449495262,-5.312189678463405,-0.0422762013904718,-1.9692492215148008,-1.1396244545867296,0.9906901600196549,0.6072280584247324,-2.689766640511799,0.03987362185903853,Worms,1
-1.3730285436202654,0.2554872167240301,-3.0333036298561598,3.463478728193456,-2.0979055199248595,1.4417875143451995,2.1082411006668815,-0.4096310983978536,-0.15084244156657395,0.12362690080784611,-0.05101156810368099,3.657356991417136,-5.561980302188262,-0.4037580554787445,-1.2974572341716302,1.6537363107137095,2.696880216719874,-0.9789090766971428,-2.749886560616406,-1.1274961923129203,Normal,0
-1.3835603152093428,1.8982276650654524,-9.378637440935957,-1.953458346193794,-1.0959308561718384,1.4696768619905334,1.2757157688328264,-3.148550937469388,0.7254482770867019,4.804242132885086,-0.4031120994017806,-0.34359744232988965,-2.3005142020905467,0.9209749161571599,-0.33670499304745016,2.1213333712981157,-1.6205041878046118,0.19438983859663922,1.5432027548445955,-2.6202366430430497,Normal,0
-1.234162863455804,3.0494030835952275,-3.6245001724661003,-2.13676823494933,0.0035146785580204565,-2.495991246078037,-1.5352718381405488,-2.3203641115067875,-1.8448964382246889,1.1716402417199512,1.1966664382842354,0.4168955573758407,-9.757489578379584,-0.373455201417417,0.006108066734556994,4.251941955951181,1.0591933296751606,1.5721263364721447,-0.5097816829011809,-5.229285215937639,Normal,0
-1.9475843948527851,2.2002266666666777,-6.527946980876974,2.3329805334709715,2.834646188636774,2.176374460972693,0.673015079487651,0.19230027368869318,0.24463442052791423,-0.35873976211192216,0.47249556334278153,3.145461990755706,0.2734687327219931,0.945497250221145,-1.1129395303842573,5.573655532615892,-0.5474804308091565,0.5591381878793416,-1.7284698994459144,-4.937152583820207,Normal,0
-1.84155469510954,0.4669767407717016,-5.586736205097931,-0.027682076473253936,2.4895479230538804,4.868905099957443,6.440681757833713,-1.6115079672718213,-0.9891311469355826,2.4042406667833736,0.04175148798945976,-3.0191746411098555,1.629903473639445,2.445938930674125,2.008121177580728,2.7910490731552384,-1.6267798176770123,0.5016044883213614,-1.6825666722619834,6.032589875141505,Normal,0
0.04454774356034741,-0.8362509603354233,4.0790606244114445,-3.2951246197240103,-2.6008034355714287,-2.2414937640044754,2.606697744675724,-0.3255079558006426,-0.14441516475678473,1.232218671437753,-0.3451027205952538,-1.7680864033459924,-10.555261517660984,-0.34654893770977147,-0.17723981354308171,-0.13899295564746228,1.9214272193376263,1.7601274643449267,-3.588079867336202,0.23770996770607503,Normal,0
-1.4383440400879164,0.7563071398823606,-1.3341291963888757,-2.39430016804102,-2.009703665082825,0.7226814711159628,2.4508260821453236,0.5336343810706989,-0.30834403267420096,3.217238170186438,0.14096928199946532,-0.6732437896325967,-8.204865288430666,-0.8935224806350557,0.5248293630948774,0.23048190081436726,1.4028245404954256,-2.06564679321955,-3.002371681908542,1.159398148045387,Worms,1
-1.6807392420556382,0.34216466601880446,-2.9993768008553916,4.241674449187703,-3.962536824739024,2.585820514756718,0.8932893613530632,1.7471394001519958,-0.4356484991321843,0.2845703491958316,-2.1458320051708855,3.764298474565225,-4.746523289095885,1.286307121608803,-1.2917633096782644,0.4543908135961966,3.9791682198131775,-0.8955024521213395,-1.609281071960246,0.6204201495261916,Normal,0
2.3439405727950176,-3.2436719281652477,-1.8189682004944232,0.20479540192841417,-3.7088226500433477,-0.19232857078667442,-2.330139364086525,-0.2393590470944118,0.21330815986899987,-1.2942511865428286,0.4477013478651016,2.3607870994829874,-6.610899089792988,1.7151918109213173,1.1560888026778269,1.2520151486665707,1.2357926548456046,-0.4128944431601334,-0.16612004096635014,-2.9866058038719694,Shellcode,1
-0.89915844559003,3.6271778347986627,-0.8387758973353736,-4.107008406859681,-0.7669358837787974,0.44845650854678065,-1.2135262175271022,-0.9776477531456985,-0.3111708910493129,-0.474589718113259,-0.8564700258365296,-0.005622488593638009,-2.8554151773948533,0.31246641072733516,-3.039189815405793,1.1021332516794888,1.1302597872973084,0.03233116996234788,1.139723186138157,-1.8209221789381198,Normal,0
-1.344964737811901,-0.5137376876116366,-1.13427504409444,2.278156235183551,2.6823411433757505,-4.1572821729243765,-7.483153468659082,-0.06917338734618017,1.1087039970687127,-4.667325893722921,-1.44883443913276,1.8198929967475617,-8.762389468213618,-0.2353016772655414,7.202269536013532,3.006050845156368,0.7480740801280097,2.203245761924893,1.019385159753826,0.16438678857201128,Normal,0
-0.12849081144010843,0.4689409206874161,-7.8169558173424605,-1.9365140018529776,2.85808410558169,-0.7182896859944039,2.4197369972940237,-1.1327745850471276,0.3375223281678575,1.754875711185039,0.2644692571326487,2.24032928879899,-5.256485556327803,-1.2910049123905396,-1.2080386384443482,5.5560669712107655,0.831990691380895,0.3586202068075248,-1.205467038720721,-6.744182918713327,Normal,0
-3.633389739876202,-0.7288443778474689,-2.3563299869099774,-1.8806150397638117,-1.6137123763626866,1.1140299393979805,9.619799992687085,-3.2569200738718695,0.6703023546736777,4.0701215593316125,-1.3255462574350425,-1.6240695714625373,-13.858154458869215,-1.441008371547695,1.996901845692714,-1.3824337732145644,3.115651307510333,-0.7764031921475563,-5.3264954563613305,9.492603506173765,Fuzzers,1
2.1109465438428923,-0.6795816960303795,4.72095767948937,-1.7451100348449828,3.733124484476508,-2.4470787098660756,3.4586445701646955,2.114828984959278,1.8717478592398793,0.33620882274301034,-0.26609554303275906,-4.049155700085278,5.383606594477751,0.27810534449101165,-2.226658362606415,2.091209833235341,0.09269378255811933,1.9340919702848542,-0.032620456987910496,-2.3324586137922174,Normal,0
-4.597762342718209,0.23416064010970628,-9.907421795790341,-1.8359377027107469,-1.9994088864865545,0.5934923302642652,-2.5760893821650854,1.921254832695554,1.4947455139552206,-1.5211521050851546,-0.04987369846857698,6.189688242379736,-7.19442497602975,0.6628880162750469,-1.6740498969636324,-0.7310891290002095,4.412944566983452,-0.26198474917413045,3.8166265247902587,0.40664277143886185,Normal,0
-1.8950318006347637,0.11617765434021399,-2.4688025002996694,-1.772610337826642,0.051200494710957,3.108444705915257,8.421761547517013,-2.4074560826314464,-0.17171656388434287,4.297402220287389,-0.6257537551507155,-4.307167199923771,-4.707240030778614,-0.6825514712772067,2.5205975478907154,-1.1545633227051293,1.5210869707461718,-0.39494423070908447,-2.212362300197195,10.956762952641352,Shellcode,1
-0.1454876853717113,1.893121742650589,0.6060287536595994,-1.3323029512762319,-1.6739689216761782,0.8651808089926765,-0.5169178722963045,1.3516719133917379,-0.13703575949483018,3.4488613157090042,1.5926899825085863,-1.756385503661653,2.530023298152709,0.20859296405883831,-1.264952095969905,-0.7467090107641974,-1.8506421822645391,0.563326619325328,-0.27527632669732327,-2.2291949808472498,Worms,1
-2.750241930931642,2.2846574253233523,-6.005913250930248,0.13084122381139318,5.378486894978529,2.055782816087711,4.690830509474547,1.3088866188947308,0.11244676407403323,0.30244747325973065,-0.2512446061045212,0.6468176776355521,3.3713224520853307,0.6704399078019393,-2.139070886900683,3.8193817642225274,1.7103809786568407,-0.0527906942165574,0.1904394344759366,0.740069814276461,Normal,0
-1.104256791215041,-0.8667858477514776,0.1432159435620186,-0.22800491281989177,1.2110628943931916,2.077889907275525,5.241621735423724,0.6682937008156862,3.280299589689118,3.354521706131294,0.6140713589847901,-4.487977622380944,7.002637916114261,-0.7177862563134088,0.1806944666110537,-0.5877673035372029,-3.538423957529199,0.3441858355951282,-0.9142701355009515,3.4400899658921587,Normal,0
1.7030596675984042,-2.137735485039552,0.1116468493899383,1.089087778970159,0.4816621537906063,2.5781366306145053,1.4506841150637964,1.766854966578405,0.12287856012666729,-0.9337173100678267,-0.08848365209126866,0.20881380594450638,3.3672383760665876,-1.3380512762574128,1.7325312516292144,-3.0213578923740267,3.1479028455427778,-2.5841279189392345,1.615822415209182,7.825550337901748,Generic,1
-0.8021889958217796,2.0627559411512877,3.843702158774069,-0.9512886858926344,-0.2252023802539831,-0.40150877274970487,1.0597401852522392,-1.0056712859288985,-1.5001042370868463,0.725054279652366,-0.4390958402994754,-3.4847204089136863,1.4029715433374608,-0.08133557644174656,-0.5302382367521434,-1.3443618257731065,-0.3650914156298357,0.5071648837171499,0.38748452708152703,3.2048708685143645,Analysis,1
-1.7962976257873708,0.29280243734195965,-0.8812152595272639,-1.2686264218033023,1.2412707160947982,2.061881660805045,4.279940171687028,0.429364013645948,-0.47774217877761227,1.316673951025793,1.6706391583258917,-2.751162677422071,6.168373935317781,2.188409470480316,-2.0156495913340393,-0.15705956265998022,-1.8964859713495532,0.4309961356971796,0.5108963814584749,2.567695078974062,Normal,0
-2.345210040398768,0.8076650737019588,-4.734859161627708,1.780223130376085,-1.8987825819050044,-2.212133736418959,-5.9745981902602505,1.041659681702504,-0.26839482087500266,-0.8512997918556368,0.9594235570618448,4.411000923698834,-12.829494274611037,0.5157676015642436,3.329307005423315,3.0462127780103874,2.1218824897994257,-0.2166960864283521,-0.9460829519941634,-4.355268267790569,Normal,0
0.0345354994422884,0.12122040029507586,-4.722196772952157,3.189433301400638,-1.5782996545842014,-1.4434086343509318,0.2152640306675842,-2.0196426800369776,-1.650721133557372,0.3157491853082417,-0.9469852794696143,3.7391398916975893,-7.975302502075009,-1.1884355910592455,-1.0029774148935067,4.290412386722588,2.45703120533718,0.013668457540914473,-1.4818187465754469,-6.381979962095455,Normal,0
0.06504673942193318,0.57686535643895,1.901979095324242,0.9110551590135441,-2.386912352808447,-2.2140359036449175,-3.9151702987482713,-1.8616537203980927,-1.6140226725624092,-2.427857738468662,0.2130043158716886,2.5646288062894387,-13.426781161817178,-0.028974244550251695,3.234639827822029,0.5364771950185957,3.2256725858501274,1.2713885569586938,-2.2551362475215293,0.389338340240659,Normal,0
2.0441267054086403,0.6703244297016759,1.1921246880020344,5.112140886827491,-2.0611920313107674,-0.8912108078121926,-0.6016693795504491,-2.84459121277904,0.9107540987715476,-0.06567985553501976,1.1334063991156698,1.723864516982064,-3.393838904292674,-0.5013980206357275,-0.6960095256962735,4.002405361001935,-0.34179114324115023,-0.16925328582761373,-3.3155504549233648,-7.161404085532731,Normal,0
0.5882365643642364,-0.06289958386215533,-14.94904287436817,-3.4997702375978377,-0.7727212401337948,-2.5530297027250843,-0.0321648083528307,-4.860608029370663,0.4216684975703332,6.491732303355306,0.5064176961986897,1.9193865832294565,-4.304921657468147,-1.1407694656660385,-1.6326267979158848,3.6651979659478657,-1.6253607539400927,-1.0856070057540064,4.3701650078283585,-10.99968665673026,Normal,0
-2.2783065628889787,-0.954735867289588,-7.66250536057896,0.4587137770108751,1.8506912086384615,-1.4970973158809433,3.8805354280270103,-1.4356162220835749,3.295904459927551,2.173876186958419,0.5531805938362537,-0.19879810126023,-1.4534447100023538,-0.26971031102471027,-0.7277906048236873,3.7219225827019935,-0.27853149180161996,0.8980806925781035,1.2675991559924529,-2.7253318247508194,Analysis,1
-0.1605144948096211,-1.5389673878736905,-3.3628783913203883,-0.5355095605590507,-1.5810106261985237,0.4726878899730861,1.9112433979132766,-1.6745118277208637,-0.8963411087919169,1.7253377798025125,0.9080127949270519,0.2042795050383832,-5.431964315187673,-1.7196888081929917,1.9488645642871971,-0.9532508327840723,1.3122865050765289,0.9221808849615791,-0.1578723936205373,3.2922278406719885,Reconnaissance,1
2.2018996068329217,2.8062415719161784,2.683607556734474,4.858936892712987,-0.7264943636629076,-2.592936869007203,-5.016275136170381,-1.556187406077317,-1.8387660324127755,1.3868004113683012,0.36205499056930357,-1.644048722888098,1.1773833281207131,-1.1998758126998477,1.3704063727335583,4.5654750441773295,-3.187852883519776,1.0808707780680333,-0.9098050210310208,-9.072092837702163,Normal,0
0.18740987382213592,-3.6211639519382244,-8.189336468243683,-0.3005780360697301,-1.2035127132524235,-2.197170459147213,0.45862431519195535,-1.2271314105565825,-1.172287570150787,2.286378687966685,-0.4145049424663194,3.7428980583971683,-8.430761792779032,0.5098384367134517,1.4892792152287708,1.1090969027698057,1.1317421484779158,-0.4692896527597039,0.13440004254802984,-4.262846378464868,Shellcode,1
0.07642139063443176,1.451594267691705,5.204093512819518,4.745552827302188,-0.7374571021734428,-2.9061470857413765,-3.3881603159045737,-2.3640380503103593,0.5164439904755908,-3.0053448653730834,0.4657867821063205,-0.9376500407220245,-3.466397775660678,-0.31232397390156474,2.4146885978598585,1.2689687690836535,0.9403780414603664,-1.624633070119911,-0.10756622465590526,0.7823001317376879,Normal,0
-2.5300935652598135,4.766741493892949,0.10486723989813451,1.0114547774740248,-1.4129320725169316,3.817417928113828,-2.574976419773022,-0.6363121960119428,-1.4368986898758145,1.0349754593275007,-0.7745735651924353,-2.21790794805651,1.5352997212184054,-1.0730501478738235,2.463388543872703,-1.4505677192652042,-1.2550548007869091,-0.9928364171711314,0.5837361944948534,6.37235432655749,Backdoor,1
-6.458661581800065,-1.2680489290321244,-8.943601459172733,-0.4930768958589484,0.8701364475647173,-3.0976041847179863,-2.406029288813954,0.4897192011989955,0.5445184501466294,-2.6008348127030945,-0.31211252426939223,5.817242157693669,-14.43182699992036,0.02019123823233079,3.3209241892345003,0.49821013947080417,3.6936701407120283,-1.7018316692926767,1.1647479305858468,2.2134048116758214,Normal,0
-3.345773389535072,4.16947986488789,-0.5277151591209839,-2.5855241020685202,-1.6951222136285582,4.101439029386066,2.956390526524104,0.5269831672054728,-0.4751231609787817,3.954658465350043,-0.014307061101270772,-5.644603359750553,-3.7137878898775147,1.2836010675873242,1.8891648123292593,0.5221431217961237,0.040911509281930325,-0.4002578225026004,-1.6224393892379947,7.832964968909707,Worms,1
2.54185697758923,-1.1151487653958907,-2.2382335577392967,4.205517680342484,0.8677900526232554,-2.6534083350281406,-1.3973546372443897,-2.846677371258782,-0.9701876365600021,-2.2142620010011878,1.691349601502721,1.5859643614592407,-2.7979825873816417,0.37186191593013557,0.743518160377844,5.363848653877488,1.285457445692511,0.3891846739243447,0.8460272136161024,-5.818499824386531,Normal,0
-4.2572779096748565,-0.02405489501296465,-2.414725037998381,1.4672845315991498,2.575863032769808,-0.30462268771796475,1.3917362875638524,-1.5390949011088313,-1.0627117606434355,-3.741481657953203,1.014508030327775,2.9949708580115457,-7.631588636253495,0.9159628086021071,1.838088699254595,2.3206258166724716,0.860210344782368,-1.3194830401400899,-2.9429705007849005,2.6288736802163433,Normal,0
-1.4301021718642375,-1.4825298219907146,0.14417170148278202,1.6012081116789594,2.2949503841195584,0.7368454759472058,2.1379279372739908,-2.5224687467779363,-0.9833516905833866,-5.249767532442853,1.401132236402733,2.8445856513080034,-3.641771751010521,-2.87271221644645,0.9962483430338942,0.7551376202723955,1.1816458626881747,-0.08533970853594725,-2.2082430773611925,4.2909432953317435,Normal,0
-4.3276846006892855,5.5359467321203155,-2.0321237950458233,1.7959273853357018,-0.15035742082139647,5.1233836574271665,2.717846952120966,-3.3334105598152233,2.3182056903723653,1.934695897374151,0.23081450241049373,-3.5122288143367983,3.4638258830879516,-0.22239322765867986,1.677542593386788,-2.8973790040889646,0.3803927364945616,0.6406262494886588,1.844297186485416,13.193054083152045,Generic,1
2.1862643409809315,-0.09987487343323997,0.03379697911245083,1.9022684417194267,-1.4654607221567382,-0.746889385809995,-5.114897698777509,0.3818219870909899,0.7868422488477252,-0.08259596323903051,-0.43943046028233157,1.0069404117527527,-0.4723541532208342,-0.3601762558429076,2.0976724315501576,0.7721540503668312,-0.6835346975240888,-0.49234918078680157,0.7766537309503994,-3.7614952698255992,Reconnaissance,1
-1.9200119066713346,-1.7574912157084168,-3.6958058127663858,3.1094749220083635,2.6164611477884545,2.6214591518054076,6.900524756809275,2.522906896930671,-1.2219074599865367,-0.40890377772061515,1.1837661062895555,2.8913717480717347,5.895305748485289,-0.7077123732080544,-2.6401233585702797,-2.767731765924271,5.036351198643265,0.5891519388074778,1.297073119860073,7.465172675270157,Analysis,1
-2.492952115421351,2.584210060358617,-6.246269959358848,-0.059558789453741934,-1.2335547345795952,0.9618402615106831,2.481535689176998,-2.408656253434871,-0.0812386476348047,4.221660132883693,0.07979135720240657,-1.5862250945675496,1.69519354784515,-0.46537222608852075,-2.5869587845420323,2.0191930737380566,-1.9475312987395126,1.101489152071668,1.647406247623883,-2.74356203676761,Normal,0
-1.1402195558331703,1.961641256386701,-4.226937374449617,0.88779360396311,1.4027074145639065,0.6097276425606111,-1.8914722409399167,-3.0669829902482704,2.0817516124866726,-0.5622976101415063,0.8344534120127188,0.9407098398719507,-1.1531349017962418,0.9645415731366714,1.583355998216438,2.7204776985723234,-2.0387946839551776,-0.7839853232605749,0.27808203477251503,-1.6354520134907968,Normal,0
-0.6397755670284282,-0.32820941292306105,-0.3642825316727129,3.677545154748922,-1.3660596348238514,-2.9460324578091077,2.827573367292874,-4.326231389794341,0.6336971474632781,-0.35451351523329155,-0.12224393158849264,0.6007480141388446,-5.874100107552195,0.7304107950830058,-1.7274409414306695,3.7196290959139984,0.5574324209422798,1.2128537387842062,-1.9152841318916514,-4.55411267153672,Normal,0
-4.042973555559465,-3.060640493593122,-7.677491009400818,4.017370243969428,2.466408468871581,-3.1590870734797765,3.987144761293303,-1.959897456565101,-0.8878930134431609,-1.285882502363777,0.14642572672080395,2.559552198244763,-4.154123526948595,-0.19151364993265155,0.13823273642179923,3.929528842574845,0.8348198127743949,0.7258167581809385,0.6852091970800545,-1.611213116615641,Normal,0
-2.4728417662060362,1.6087820122340335,-4.778154031348981,0.3224059166933635,0.14572609451635032,3.754900891640124,5.729858671127687,-2.77843352195519,-1.153040110345398,3.4133317145520454,-0.06472058724389121,-4.352178692876932,3.4532892201665106,-2.003343978082159,-0.16062723984355798,2.174445488990234,-2.619620237518819,-0.8530113086096413,0.1936869838794255,4.070540278736719,Normal,0
-1.4823274327518607,-0.1404572505715631,2.5951526232023747,1.383575510671469,-2.9876086970733358,-0.010731626213875023,-0.6057721946434244,2.771149800292457,-1.9145819654840572,-1.2003363000251706,-0.6709135511914759,0.25846773842647475,-2.229797045629742,0.8329959184641228,-0.7836526446013239,-1.835339624650402,3.249892123223085,0.2845978800141563,0.599494014187731,3.265922560128383,Analysis,1
-1.7712684770054485,2.225648735805421,-5.886196270578865,1.8678906854989226,3.4536088221364523,-0.0867833732756198,1.1447139289431216,-1.5028137171915168,0.9010301758605995,1.3088800095284996,-1.3378311804825176,0.4535317577783937,2.8337979197101775,1.2084060493341344,-0.48397954069545834,3.492856420535109,-0.9786936480016515,-3.1798702396399805,1.1476239403634103,-2.737900064029435,Normal,0
0.21220418486953418,-4.160716925938496,-6.487721528534224,-2.199022147329751,-1.4896513079935114,-3.7062320201745074,2.7323680414384355,-0.2963580256017988,-1.3140535046976827,3.5357070231954184,-0.5455048576966122,3.087540750458891,-9.087701132460975,-0.27544280674781435,-0.8161055614986084,0.30339954669310254,1.934605733535403,1.4873582772486422,-0.4553730517250276,-5.630318830365294,Fuzzers,1
-3.526825968691329,2.5292786142187627,0.5486740759200033,1.832813989404728,-2.349427880852197,-2.5478778837895963,-1.5309240509197146,-1.7508497278567348,-1.2904869695563275,-0.43015692087165136,1.542296978044621,0.8317701263500308,-9.488888539936259,-0.31676647561620186,0.3726774215927676,0.9456269160697438,1.6736448250632723,0.10739635562395039,-1.267552953012644,-0.43829550179322174,Normal,0
-1.101545034813879,-0.5201263557216849,-7.086097594392524,-1.503170653141905,-2.234122111402582,-2.0766671058643045,-1.3648702074535262,-1.378997512276715,-0.49466805790039187,-1.3752861093407946,0.757751315277474,4.312457414238208,-14.10477833399701,-0.0644492788381574,-0.3988253832416444,3.2202045799384074,5.1503624891787005,0.8088922453701387,1.1623505340798923,-3.2491082728834213,Normal,0
1.456978714904861,0.5602152421284855,-5.744383435029978,-5.639830839369288,5.326666718332287,1.654302303764986,3.594040184978119,1.0851879788480678,-1.3705529527607008,1.969440129314949,0.7244185306649547,-4.101838400539581,0.37950993101046093,0.15190965497900213,1.9134179419964688,3.6631610176851397,2.3564132921720846,0.5649704690037578,2.660780677385391,4.082161037505225,Normal,0
-0.20737953700508394,1.830179891679995,1.3964983247059641,1.8219274447886855,-3.3751127120074815,1.2713429030869063,-2.1556645118494604,-0.7012097479047537,-1.8573869058881267,-0.49937435837056876,0.23894455464199435,3.796381498897216,-9.905297047823812,-0.4338928181659582,1.0161219967022581,0.2370669762350579,1.9296943547905334,-2.912160024645764,-4.931328614674379,-1.1597721180646585,Normal,0
-1.7920965849425217,2.444746780445682,-1.816834084096541,-2.4033544004167258,0.6984190183343288,-1.6941155205020453,-3.0549955238877793,-2.3858764508424017,0.4225197440575192,-1.5177875406972743,1.4414489034089222,2.154120818238893,-10.883019594437583,-0.890196075956866,1.5446166206226533,3.0554120049162226,-0.06898454078660454,-1.9396468151979664,-2.340284018870223,-3.4215102599800176,Normal,0
-0.6566483846391947,-1.178226920768382,-5.211042422105482,-3.3972479716895525,-2.3070680983206966,1.2731362347077226,1.1623490426069463,-3.8002016557300977,0.8822867059430941,2.090989481264062,1.030271172467283,-0.6802814099707227,-2.281109090536422,1.1693271266407097,-0.1593874665800341,0.619051572893956,-4.17978769281099,-1.3837086710634534,0.10907487498307211,-2.117245789932644,Normal,0
-0.41086301959460747,1.9101270710194105,0.4800004933887465,-2.2673020037008156,-2.124680158486843,3.099730935804377,-1.2206529879456454,-0.4867361191603867,0.8947336081196483,0.030590522819528454,-0.43778264760517055,-1.3027175815650498,-5.382777996173235,0.9199053580205259,3.0976062954286214,-2.2527719364550616,2.170990831701051,0.21244469502618943,-0.031119192996656775,8.281521235166599,Fuzzers,1
-1.7242850553259568,0.3317550756353088,-1.3247528383582476,2.231299915911112,-2.524850425076067,-1.5189012992299404,-3.224438032146664,-0.31535303566772144,-2.0819540395515617,-1.9868263560237294,-0.3867476624776022,3.7490718899559496,-11.21831019635424,-0.057243601034954156,2.110201442542184,0.2641531948383272,3.9200145017331884,-0.39903500315560303,-0.7762871398304203,0.7540723817091348,Normal,0
-1.578882403860023,1.7947515176714917,0.6172274130872217,-2.884823023903876,-3.9394895373477072,-1.951786434093053,-6.834921521896225,-0.23290696201946748,0.10673977736161182,-2.0270105237691,0.9986040951492808,2.281617295981235,-11.933947965121881,0.14837527728709607,1.9365312475599037,-2.224719749903552,2.945368077822099,1.7598880157667738,1.298097177458045,1.2978127577743337,Normal,0
0.5904829020431042,-1.37147355204467,-3.422964726938512,5.022497958701621,-0.69465165274884,-4.49910144327688,1.9515074872898452,-3.6527273915293157,-2.55053622892236,1.31953006160172,-0.5260759075166689,0.4838289174918422,-5.433545744030488,-1.2759665695146472,-0.5017154209711097,5.576911630263399,0.7362512144392399,-0.01653358959765406,-0.3735617201100412,-7.7199039103858,Normal,0
2.571802054538743,-1.592315682302396,1.9365996022365812,3.546445564773894,1.1208194214997658,-3.5222969632307164,-3.069940746628067,-2.9451069760269815,0.09665391668743983,-3.1360820123747666,0.9916136605408773,0.7002590598377989,-5.151417152939603,0.40411571098651927,4.015669787833537,2.8642963954467433,0.582816207892594,0.41102105489233554,-0.5136690555891918,-1.974784968870364,Normal,0
0.4301427849278191,-0.6852784334464653,1.0857568855754174,1.9627473854998752,0.8544231102201083,2.985974545182503,-1.4368391802907916,1.5928793501521237,0.5880537618277851,-3.2847462574323854,-0.9239680106342287,1.2656880624158133,5.047890728765168,-1.4034878611200519,1.376002149150158,-1.9927284202511524,0.8534630340920787,-0.474645197385158,1.1665637968785327,5.596405087326808,DoS,1
-1.3321018613056117,1.0700487836708616,-1.3812918224845905,-4.740805236931241,-0.7724837841086658,2.8755961553690406,2.1764777509002586,-0.9672070739109053,1.21293335366721,0.023764322554376882,-2.5143128477825987,-2.1437121067396934,1.0343760105034467,-0.02457886877587188,-2.0785186637997963,-0.3903084611774783,-1.0355985114578843,2.3626582620368777,1.0635852660942202,3.0637930531184887,Normal,0
0.7996930924152323,-2.8514305359037424,-8.425933419334793,1.7621102714133379,0.16874865064350075,1.9428005083170297,2.9112096688734805,1.010845580062221,-0.8964203829466366,-1.4274749921538537,-2.4574002679538482,4.006944688396702,3.8273954943868915,1.1824416310929473,-3.693564805710479,1.2730079914483516,4.496796747225325,-0.36624001542253787,4.574957789888102,-0.36232443852064655,Reconnaissance,1
-2.1492761938591847,-0.6363411386515452,0.4549031705624196,-0.2847578520094499,0.7129623880716598,0.4934353060794272,3.0063497158658374,2.6609879907068534,-1.2886685838167284,1.8341404632464449,-0.5998778989747807,-1.575030852402723,6.860791370558793,1.3131828994599333,-2.612518660719223,-0.6679029707573019,-2.9190344146268106,0.829817777833716,-0.5001619310567058,-1.2231236828209633,Normal,0
0.4305263515538055,0.6417308951740293,-1.662624707518477,4.36967534371985,1.3170521018449763,2.924120974289008,-4.306951275263089,1.7089426293204526,0.18077901813447167,-1.2127457336350702,-0.3054849760766417,1.5014499433238597,10.808921759013998,0.6180153650222515,2.567756220583096,-3.568054575378963,-0.15499408419875116,1.7325942660262816,4.450171163611591,5.434759231439482,Fuzzers,1
4.220938944547255,-0.909529328574729,-2.9216033664648986,3.2212623020680633,-5.411986404404164,-2.1772810342540994,-6.302231445224494,1.991780037255782,0.47723886185136805,4.382779608233936,-1.6651571520742792,1.1088480016446358,-1.5200199947569621,-1.0260169549039226,1.28053257311251,0.4883436603178164,1.4501045831382087,-1.663559227913183,3.2267213752560657,-8.087747527624932,DoS,1
1.8296070533806494,-0.668180029958171,1.9422843769534466,4.238957068080486,-3.2359156447905333,1.1885329147699766,2.6586781162702127,-1.9260838972275864,-0.16874333829171168,-0.6990253152827222,-0.11947817607274841,0.4039486840264359,0.6555032823540308,-0.6395314891636623,-2.8570019950451417,1.5371820184104141,1.2435184240708677,2.233722037963169,-1.3722125867014752,-1.7575341444010606,Normal,0
-4.703909858579157,1.1756412253516133,2.4450238542034053,-1.3581616178886722,-0.644283564162538,-3.7359299228402127,-2.409071830667107,-1.9777191892869042,0.7641677978004824,-2.040244409988504,1.6459985580186836,-0.6913475971004919,-9.162714688208604,-2.102285368910717,2.607111295389766,-1.724006096691515,-0.24477507839223533,1.0879728674590994,-0.2613411006673292,3.8465558764119305,Normal,0
-0.24931037586997862,2.2376321136333215,-2.965300052499578,1.4195261627859532,-2.079323388538294,-1.525910372322215,-1.696465077466148,-1.8983816198005883,-0.6108877920708671,1.8075965843771593,0.09047884735451558,2.312340662823907,-7.547827185792229,-1.036248654818225,-0.8496161296332101,3.5869757027865257,0.5321508878437671,-0.3117533390343419,-1.921898875243985,-7.5695999688184665,Normal,0
-0.7406023556994197,2.6684042502939755,-5.490350592777427,-4.2527943035044995,0.11644780912281805,-0.9880271252060773,-6.085227444521115,-2.008928986359865,-0.5574421938468871,-0.6795813287172345,0.5608497527843965,1.8010752341277994,-2.1357980557996528,0.4582436216800502,-0.02120903974982591,0.1857300431775326,-0.6805643344948358,-1.188018833449517,4.659975848236314,-3.1763470328132843,Normal,0
-2.3095868647202664,-1.7940259185687113,4.608389484674572,-1.0157265113960885,0.26919008304237046,3.4010323123961075,3.4145118075342706,-0.03396077380800788,0.8391109225716529,-3.2715787735967634,-1.349487704280264,-2.7834897584888,9.756791111480064,0.6625731412989784,-1.8929784155178944,-2.9938607023830555,-4.69860556635607,-1.6662824421457996,-0.2936566755790708,6.377739677004488,Normal,0
0.5371051940818856,1.5580817553134945,-2.848987618693976,-2.3365222183543457,1.5718618699881939,0.25162990453410006,0.5456383386722929,-2.0208928392736705,-1.629992686639561,1.0200694524454303,-1.221046531147736,-1.943486013240566,-0.8192989104424439,0.09891640938803896,0.43376835391097,2.634742981338203,-0.46953115294201164,0.6121253521488509,1.1059213819605014,-0.6531619239033211,Normal,0
-0.8977813855919103,-0.044002080472819616,-5.136373688934066,-0.10298772697859704,-1.464752568182923,0.7608009930915527,-1.6010705730919477,-0.5170580919645128,0.9015165142816337,1.5439610877265286,-0.7592721496044921,1.7989071204979852,-4.035748846444655,0.13757146916885518,1.5471164417885785,0.7113326036363439,-0.6516216712731131,1.836285174827357,-0.06917570307741894,-1.6206928991244884,Worms,1
-0.6318821355862309,2.930346716023957,-3.114255881385812,-1.8769098213496855,1.4157453541570946,1.121928344701519,1.1474910791370927,-3.230310973592924,-0.48883951759226496,-1.4197830320522762,0.5024409019031453,-0.08361045837261516,-3.122439796060847,0.09068826604081519,-1.6946974916979494,4.314994804403699,0.7126062010135368,0.7921911853127348,0.08044931393771981,-1.385454309071251,Normal,0
-5.403573093173239,1.654611311580883,-7.4274508067654335,-1.5841639959741216,-1.335117029860597,-1.2414564248656632,-1.8021166823645123,0.42898951712769007,1.2715559134708565,0.3849093379203168,0.8541474707467153,3.9238700353713374,-12.769993696105416,0.6507151024415878,0.1860215898505908,2.825425531204609,1.3813470353131416,1.520211856692579,-1.2233620367379392,-3.5842077824373115,Normal,0
-2.291346477497571,1.0050775111972303,-2.677444522673283,0.4106871384599784,-0.625783315445128,2.895807365626484,4.149104000021176,-3.7607637843846273,1.631533727343083,1.4152596306046075,-0.2887276878147827,-1.7687480397250126,-2.787366479262062,-1.6040540716737481,2.5605380991266213,-2.653501473957292,1.5604340083910027,-0.8418796978364393,0.38056814686009055,11.16969351009974,Generic,1
5.242444294430784,-0.8848090616649871,1.2447508308823219,-2.127488401384993,-0.4627633109108358,0.23843136764985462,-5.407813728325597,2.771725333279597,-1.1263778436949428,-1.3573605977337202,-1.415964452633154,0.7162222719749352,5.267926443905301,0.042709819914462814,-0.03255907594579899,-2.404731748986616,2.56920532162488,0.7354473247283934,5.075684212265333,-0.4730047507936814,Backdoor,1
-0.3881383791971583,1.3610794955322274,-5.63492885279454,3.4501578299280973,0.41718922887200427,-3.8137140324691035,-2.0412103030786453,-0.6284668401552591,0.12663059942435256,2.772097399374089,0.9454714819925647,-0.0993623604047762,-4.209319479417185,-1.6838498029670688,1.1786911399441464,5.8286462138792245,0.6182852723122471,-0.405396978807933,1.5381832588556899,-7.807385745550233,Normal,0
-2.247105169825047,1.836117594129461,8.295048978131511,0.693389861920072,-1.048136337921846,0.3609527154018355,-1.895412479110264,-1.3938139664128686,-0.025301588562958218,-3.8640766058469485,-0.6203812753844744,-0.539226599004345,-4.705359247814728,-0.10189562611957757,2.928658760166937,-4.154436269813295,0.5969822554176788,-0.6078129620198454,-2.7315070441472695,9.059050224011107,Normal,0
0.15597803965920276,0.027806180293783456,-3.071794602493527,3.8713021113164805,1.0081269314444983,-1.3416824178748525,1.9197398199910234,-2.5347834173215045,1.5430008652573897,1.1133404626026193,-1.196871085509681,1.065789711693502,-2.021685295931824,-0.809554515797692,-0.4478353629723697,5.356100993406886,-1.4271651547393418,-2.2322817104157613,-2.5852018283437013,-7.070797978297995,Normal,0
5.506783585182578,-1.350124761540703,8.354087772656154,0.9002943760008938,-3.2479447866843674,2.089580457743824,-7.5629561477716996,1.242662757085296,0.7534521007216852,-3.2127741882973337,0.6031658090206458,-0.8145503786344177,1.9076272743731182,1.6000076397893528,4.214549931189641,-1.60506222506341,-2.426532210085865,-0.5702563850236023,-1.3475849936816533,0.31925822077982646,Shellcode,1
-0.2848020206090306,1.618651228892583,4.392568568320345,-2.777905768778245,-0.7552882337180788,0.5547271697292372,-1.9998135597367335,0.7281749110006033,1.5550127404404641,-0.22292649623763072,0.47227321434653297,-2.6170585411242095,-0.6879257968289868,0.025342879468851085,0.8970523323281339,-0.550965194655076,-2.09160677249215,-0.0607013174805547,-1.3336795279533131,0.9431967644398654,Normal,0
-3.0961667626737936,3.3697722240168795,-5.485305650561834,-0.20580521892892722,-0.1599298811136527,0.2991855173187381,-0.5283095535427458,-0.9794192173376953,0.4361661656994833,2.003855027635568,0.0701972286062904,0.4434323612304978,-0.43127772105087825,0.06747288943996312,-1.8928049889676974,2.4269786405713374,-1.1695189318733163,1.3460834138429323,1.1845332040222307,-3.736322137480933,Normal,0
-1.147409526570515,-0.7677947939062486,-0.8547720768705747,2.3938505076374192,-6.580768816618134,-2.531620781110437,2.813374856016172,-2.3123605626542796,0.5231727649891493,2.7575541018023912,0.750512419611869,0.5323854076821166,-7.929643337454889,0.7882799691310772,-3.277483856080427,-0.42635032545739593,2.9679257891277957,-0.01573838216868779,-0.14185348424445765,-2.5594151926280944,Normal,0
-0.7381447990831391,2.3281860423839102,6.362279848861311,3.4416806566218234,-3.5253482955171496,-3.0897565967330927,1.2445858135926415,-3.1509185625512934,-0.8788089291659094,1.5809839922980213,-1.7318036989259478,-5.174143372820085,-0.7169917545115836,-0.4561508071800212,-1.6168144278964585,1.062367766773252,-0.9020622205572875,0.5108419794618706,-0.2740175067558992,-1.1699186691676302,Normal,0
1.1700520804621002,-1.2957563311828073,4.743874301030078,-2.0304997511757072,-0.766368896017293,-2.2910482575685123,2.4450428351047893,-0.9303033025830562,-1.9481142023764133,0.06756140215250772,-1.1632817122682675,-1.4168961895315955,-5.45205137218151,-0.131197039677944,-0.0187903828389957,-1.599367994027412,2.029811864754731,-1.5556940310074727,-1.8436500749592617,2.0566589421828567,DoS,1
-0.32046922801082245,2.694982540772331,-2.8823046917196344,-1.405343811372911,2.8165072605852206,1.8433550186296292,2.5498291012413765,-0.7064926089836113,0.04384547275213377,1.056071570592278,-0.21379556529750984,-2.628424594800113,3.9201646970044974,1.3529561225593763,-0.8336990924370673,1.6955428369671783,1.1593785793278024,0.6981662684285692,2.4334585732418446,3.1581943511991737,Normal,0
-1.02999345791193,1.719767312594736,-0.5871461238643296,-1.8747980026307736,-2.0112962009371054,3.599449811892381,3.691377315207463,-0.83162022462322,1.4462797072440468,3.929887157729734,0.6979984442936197,-2.537308757116632,-4.055044465418067,0.19032019005961767,1.7938077529245327,-2.2432163411567663,1.067603489406912,-0.6513106999128772,-2.231450097097176,7.620982848566294,Reconnaissance,1
0.99779207028753,0.5490277931256567,-6.030977558841641,-3.2096845940069487,1.6448362113077628,-2.40137368714373,-1.3431757290702926,-2.7167475303537243,1.3470908931399792,0.7660576328616243,-1.473647180781942,0.39656910697316117,-0.9634456527396563,-0.23916303370920497,-1.3016949162961775,2.9543774054094856,-0.462984154021888,0.16414366454732138,3.7082506885734103,-6.061927569543532,Normal,0
-4.967709470705737,3.759222117337564,-2.326446872738435,-5.853505194351309,0.5295484183362779,6.831360756420182,4.200715830871313,-0.36548787054105225,0.11273975115933205,-2.3394553554299975,-1.9794595759767684,-2.2783768033783662,-2.2391351741086236,0.11674829321912303,-1.716652713289846,1.2204013603884438,0.4431214987918961,-0.3790646796405542,-1.00781060684678,9.398876959757029,Normal,0
-1.4256982696540428,-1.4700179007104435,-6.014496854589689,5.440454334907328,-1.94994884469032,-2.339858419684749,-2.407708808726141,0.6358377788407927,1.4980433353899014,-0.022579185184756545,0.02403607828630582,4.7798159290780715,-8.100585806057778,-1.930785361029662,1.8686844083760241,2.335141958136209,3.3340504973050655,-0.01722618277634406,0.3838863036281952,-3.59888255786131,Normal,0
-3.7873411370064156,3.2225143943829773,-2.051306765214185,-0.5210006823793487,0.6351444861576137,-0.3492356144971307,-5.2081666653794905,0.9768416268139526,0.9288314051541057,-2.586447889632941,0.11289353700788084,2.302328026332698,-8.346628992812738,-0.4444338880704218,2.883198706333407,1.5107708184971758,1.5404582338717026,-0.8762456758218921,-0.23666325111103292,1.3005651128117077,Normal,0
0.8692557168365953,-0.8261603339590851,4.631679827942655,0.6608296170949588,0.2773208824999325,0.03395339621543969,5.88475505392335,-5.684048660903391,-0.8733966694994213,-1.6054519060750807,1.2663210739596187,-1.6338301257391294,-2.1834877145568408,0.8151826087877762,1.3155072655960987,-6.123411771358911,4.871941214179046,0.2511387434175476,0.7252622309517478,14.465239511200478,Fuzzers,1
-2.165343186611306,-0.23748474558636268,-5.631296121495101,1.009150332608316,1.2393936117868898,-1.2900971923068711,5.4220658273029,-3.8353749740638956,1.2419075306547247,-0.42568642115691524,0.7865706433899993,2.144629615305434,-8.809021441992913,0.3172749402640901,-2.0922290684176255,6.200361661604121,1.3046837715336914,0.030323871849971658,-3.1015499055686013,-4.58499106852525,Normal,0
-1.1537470005499166,-2.8498320773644057,-11.255337149336738,-0.34967121901507814,-1.6630263285589644,1.4735498112155456,0.7727590240156708,-0.4882702663361771,-3.22116749784043,-0.7984986501345451,0.19994851812504208,5.97537854709188,-10.477982943372293,-0.23070326968305513,0.7065007363043312,2.2378013597911615,4.240290314162677,1.5619405361913763,0.7249047877989669,-0.4011246501035616,Generic,1
-0.2538707865498009,2.6986106162437054,2.3868987909358044,-0.6014562158572829,-4.602088035309885,-2.4491086886549036,-6.0133205860641805,0.09388508623421266,-1.4143477401400193,1.8656998755323464,1.171169662628841,-0.3695254582378191,-9.828969110442761,-1.7461146325894545,2.572251954720889,-1.2918675185190311,1.5559897564962284,0.9004289895454238,-0.16845363039193106,-1.1344483794090794,Normal,0
1.060046982943288,-2.7130455683249872,-4.28050244422763,4.702894549857007,0.5819845770383785,-1.0202109089308955,-1.6932248877065712,-1.0714843337636406,0.7577433174478562,-3.465704921624842,1.010532767038355,4.499639722426161,-2.7018493641888957,2.227139060535686,1.209798946000948,3.4133644574725106,1.6992498571085495,-0.05923175154200424,0.6556988346265435,-3.467795570233932,Normal,0
-2.3933853480818827,1.8351266060014972,-0.8722975264921822,0.22813120727834124,-0.4676083754108753,0.841773639270051,-1.4442661286728242,0.5277008445503166,0.1756412695628192,1.1428522205742142,-0.03620980207558466,0.25070082572612984,4.249782910453789,-0.45499400674492196,-1.069585343225749,-1.6197630124866418,-2.660077927046054,-1.005607935594877,0.7384089986815642,-0.7429666335631206,Normal,0
-2.4872006709399637,0.37708557637467444,2.571667997600494,2.278613866388479,0.03536854374852183,3.1054854084276835,1.849945483242776,1.948574318933693,0.22180473920770608,1.4560934447893248,2.190104779124827,-2.5435974726132704,6.05241837930253,0.5795255252509753,1.4191947754421337,-1.4838185590016373,-3.98458870008997,-0.9796085967942189,-2.6951321097572807,4.154317314785514,Normal,0
-3.342522360533239,1.9485161250211542,0.11017367887708085,-0.4404901843354436,1.0008966673504043,0.6623322705191339,-1.159488393007883,-0.5945246671092552,0.5560157142580459,-2.2871530279685706,2.9359665924934357,-0.2867190524351222,3.8990460317551388,0.7878039927838366,-1.2644705703276324,-0.5541169915509394,-2.2682839149618443,-0.6412338078570549,1.5508766379825198,1.570886112839882,Normal,0
-4.864882246033385,-1.0542823831315542,-5.843076790792777,-2.7174745709398485,-0.3738159089149262,-3.008269248551483,1.9937259225981832,-2.4237888154721956,-0.8466415896761382,-1.738673247651538,1.2748335572840124,2.8775348941050467,-14.391737561334018,-0.7850342767125214,0.17270628608410887,0.8213913220487994,3.6573675991396826,-0.2946766797946561,0.23780854785278915,2.14449997591809,Normal,0
-2.5450861167274352,4.299516587456733,-9.410312678752057,-1.9757878320023998,-3.6149720569047856,0.7264959613672035,-3.522189223135625,-2.6697886963393307,0.22449498197211173,5.281226890903456,0.29817570277746885,1.7783256987550478,-5.509009047993919,-1.7200727322908453,-0.4973205030266745,0.7944350334427779,-1.5406842513873569,1.0895588236927098,1.8496687559524723,-5.339543561990945,Normal,0
-0.8660573300913845,1.3140072242566827,-1.3601758965131543,-0.10906912844239325,3.845485068308633,1.0204748168836464,7.588573105062047,-0.7665650333175499,-1.1481194663020629,1.921116065579679,-1.0046240659096013,-4.061864424792207,10.492898990158798,0.7928981475869075,-4.402414363565365,1.289091761081902,-0.028642556110777262,-0.8798358653050685,2.3773368017162895,2.252042645501745,Normal,0
-0.9620324960670474,2.290413171884695,-3.716880986490856,2.563848178786597,2.26583631744871,1.3416590018632206,4.786713528078463,-1.3243058660369718,-1.1155007873793663,3.8889973635753767,-0.7801167816301259,-2.349692022857859,6.6065207998127065,0.5726986420968898,-1.5964461932141105,1.9722689142665546,-0.7600941239777008,-0.19593066686601376,0.7660232747091484,0.15382302409449522,Normal,0
-1.2874304236590746,-0.19320781819775945,-1.0442355484908792,4.0493014455309275,3.3845353586904015,2.9105644822045633,3.4726044331204484,4.88011874547853,-0.483975877588959,0.1916731404940717,0.4391986597509187,1.0160397053477324,17.466620675511596,1.4261846921856318,-3.1199059100158886,-5.865403372629445,3.1457928354685576,-0.9071442050203588,5.236638207858983,8.327302233400848,Exploits,1
-1.6887033014578678,3.2034788487277837,7.095589940606091,-2.48281134092146,-2.5162920051712407,0.4449965034626583,1.5917759812783028,-1.126930127384964,0.4136740703398066,1.8717372883043872,1.298511859724213,-3.4197748461437514,-5.027866727231883,-1.1794532077383435,-0.14434072868840708,-2.3174667849593575,-0.9087975058160724,0.40686392721469383,-4.3720078023492395,3.5820898944503505,Worms,1
-0.5047416958801793,1.4710909657972546,3.2015921084711985,-1.7426488001078402,-0.7554931907998639,-0.3564367611263555,2.6575739276892065,-1.5672716667498008,-0.9185288906350256,1.790847477587724,-0.41648426363985996,-2.50230556556005,0.5494518911377057,1.2876528773991947,-1.461706861690831,-2.9333667661137266,0.3943038095313226,1.5943711881644536,-0.011363086723353177,3.555146872363325,Generic,1
-1.2835107904265532,2.85410524623547,-3.5927002690235907,-3.127655521087393,-0.45981238534337243,-0.3963105863667742,0.033589166239462176,-2.840266879491483,0.23849762146693082,0.26062678639352976,-1.1275525015108627,0.5094468039786324,-2.5871845105839277,-0.010816970304582276,-3.5922046686049938,2.3372726310230263,-0.1645658632118423,0.21554358339867508,1.3409242093336329,-4.382772649865683,Normal,0
-0.22673353752169922,-0.2394785044330754,-3.556020616452869,4.54726428632046,-2.517785363905413,-1.1555714683980665,-2.0412473184164464,0.5274535469702244,0.3060553660522731,1.3243876402815742,-0.24643245258274063,3.0914258816353053,-7.330324883796838,0.8057152847766823,1.4953370071757328,3.1886379373456584,1.6176139802963059,-0.6982554137497803,-1.8524118562494163,-5.3077827715575445,Normal,0
1.4071587522128373,2.2970568141344634,6.486048657054901,2.076432261471138,-1.438048347048836,-0.07291931502222182,-4.9560873494346955,-1.182329232095472,0.2675920219842707,-2.977079365089987,-0.04410943312889722,-1.046804310083696,-1.0649432764216584,-0.4686076211690107,1.81488666502389,0.9039466403225023,-1.0575950752390684,0.12551304311028644,-1.2829221731877003,-0.433496719548494,Normal,0
-1.7019115732937191,3.9058985928000975,-1.843891182285998,-7.204187567676127,0.20321965431094768,2.764836908089534,-3.99029415114492,0.6281920493907525,2.353605232288445,-2.6545525027292345,0.201848636957862,0.4462027546300513,-5.94539675399505,-1.4069690111770783,0.3884331013506577,0.27674137011302447,1.7130994614509354,1.0167258560044263,1.36394176793484,3.466637466522186,Normal,0
-0.7553658793538363,4.109266626997188,11.347972211437225,-1.0411591396434217,-0.7895113665119701,-2.9227474159686326,-8.135485710871725,-1.6673696972270378,-1.055111535008702,-3.4048124830557622,-0.24057872721864754,-3.37651480503106,-8.567537212120754,-0.8821072931427189,6.5264443057501165,-2.318087395249716,-0.9263979549391621,0.8674276913469608,-2.0553597298006263,5.664134320040336,Normal,0
0.7506095137016713,-5.865463280998583,-6.155121035123189,-1.5567790149047527,-1.5531725934258906,-0.9362524461582442,7.4448631435237695,-2.330167522161597,-1.0066132621516803,3.342970205802774,0.5570684662950766,0.5575942950147286,-10.416128754557002,-2.653379100182451,2.2437955048699596,-1.499552232332562,4.13814298005445,-0.7463980097641445,-0.7018941180663822,5.324496680028519,Worms,1
1.647123295408815,-2.8012943107623327,-4.282016784547347,1.5853038197745168,-2.7587963722593516,1.5000902244668954,-1.6987829748275163,1.7085486667806609,0.059572478429726725,0.6871561401480057,-0.22667718252161198,1.9812665264293745,1.00658542743551,-0.43988831974909565,1.1644002508157543,-1.7053136392609312,1.91585518527484,0.8685609099217104,3.074611620830491,1.258742343028959,DoS,1
-2.663137296088297,1.374800434025965,-1.0242228881853068,0.5568688582240036,0.5620835456645523,-3.9929259537947295,-1.7998351361535212,-2.291470660305142,-0.9123162473186384,0.041500014155506415,0.07379216989812779,-0.05509043522061363,-6.9760806544418905,0.6772119130015395,1.8983402489394328,1.4419839979250202,-0.21616468058726124,-0.7312245690511622,0.01991674228104756,-1.5348787383956923,Normal,0
1.6198110552926526,0.12330773117692218,6.1082085910935415,-4.008652983603767,-3.156675037126522,0.4216669533702839,-1.9611304990826763,0.8684322160959801,1.388296524800516,-2.0106011402799866,-0.9496331188556748,1.2368955650542608,-14.70132419812979,-0.05322497504159917,3.1565950408695738,-3.143924462284758,5.528653755806079,1.2231894872195956,-3.981139577794899,6.449079985096159,Backdoor,1
-2.2158905464727274,1.6339243835647204,-9.185509915758615,1.0083021378406212,1.5753176108828661,3.654901085739468,-1.1270516242812272,-1.1475326206052183,-0.08089014718819436,-0.23544027661631772,-1.3777767923973276,2.0002309669159306,0.16497822455844213,-1.128862977711883,2.654302347638458,1.0597218306426819,0.8296020629545919,0.4520184248228875,2.9032748830419335,4.596519954629672,Generic,1
-2.022388275963659,-0.5895281308953454,-6.4586111463742855,4.142159506838242,-3.1947454741115493,-1.5223890059925949,-3.564838297016915,0.08207406517605986,1.655911258844214,2.352589031950485,-1.2092710414969605,3.244376831803289,-4.446701663789687,-0.864878680862687,2.5274463587164995,-1.3426446059701058,1.365579059907022,-0.9687255549863698,2.513225569299726,-0.8182452303346373,Exploits,1
-6.654513286430498,2.96113610585374,-11.468101652831844,2.547648139577501,2.3981303125921856,4.019923918550291,7.079166960400875,-6.362616389976026,-0.005416423109655338,1.4507667703680622,0.8158477744640603,1.5360797032287024,-1.3562845283526657,0.6239749824625656,0.39370150773614343,-0.07352998564212454,1.0684085087941255,0.7565146031514791,1.1623063738360901,9.901555560343834,Exploits,1
-4.836951167090515,0.14556863728143687,-7.703233218289036,1.22118155370527,2.1374722713332157,-2.0607945169215625,-1.0977956500668955,-0.6099580271676723,-1.3647353139697909,-1.6371256560164236,0.9537878470877154,3.7516725263492807,-4.956928644964953,-0.460873905319802,0.463566409757207,2.986954214035124,0.0882753330306787,0.1042775387566231,1.1393621629544919,-2.6975128607424828,Normal,0
-5.828479709508068,1.9203096917442872,-7.474602664070352,0.742102702939076,2.62405645992574,-0.5967325916196516,-1.8746342284220532,0.12503586923201726,0.3018960634414684,-2.165744117063398,-0.9604845562440033,4.250951395007975,-3.2860218423079512,-0.23689915398742598,-0.16419765147316534,2.438650662912413,-0.06361690580093038,0.3279625737248222,1.0546810086770306,-1.706452101527001,Normal,0
1.4782799991487527,1.5807355519651123,-7.149996782452199,-0.9319118617247821,3.8726046183546634,-0.648584212279177,0.8655725520858717,-1.5073298705533156,-0.4949271205663885,1.8615068473008662,-0.2657821783948851,-0.4102090882151339,1.3939923044683216,-0.31206045639121544,-0.17213933200085685,4.114602616351298,1.6831581793137032,-0.22913705051509212,3.4724552725423647,-2.8302805980080334,Normal,0
-1.5349459660405236,2.8535060549298663,-3.9480566074804226,-1.8543877048244641,0.6372775213197701,2.057132068930918,0.34227890323648835,-2.057389004190222,-0.8871715942317684,-0.04571788323169246,-0.15289107683072373,-0.3763664709777399,-0.07240628904995738,0.130043062916625,-1.0337278709464461,1.6680013642284404,-0.20109572465916115,-0.09071432284511756,1.434362578003662,0.9211830673590607,Normal,0
4.085186972722208,-2.0300436773509443,1.7426384772563202,0.630753156043289,-1.1095553927973725,2.1288311305465433,-3.7967999589108126,1.3608966905595592,-0.4043098054983761,-2.166446089034237,-0.29690258067065695,0.06817941102593172,0.7795484140884006,0.28089743707530834,3.582740687386741,-0.36216498140119047,0.7159995357132176,1.6420340209859967,0.7493507264942326,2.3675168782024523,DoS,1
-1.18108353805687,-2.2633891445805134,3.5838678647581927,0.577922810226841,-1.4214133836575624,-1.8426994455162422,7.808747639728492,-2.603881415564988,1.171822034461271,2.2717297156740326,-0.18883390875389322,-4.796778526355481,-10.702906560142505,1.254807067744461,3.488482476866348,-1.1149827469756877,3.347154352268536,-0.43293047341549123,-3.489024238530237,9.891573862583225,Backdoor,1
0.7952297376238971,1.2959458417416854,-0.6489179653186786,-1.2903076770077804,-7.240497087580366,-1.4597181681191818,-8.889225712321348,-1.18601862322011,-0.053836024557229585,-0.7468892022758711,-0.13586660631136857,0.6773749545721339,-17.348703366897436,-1.2362427842497445,4.610686555382109,2.131895988067268,2.2678467270840152,0.4335469786980619,0.17837539126964574,-2.389891367227237,Shellcode,1
-1.0560260014650742,3.6488782647978653,-4.593956574538776,0.37520466248507445,0.5705074653574699,-0.13303824828483357,-1.056986605620454,-1.5956248476841361,0.30092443700754573,2.9111205877256734,0.7658357137480409,-0.40601689597625534,3.271166544246865,-1.6982369421888497,-1.301087234343683,0.6299035226041348,-0.4208216005039058,-0.4973607919744184,3.230014470983425,-2.132716689899778,Normal,0
2.978841246360785,0.9702238310202008,7.686368324793855,4.375234874259084,-4.61835307303024,-0.9481216705073934,-0.2576835029522404,-2.5617915781517007,0.35417735389621,-0.32173571902537734,0.4837062946446253,-2.2520493365346126,-3.7090097723086957,-0.8289407408028481,0.052801921575335475,0.37504015775938027,2.14636501244192,-0.6434884536488127,-1.942779542680873,0.3777601057425959,Normal,0
-0.8175209088104383,2.36976236114094,2.7203853880305244,-1.5257872501300327,-1.3201741230740862,0.3188307878958381,1.573615811333216,-0.8804104725235221,0.19823877648001684,1.8011512322772818,-0.041495212425883755,-2.617730313083319,0.2896765939746144,1.2758984940957117,-1.5508199800178648,-1.6270443517095223,0.07768139732758073,1.512038814094032,-0.15647861824492182,2.2513285694627947,Reconnaissance,1
-3.9987923363848545,4.627415880895347,-5.15425267770678,0.36190468262268993,2.020518419875734,3.265007614451856,2.7650657903439093,-2.3737680390937017,0.08790580737878718,1.8639173538665126,-1.3241870189228844,-2.531900714714759,7.287232053157251,0.16459804964689725,-1.5357632382122643,0.1462967569325837,-1.3291117396908696,0.37398055732219204,3.363959171406968,5.159280071946762,Backdoor,1
0.1980966286228074,2.7045278163252484,5.8762891992970285,0.31792767182790904,-4.3902113241032215,0.07767248696358786,-1.0122519143581492,-2.061854124788978,-1.8587695564520077,0.9874837835551307,-0.9800722169135948,-0.8613046155584754,-5.05261532433249,-0.7238175276494426,-0.7131341972031875,-1.5895600465940034,-0.11210399232577961,0.45058298146422965,-3.244717059757065,-0.20070649125137252,Normal,0
-4.501621018282124,0.2000757559828068,-4.213665644387284,-1.3708286842146697,-4.170243203803922,-2.0429176831809386,-2.9970518694837764,0.3483380823945359,0.12674486615081526,-0.2479604205731074,-0.7267437429665786,4.155979783425909,-12.82211136126729,-0.4960771723575772,0.5368032438053716,-2.5164713936437053,3.6068246318086716,-0.8397175571153462,0.9994851772756963,1.3689801907845784,Normal,0
2.0636228720416345,-0.8212521463448974,0.13820199475987605,0.8937669430038466,-0.02826342080789579,-1.5489419221928324,-4.089447348623737,0.05783458324374524,-0.7685214602785865,1.232739473186526,-0.760439738474185,1.2281677895760066,-1.9656996434475045,-0.4918000113806116,3.584921375097999,-0.3344197553403788,-1.689684966709604,-0.5395682349507531,-1.0593815144726815,-3.3493785745623392,Generic,1
-2.4966963109572227,2.749484264060655,1.4370729234803707,0.21889137455968122,-2.483231395926741,-0.20880648410006009,0.4671968651729268,-1.726582196153354,0.042301422084365874,-0.04976883123818565,-0.7523425032075894,-0.24502893240867807,-5.902071035743874,-0.6695035599268259,-1.5155211144364484,0.902367507585803,0.6780460896960823,0.20726372862250608,-1.9195721922993996,-0.2494980341190154,Normal,0
-1.6038161931792003,0.07460613343338363,-7.767389256071104,-1.0348303130335295,2.1867616725928958,3.5105798134209047,8.61066259848777,-3.8032402008203983,-0.0992753876037895,3.051359102402983,0.7744900968270563,-4.383906231790737,7.295936906165474,1.1013278116336973,-2.143420811809664,2.276874384307633,-1.6993290133309427,-0.8267411458526538,3.066011836900202,4.552205220507935,Normal,0
2.114018659755502,-3.3880237105072664,-4.527572541831746,2.8139437078664757,-0.5142709300811638,2.2656272397813564,0.5420382682228118,1.37343561359704,-1.4589264545175509,0.28604795183076903,-2.7047045204249254,-0.1942042242043298,2.6946641236602185,-0.6736466591106411,4.121793413762461,-3.0276493757739362,4.833819342931955,-0.3629311062260155,5.3024907926141776,10.126727696599268,Shellcode,1
-3.030108945313388,0.6917106454130078,-4.65639306735191,-1.5457977635382754,0.8769984648267007,3.5936240953728276,4.888070264658811,0.3255832137943866,-0.47533711125843153,2.733821887142212,-2.0194482750677385,-1.7808858107803476,2.1859027025620117,-0.590692422455163,-0.7645613897039033,1.123872795903146,-2.086480895736811,1.0603572933755796,-1.15468359923655,2.5550082368801217,Normal,0
-0.23237888919949024,2.468703821149634,-3.8079020496189915,-0.9734403351723127,-0.41391599892833586,-4.905922870162357,-1.3159460811113062,-2.9014674799224873,0.15399553017779374,2.3353444743216847,-0.6960867266665095,-1.2045377802634496,-13.210406582006268,-0.6676987601488863,1.1858250265705441,6.506288760478419,2.1866824708818005,-0.005189213328808956,-0.14154606101428246,-7.010041982349647,Normal,0
3.77583231999541,-0.6292562059168256,7.202363809497644,2.9596847456405193,-3.2205719086006015,4.354342777571441,-3.2038449923543446,3.562244284891407,2.2967608205222074,-5.818029607394143,-1.4643695251386446,-0.3790104206947069,9.077963444277891,-1.825813538985183,-2.382807632200182,-0.6367722036885363,1.9988561133975522,0.43025962758246605,2.1267582436578194,2.6561879151728243,Backdoor,1
-4.11362976639246,5.376624735088597,-11.116325857313974,-0.06625473533019477,1.5083545717934634,5.133004918228562,0.7439021577072569,-3.877685976802487,-0.8884262990747994,1.1008942674551405,0.05304703161147295,0.26919969786132647,-1.0492291310246613,1.9628108976737255,1.1029450026050034,3.169661716119212,0.2423982741242019,1.4676250199727816,2.5712595424872324,4.8555902286915895,Normal,0
-1.8235705609996895,-0.9324020687704899,-4.143059268530488,1.3659045754517634,0.6215472864545777,-0.5478711447113596,3.162566074864989,-1.858970846295775,-0.11382262748942387,-1.8791500920748576,-0.8597606356951246,1.014013290000816,-0.6687977759995878,-1.3101862393458739,-2.254668548219448,2.020383489346,2.0571931664508476,-0.618728044805297,2.1854845352716925,0.6760882317172141,Normal,0
-0.5190448692430366,-1.230964996615942,-1.6379576168785983,-2.6753367697059796,4.250490662619247,3.632777768681574,6.092933740263245,1.4334708304728352,0.5010216584844239,-0.007177684432670084,0.0024072179382927834,-4.078374654430364,8.722672612425548,1.63884268618091,-0.23084369494305101,-0.005994708362049295,-0.5849883455139878,0.8912984714285959,1.7481967044788924,7.728441176024362,Normal,0
-0.34950811814386484,1.7127427272601143,2.9140779606049754,-2.403096075604347,0.8723836681524526,-0.6261453188860757,4.301972844216509,-0.9471144953650595,-0.06376834167133273,0.5359368513622601,-0.2413014551771641,-3.7172227613337068,2.8067619271992164,0.49262449269952874,-3.0408948580750232,-2.075038912501833,2.979645557037263,-0.790590310513387,2.620025074319669,5.589704278674414,Shellcode,1
-2.6522996151705374,3.767799268877256,-5.9775525188982,-0.9653246621420957,-0.8586284988904052,-0.5312363626123836,0.03417212851730067,0.2738092591131782,0.6028629549303025,3.7864236946748155,-0.03436237169197916,-0.16175383695609225,-6.8350905644077145,0.7537689306975566,-1.2156509425789248,4.935956089647851,0.7959201606165318,0.7880199850505609,-0.6848488721352276,-5.814239066873856,Normal,0
0.014748831973706134,-0.5089816291276494,-0.8963235053967806,2.7878620505576475,-3.2874396779731336,-4.77310665648758,-1.3049584192808052,-2.0511674930260932,1.8832043683309012,0.7645887226901449,-0.6836682039434183,-0.40574512611791835,-9.57076124649095,-1.6095380769790235,1.034457186070497,2.340193593444351,3.200145557264868,-1.0544090477459183,1.3826642153816606,-2.872049996011713,Normal,0
0.41345348829462125,0.35915574655946714,3.8721374606875654,1.313183672638279,-1.2516247482891885,0.6176849998341953,3.9353032359993407,-3.088919146630925,1.1989094501567816,-1.8854337615006873,-0.17225589477488634,-0.8329228350917677,-7.509652424951202,1.12089542499487,-0.1454503132652687,2.202556058796393,2.424782414683346,-0.4059886015648107,-4.248844560823993,2.7599538014114984,Normal,0
0.8674580798514571,2.499325917000424,-1.823458342464532,-3.3523081098915,-3.2237916389485086,-1.9307314086824108,-6.213164315827985,-1.9734618595928868,-0.5621739324207282,1.1029790842246083,-0.6622494893675276,2.5989726348015894,-4.43442525903525,-1.7550897414301345,-1.6553585677405012,-0.9404398286523059,-0.7011696641160671,0.3914343449942616,1.9084440594954755,-7.264768938806641,Normal,0
-1.5880282326010984,-0.08011396367892432,-0.1595639385995382,-0.27336284508006203,-1.7429941905898734,1.4046668393942312,5.871310419473919,-3.7468927514327732,-0.47558593246390446,2.370848956443465,-0.45464418049025607,-0.7833113206275439,-7.558322499288873,0.0017438630774695295,1.886041052469007,-3.827781215807326,2.7933178113233126,-0.03614798170551399,-2.541929153365282,9.947509049498121,Backdoor,1
-6.188789452369677,5.102816143055032,-4.170098339729822,1.488550652499534,1.6377404021400146,3.298110868176213,4.034793104329182,-4.978639864907901,0.07714175631519635,0.17987987521651538,-0.47214633397244804,-1.8917910721147506,-0.2178239296905966,0.9850795519730822,0.4872005134045454,0.3022827585500596,-0.42847526892603716,-0.27830000892351964,0.44970910230745775,9.298797989993197,Backdoor,1
1.5862618800941877,6.159188014958645,8.3704866642231,2.9144343181797865,-4.62774266182744,-0.20344283597745405,-3.21643889530269,-1.6137955443781482,0.023579832834283734,4.065832911960551,1.3302577791562278,-3.635129577072137,-0.19090860693926537,1.396907532065686,-0.8164389036055466,0.48155346517424324,-2.4260705540158143,0.36038427038837106,-3.653482382042342,-5.046316977415943,Normal,0
1.1163487742959526,0.7145276724221048,-3.996263178403946,-3.0058522157170997,3.55624265627036,-0.8893949203337179,-1.0398513152483595,-0.577090029826796,0.11912310867344743,-0.8708857478400707,-0.5829569213210068,1.2092445613281853,-1.5111463479592202,0.2256318746131296,0.03235888320279723,2.8968114893579813,0.9931805051270368,0.33820118647696773,1.4947668217626968,-3.036904262903243,Normal,0
-1.0696233371080608,1.2048223141308685,1.91019668433464,-2.5450475009964375,-2.199411177720597,0.2897318973147872,2.634193496407605,-1.3264871656557475,-1.5335222423196364,1.7812425759848778,0.4344347448238701,-1.1786595787105412,-5.294975653493071,-0.29782234348325515,-0.7999709311732435,-2.503864657392459,1.6230462457227595,-0.2260061692729072,-1.6002459671842644,3.8424348693746966,Reconnaissance,1
-1.1103118280527182,3.40905247259614,4.020593947633924,0.6718627692349649,-3.972334127453733,-0.03657740304784496,-3.743221038179109,-0.3815446847133849,0.33870385994037067,0.5782992038506556,-1.331176797385621,0.1410375547834084,-6.1303544736996285,-2.003684111696817,0.7088121300161082,-1.148488639432987,0.16394117815850828,0.6574566266891637,-2.391480181874744,-0.35389235181061307,Normal,0
-3.0104559181590287,2.9656096250620316,0.8863931127133877,0.15658468583225438,-6.024243006886847,2.216348628276407,2.465057496200427,-0.6976095182016602,0.12418161597007096,1.6672017406715707,-0.044519447930577986,1.7491320155580175,-7.4664024298454255,-0.2493565805562629,-3.969605588664278,-2.0278827351261954,3.06492360149666,1.4296110940944324,-3.0167077816919257,1.5987230734205848,Normal,0
1.3155505473581193,-1.6596293519485532,-4.753962409464999,0.6834599098375107,4.002573837454017,0.869004979976796,6.102564754359642,-1.7829099493591027,1.61492552532736,2.880681285253373,-0.008874243144477798,-2.8614725681231037,10.07242995133155,-1.4564300388314206,-0.862004212239861,1.0168439242058285,-1.5430614410681127,-1.9501122379867444,2.838718788374511,1.3962391755510963,Normal,0
-0.4141110022719747,-1.6167051834556836,-10.32984409636935,0.2615836465115975,4.2139902492583134,-0.8061893475650708,7.3039674569480635,-3.4426354807633426,-1.3450986154625424,2.696516033107153,0.17200582720152116,0.08095463822461713,9.399588577148593,0.2000234056665911,-5.1625608249061,3.122365902414165,-1.3139638702085275,0.4722395776438684,4.59085938511021,-4.751559137629361,Normal,0
-1.6520261883469136,2.7726790666945496,-2.6933788016113165,-3.309570694355773,-1.4602733680023796,3.050734089610718,-2.5606076265747344,0.28996922465435837,0.6650266167215868,1.579406814017993,-1.2238249378907575,-2.188470749977102,0.5398523478096826,0.28277987674718724,1.5463768415755288,-1.332800313632188,-1.2630280658561261,-0.6084086494201553,2.4266024108516895,4.151198347100939,Normal,0
-0.2121866641591903,5.856215619604086,7.697430503156017,-1.215215319278851,-3.2464836367815515,-0.9604070184059884,-12.478001786088305,1.0966863746507545,0.9217994115529006,-1.6364904906796864,0.7891857357629004,-0.9713184034071909,-5.154744533961929,1.206735195739604,4.288072531199816,-1.8612150451088803,-1.7827021132918683,1.5124982675088734,-0.35003036998234527,-0.674466304728819,Normal,0
-2.7138683635924443,0.6068798605008122,0.21501063750204796,2.1208606397178227,-3.6785745193032966,-0.2692563887428645,1.8241477411917006,-1.63772406299101,-1.480457111519996,0.31628715801845475,-2.5271656040165933,2.1760225215099966,-8.177575417891347,0.9091179275980095,-1.2744279978737647,-0.3358431485741482,1.6101550183336026,-0.3618122932559792,-3.2700717211281844,0.02584279589623706,Normal,0
-4.419168470449819,1.2537439615360795,3.661586978684611,-2.503915577065678,-1.360697343322916,-1.3127198045727373,9.722008642062255,-3.231083742053117,0.5708051779029949,2.9184150720283286,-0.8538642677526315,-5.986215581253213,-11.37135729835088,0.30008045551991636,0.018472367918040744,-0.8359851357480274,2.9742196041111435,1.9249790305605117,-3.8764762221064175,9.92070226555393,Reconnaissance,1
-1.4252285592158276,0.4560613718344225,-0.8046188624695962,-2.3022656036381957,1.8355339208553834,3.032577002168922,4.7547025913017205,0.6509194956526689,-1.1970278451187042,0.4840421995762362,0.028898498319943386,-2.9510228122133024,-0.051988384336079996,-0.10052449239517819,0.01314562823586174,2.624716410443031,-0.8131501696807508,-1.8158459788198926,-2.362506273786952,3.3090122270315443,Normal,0
-1.693049988401469,1.0628115366278945,-0.7011854868268013,-1.7335019119344348,-1.630372334905685,1.291116593613887,0.9661421012820312,-1.7142016224181946,0.949558754782266,0.344326109949337,-1.237316387087488,0.9471475243031646,-9.76803381863954,0.631412661981995,1.8460341842477477,-0.6503214196793525,1.5034339625150914,-1.2029024289499468,-3.17477063165864,3.8715725202567324,Worms,1
-1.1093333753767154,4.159271627061546,11.170410792092103,-0.20024518088228493,-4.118470950114267,1.4709326599501567,-3.3225436853007535,-1.2937194224232893,-0.06205485179272471,-2.939086304609135,-1.481658563256228,-1.1673913712095563,-8.714424684535421,1.1151678940260508,2.10075171811768,-3.1215618839142687,1.008301701682635,0.19822519329196167,-5.127573503273403,6.679892667238043,Normal,0
0.6916464264268862,4.5777396936531485,-6.923760534832531,5.08369025597327,4.097730193848043,0.3100763505102795,-0.3432330086785698,-4.246154849821034,0.6001271723512185,2.67862622410714,1.8120878086414012,-1.7464870101978953,5.173081574505284,-0.35537987654727193,2.354878001642652,4.29687919979577,0.5148819614469653,-0.5090206256342559,4.077991604287819,0.19143565878899538,Normal,0
-0.06699774406020587,-1.2039490267196298,3.955048705210794,-2.8398523321243685,0.3582230034922693,1.0115683996644487,2.5269584397894214,-0.6842545586793932,1.0126884626657082,-2.0749785036065025,-1.196803155979558,-4.314871782739205,6.582108428369212,-0.04237053041554661,-1.9711619126733635,-0.7044573998646069,-2.8696996854080443,0.6895511832274687,1.4181229658938534,3.149345251802067,Normal,0
-0.3232561518421234,2.204118525071298,3.850844544941794,-0.28405791063853747,-1.5258387271525988,0.2902515053875043,-0.902040114677564,-1.3070203462445875,0.6569210323526465,0.7202331357961183,-0.20427501072102375,-1.2371957974173506,-1.8645711250813843,-0.5402662492199259,0.5275323823218908,-1.3545892520244556,-1.0698291062374148,0.06932690490054684,-2.0087695504820897,1.1401655076127024,Reconnaissance,1
-2.5293438147895215,1.2406005391217554,-6.350779665848808,1.3772302641306289,4.393441237169666,1.5342822143963144,7.834595352771193,-0.26971623970736036,1.4489632460231698,2.680205582321723,-0.24782180982393479,-0.6268999740984816,4.790581532628825,-1.4051980361664616,-3.2795527530085895,4.10551844642739,0.16382549132443058,0.16880380992407706,-0.6100089020821606,-0.9994935218823344,Normal,0
0.7118316468269055,0.12771932264628938,-4.286584524551028,0.11336039399264375,0.9458711205613253,0.9543099026619519,-2.403599830528737,-0.08764155864578371,-0.834428467676373,-0.8064291925678528,0.042479972717485215,0.5521795243418035,3.8620287609471893,-0.12497063688131373,0.8886184737653307,-0.2531743187343176,0.9428674135201667,0.5802076812550175,4.74590071455751,1.797690723671779,Generic,1
0.6635184864880461,1.8200871060646002,-7.411354444286165,0.279809799902508,3.7425583532592137,0.577479731941789,0.5677855725561332,-0.3407030198018637,1.2416625418173428,4.086730925043766,0.5004640573593597,-1.6041239639485554,0.46576011661161865,-1.3359778055136422,3.370553966986818,3.5775083372753462,0.4643945227745405,-0.3654316225996046,1.6967294748742006,-0.10524147764415909,Normal,0
-2.6755282702097922,-0.7442813637505064,-4.040211206099157,3.0387220072151493,0.6371268914960244,-2.3767623571893335,-0.03546103263053246,-1.876382842498249,-0.4503089934847631,-1.497314109610426,0.49420452639453427,3.182896651805856,-5.833981427352102,-1.4972630890388055,0.651853112886939,2.5327722471376717,0.5076192782211578,-0.537775499001422,-0.6791291527806811,-2.621312204664055,Normal,0
-2.284550362949555,5.41733097361257,2.9881054574059807,-2.7404409844470963,-2.645353143733286,3.027310352742088,-2.4685401559548947,2.115576504979435,-0.23239303499081734,2.4910001805587925,0.8950210755435641,-4.154008063815239,-2.5324026541041613,1.0198412793263079,1.1607576196541913,0.09444033879213931,-1.1775587919943167,1.135315215244051,-1.711266955462112,2.856995729785829,DoS,1
-2.7432814201644935,0.383026416309038,4.907630220961558,-3.9761092839138548,-3.2914692159907695,0.33450404095686714,5.021366650591451,-1.8787538738479495,-2.1891156697312013,-0.08737339417632461,0.5478508449449205,-0.8709093841699103,-21.72402762595585,0.14216940019386184,3.560573269118437,-2.681687980142187,6.01716386961577,-1.341763914551753,-7.227327342703256,11.868119578298474,DoS,1
-0.5851774451002199,-3.7963308413308323,-9.799111935196208,1.3262520707789638,-2.7829587692084394,1.0776015173844606,2.494894311969993,0.9120162411501265,-0.2697331837066766,-0.4268960687221285,0.9085239595881444,4.52241925593251,-1.9937276866769165,-0.904503586443227,-2.960900969471295,0.22723976938471235,5.235797833530466,-0.2155423209189128,4.509635589347475,0.19400911012219557,Generic,1
0.4323291104905258,0.21123199877535592,-6.175754964079374,0.39752983063440306,2.0999169524025723,-1.2495929415922489,4.657480066237796,-0.5945318708974101,0.9869151932831538,6.560363090551732,1.8112213872727128,-3.0274670236143733,6.198851471131794,0.7383368600316264,-1.7319418634214006,2.1838675497181956,-1.2708027396576935,0.3408163943331779,2.543322653429297,-4.026553720920157,Normal,0
0.5040263088441921,2.640400996895245,1.991908904657719,0.21334684059559716,-0.8854498962339844,-0.3907419538958202,-3.7427361832651145,-1.7262185104138528,-0.5899798682127707,-1.2614008858805157,-0.10776900265862226,0.8754188424527644,-6.509488381515759,1.427816619272437,1.3187076496298147,2.949832358731749,-0.7985738095478911,-1.216327445827061,-3.022218600896917,-4.051310144638052,Normal,0
-2.309391739832063,3.0164702608153133,-12.71266992840443,1.4206199876534695,3.3475106263161907,3.3859598349683857,4.736859137531221,-2.9978905531450635,-1.795615137468475,4.705252658037192,0.12862806981147606,-0.16180500366684436,3.9496783926201555,1.33012776730114,-0.18206855230950336,3.108813935668469,0.20953047268064662,0.08602663459895767,2.8638643980504765,1.806997466776694,Normal,0
1.3305881344778872,-3.4974655538043,-2.2343521228622643,2.3587465252121698,-1.7965032039453401,1.9339616304252434,2.0696917227785327,2.812682233068353,-1.2262050756537455,0.6339346202864182,-0.8200019644956554,1.0934890533192978,6.669080114262807,0.5239133210551075,-1.0185240329331613,-4.439741496604084,3.665374080648123,-0.02996595714211268,4.260809539516746,5.69258735519857,Worms,1
-1.777188858536608,0.49078282458815425,5.028344911697912,0.17673838390146512,2.77391881154428,0.4149386930047252,5.580433106882742,2.9218697113999674,0.5578498212639947,-0.0031890285438942456,-1.6960021871916122,-2.058632493480235,8.950313936351742,0.9247882091533203,-4.762954633612807,-0.6140355968937075,-1.042294372378355,-1.0760928460135875,-1.8787957433838258,0.4251986511562016,Normal,0
2.6866447044588653,-2.4018576796990105,3.87060382899184,-1.3542427047109014,-7.689324816344467,-2.718791957007169,-5.826299726549865,-0.5432595110544467,-0.3977998534072483,0.5134114460100478,0.5896379087761363,-0.8673790830719801,-17.893257291861996,0.3094103207159382,6.089646613460517,-0.6671061223194807,2.141008283277072,-1.2053583152030143,-2.2180932154415864,0.18248976601834355,Exploits,1
-3.4096080893107596,1.5857745376011037,-9.687737637395935,1.7436997357154338,-1.1159825343224292,1.0323874008210596,2.4029916991799665,-3.908329906309472,-0.6302097861368223,3.5204263963740265,-0.10701049307857649,1.8880872386837324,3.8576294477009965,-0.21324381453170124,-3.840946188984158,1.1154666254241348,-3.025131096325853,-0.39952109017824877,2.3830990138475405,-4.688040594872964,Normal,0
-1.4055545941581395,0.18534551330781102,-1.2941019928886701,1.5458423432815833,-1.131233034091209,-3.044010667543679,-3.562635325436233,-0.5191162783668987,0.18023638545931456,-0.5195117696636896,-0.11330890361580295,2.462750623039642,-14.02250495053293,-2.1146103624960215,4.763343060217586,1.3680693155377825,2.8515644364774713,1.4415557425112338,-2.0829541974109897,-0.11419807998484433,Normal,0
-0.5283118886656044,0.8279177371755913,0.01909660734798957,-1.9121502801627068,-2.2802073887514887,2.3008777435199907,1.9961686492179724,1.77783134984508,-2.178584195362189,4.745124574349946,-0.37052330764288,-3.983297333717182,-5.810833591842508,-0.9419342714304335,3.1170368774058383,0.9379927009450046,-0.455235112494736,-1.1957247158061057,-3.5057438937801835,2.9153626463735907,Fuzzers,1
-1.369100661893342,1.8600099001704993,0.32045187054651836,-1.1166292834433518,-3.142180739394479,4.191547717507356,-0.6798017251793215,-1.9699144096992485,0.9676444577050073,-0.5672790989080982,-1.3386932374794216,1.908302568417124,-13.285559507217686,-0.15279745402249575,5.018984781228485,-2.9233814726003677,3.212541763527213,0.2369917607314634,-4.407245774130535,10.194614959848986,Analysis,1
-7.188320484381374,2.5340121050949342,-4.527293255928002,-1.9688290977101195,0.34772496152754906,-1.1126929801651075,-3.3509036514714428,0.7137995160917454,-0.4090678336953848,-1.692099457817904,-1.3711939961665902,3.01800589679568,-7.47891024974398,-0.19676439542770313,0.9985906309733574,-0.9906230419054229,0.3409147057848998,1.267168637088249,0.9115291454006504,2.1889066082200417,Normal,0
2.034815366651236,2.16259764176631,8.142506680426639,6.958286586106878,-2.567523240344592,-3.123631656994786,-6.991077705727093,-0.5747739890826205,0.20724466180087722,-1.0205829959016064,-0.48552997646371326,-1.9984558982353353,-4.006888507812739,1.3558284705866055,5.129346542965168,1.5196367636812123,0.04659215196618738,-0.3007083778540004,-1.6212547820788739,-1.4430464020511367,Normal,0
2.2519319880904884,-0.8189098886202548,-4.672168796304189,-4.181713056588126,-0.27839219954460326,-1.515218268762323,-1.6348018544239207,-2.483822447120471,-1.7842328729554744,2.213671935268453,-0.9277222687537345,0.016334930027397387,-2.1592461474771145,-0.4930471858484473,0.19108281794639415,1.0072088013256102,-1.714264987708777,0.3885218732514541,2.124387864176007,-5.267247034032481,Normal,0
0.6281506258227895,0.12207291878412718,3.575196468877245,-0.8791135073269447,1.234365806984739,-1.2190131469113634,-3.384315659360927,-0.5936032626475918,0.6571339079432308,-1.5502325259655132,-0.7728534246011092,0.5648102070546408,-2.9542555735211358,1.6413124465812796,3.2473780250344157,-0.8841064634027576,-1.836298687423478,0.022491238186848315,-2.2982095619832448,-0.039852264398037074,Shellcode,1
0.15439543781464637,-0.5175046263696841,2.8565105160179804,4.9676771648634475,-1.4686676236948126,-2.918768813553811,1.9838238539692092,-3.718449295271249,-0.21396572322661914,-0.038565706405222056,-0.46739059903916114,-0.23769288812714273,-6.8211750690227,0.16267307156039604,0.9660087896951527,2.7600775773307995,0.2439421145527212,-0.926717162470084,-3.8283539676384253,-2.51099844203122,Normal,0
-1.4923877840569504,-1.2550541762279273,0.018299657697020244,3.340132140176033,-1.9525624928914689,3.617220587949079,1.186370206139545,2.7108488594224545,-0.3083461394938386,-1.9272141819211601,-1.0046113142068624,1.0750809127175838,2.0950304897801875,0.9507901140104847,1.256914030720649,-4.838672061069058,5.0003969810334326,0.13538879566292597,2.416624918613138,12.090572427397396,Normal,0
0.3105068819463219,2.637456916265418,4.540478905588529,-3.0720465489655724,0.35445655077362537,1.0594387520965898,-4.187178799256262,1.3275341784349695,-0.04922550734819195,-1.3713708803426905,-1.4484453023830397,-4.0707988935592665,1.4340507390467332,-1.101709759931012,2.6442333079661235,-0.850979990150067,-0.8539385362866324,0.6681892430111306,1.6050998168443669,4.631270627857108,Normal,0
-0.2618079239387414,1.750322851974052,-10.237043104909008,-4.228463432703226,2.936213299519806,1.461011217153596,2.061970767075956,-2.4053587096181914,0.336074202496957,1.653468732316971,-0.8412779625566462,-0.49611176491427966,-2.8177445805629855,-0.45069617981918997,-0.08901910295700666,4.548800978507542,1.5156357144679,2.1637555023508033,3.094223756131846,-0.41870989205979875,Normal,0
-4.816793859451675,3.259768708189325,0.6030244773004299,-1.6123468020061806,-0.0521790453165214,0.4808374202162625,5.7469916204057245,-2.5587986473034485,-1.6401673312416813,2.477367122733922,0.3743780995040737,-3.54688007491886,-5.436483756475383,-0.8658755823112031,-0.7748808566890109,0.7323858108837626,-0.6043877566481282,0.4920270962781857,-3.3494908384695523,4.359229336831937,Backdoor,1
-1.3611525485446507,0.38699115266014705,-1.2696206848123104,-1.447198215968184,-1.8189363911300402,-1.2204700479496777,-0.5098392603398729,-1.66423443089825,-0.1687660846202088,-1.2861890838722043,1.5177727839378523,1.4238243182225792,-8.337629477477726,0.13840572480730834,0.009260035296239977,-0.6072691910002879,3.267084790573366,0.39633816166012553,0.7896172666030252,2.1435940244164997,Normal,0
-3.1726267684395317,1.9642327704657254,-0.21474814540863174,-0.002549393407934808,0.7659534071020411,-0.7125177471937084,2.190565619638004,-2.25401888292169,1.2514375595954574,-0.195614892345632,2.0319510246210855,-0.38085056434687337,-5.940862408862344,2.06447631679795,-0.03811344720702792,2.323173364731723,-0.44361748388634825,-0.2647167682272618,-2.9460290507036913,0.09256331439211918,Normal,0
-0.7456763005687194,1.4472224931096975,-7.709243104471971,-1.6361129401462329,1.9817708824908253,-1.0713230444613964,0.6032213661529188,-0.5285168335033398,0.297540540517137,3.521695444725563,-1.507955381145747,0.5210111216153746,2.4405050010911777,-0.2702320842076926,-1.9924166396355742,1.741766421289892,-0.2586715204357717,-0.533165987293903,3.370785340400203,-4.763383212123403,Normal,0
0.10505425044675842,-0.7239209819569801,1.7841956926094327,1.1978759667007761,-1.6947329750026576,1.4405969157460976,-1.813940085953809,0.3940774868483268,-0.627615991220787,-3.162605500103819,-0.8424790842487032,1.128937417134429,-4.35591501366162,0.9059545101205322,2.481097724842108,-1.1837627281645717,2.653113663886164,-1.296931835501249,-0.3132664584979268,5.53678973788217,DoS,1
-1.2608178414796476,2.2309780622487763,-7.568318549681717,-3.0226754960751143,1.8736589808692912,1.000976499714461,-1.6439096440005443,-2.2904747688135654,1.2348339670139743,0.10897330724521637,1.229233955682836,1.054996359712264,0.7820595500825511,1.1840859383187636,-0.3109758810192156,0.9604380425488773,-0.32195209092346955,-1.9623644820534374,4.124993269992967,-0.14880649111948874,Normal,0
-2.9796962947816894,5.208333881608404,-10.737061577922011,-2.2757599821655594,-1.5024852517572138,0.96499936153026,-1.8101369193232468,-6.030435588450034,-1.683227248829322,1.5736522999015554,-0.6931233416845494,1.2378993277935924,-3.0348169818290485,0.6928530345019192,-2.7687769960863955,2.8496947339728957,-0.4621098416874906,0.9617738202223154,4.872443445710115,-3.4344607776324283,Normal,0
-2.863243927483999,-1.3018071257621657,-4.063514311207488,3.2672805405667145,-1.1326982347921382,-3.9223084608568004,3.739865513468442,-2.886898341741822,0.3516188365547248,0.44107771462590106,0.8043143414202529,1.0307849992405602,-9.221422423113676,-0.8072727460262709,-0.5910299879834668,2.830399919676394,3.128547965243891,0.8298336916434127,-0.06309862699764235,-1.2143726581023218,Normal,0
-2.0927616615033826,2.864099079486315,1.9434708634430633,1.5736522010609306,1.6962084387875507,2.3315493970463903,-7.663452420540605,2.0756573304903725,1.1220321535501463,-5.612687194151699,0.6496717507687616,3.0530586517026532,-0.7624311923167502,1.1744720012347074,3.9228492718641674,-0.0069950029950907044,-0.6637541003246441,-0.18680854289301907,-0.9034297845552473,3.0899998512533142,Normal,0
-5.438509075970423,0.37669961131708196,-2.8054392681829503,-3.5415289640918086,-3.213257462758503,-3.1721140148190496,0.2502796234474727,-1.2507782273620072,-2.08264511304711,0.1799663527169968,-1.1458781929703752,1.096207038452516,-14.847113204038259,1.0081109620075246,0.3233408065038439,-1.948255603583684,3.483541445165788,-1.3714191992442606,0.532106772060466,3.650355380838864,Normal,0
-1.304070372907474,-0.9180251003373763,-4.217900992233129,-3.525346495702294,1.3770416959394882,1.1882454812887764,3.8910759446092564,-1.5054177397953845,-0.10742625321289205,0.3751468222181349,-0.8185974993232745,-0.47326536811352227,2.220787684698408,-0.17472166107781606,-2.590293445363909,0.9839062031366136,-2.0062390661283165,0.3720777826970516,0.7398425637586177,-0.6626568423427978,Normal,0
3.2058863161124442,0.5999877008026908,-0.5637357713979982,2.858847735901325,-2.0937529380838207,-1.9925263815699128,2.222757261619323,-4.6144074575568474,1.912349217592001,1.1739557494591972,1.190347712736292,0.20788887533701494,-6.231399149708546,0.967299566181423,-2.380008327311713,5.983668534960227,1.4656498610741018,0.1680925754107817,-2.327470089817122,-8.496218879981964,Normal,0
-0.13158014997796896,0.31573078538480515,2.41217816891134,-1.7031588920865766,2.2223795728387516,2.1080750399080417,2.3939689728805074,-0.7153768957286362,1.0731672911525973,-1.9084337481936524,-0.0070597128706472384,-4.234434718494336,5.53838477530892,1.2666053772781058,0.1385866395771389,0.6526351157762489,-1.6695464643533635,0.5464869356719159,0.9279910497847637,5.271191357762636,Normal,0
-2.5415384144652493,3.656006502439673,0.2669837200785232,-1.6178477044292148,-0.6530459502498184,1.7117955364954525,-2.1381806481846635,0.17587286886349873,0.3643089090167414,-1.0716771102891793,-1.407960210103901,1.4740434894271766,-7.222228722744481,-0.7756436481886212,0.9161938512364469,0.41172526965582523,1.1770918368040433,0.3563624649933631,-2.5995971328868737,1.876443837198758,Normal,0
0.10701729135851923,1.7951470382369206,0.4579362780359931,-3.274306113999658,1.0952125089865588,1.92740564028689,-0.8709646091388482,-1.9828401252276011,0.8152406833068626,-2.5805064040024233,-1.0011711119216136,-0.5700246626147173,-2.2371566073575773,0.8887467215456054,0.6685039687465757,1.0248247673859852,-0.21652995349389959,-0.9135549117157787,-0.3079387177808637,2.6094555878621417,Normal,0
0.9571569794691279,0.7349991797840368,-1.3887312023877196,3.1300595019132986,-1.7172933023311734,-3.8481735284083833,-2.339902832388523,-2.1787106888541974,0.18315203870928057,0.9396471578800907,-0.7899488568997947,0.12699844207466793,-6.502514441732211,1.7903091646278466,0.8175240913817139,3.956944962892529,1.3734435187662015,-1.5310070653763155,0.5466352244256669,-6.119573933003594,Normal,0
0.9101122908151265,1.7904463081298014,-1.546909932276765,2.9740144597171554,-0.1159470022127489,-3.1483814331196873,-2.6542369984819474,-1.808667976582528,0.7024373171760636,2.159933684302548,-0.9213655751373316,-0.5842898986297225,-2.0510009585539346,0.8901453085662238,0.7410461846136307,4.528165692271086,-1.4992272885578335,-1.4370389023767902,-0.06934564733351456,-8.248340760819767,Normal,0
-3.0333659949981353,2.4759302866191812,-9.163468864496885,-0.17179642178528742,0.23132785136893608,4.501688666386347,0.6833601636536277,-2.8663987110803673,0.8456338392826221,1.9542403276076823,-1.3442009431401616,-0.34859366532452707,2.902379220638802,0.77069965184161,1.153510433772834,0.2987092874406253,-1.91048388987148,0.6542183060287722,3.0447876103977345,4.544105326727015,Worms,1
0.1527337072204098,0.969961083357642,5.1590976663423564,-0.9857312403977359,-1.0083889347702968,-3.4131019762716206,-4.863104505670012,-2.815586572617688,-0.3542363129064926,-3.9847205817599165,-0.9820084134190988,-0.7552615722748754,-10.767721980741877,1.1604725053473395,3.8277017339620723,0.5630491896007227,1.295317861313395,-0.7193185675845094,-0.670651588874153,1.8847350107399046,Normal,0
1.4259579451285034,1.536716562501883,-0.9158131682911995,4.063920856101733,1.2753504969021194,-0.7339345678392181,-2.483027732196338,-1.7730152883072963,-0.3735596807976833,-0.4659991644055963,0.1601224816634518,0.06547136369881201,6.337193072576799,0.6163710688728439,-1.1816193713011525,4.588466600536867,-3.466658168270037,-2.0072482240638094,0.7685991046028704,-8.27074358706994,Normal,0
-0.01953020402107608,-1.6099860141306426,-4.267481320865545,2.1635498690612827,-0.8532308838951363,2.683253641694714,-2.8915677890348834,0.6775996832786516,-0.41982649015113027,-2.4201430293271216,1.8624191219092678,3.17640606237707,-1.0088030596917648,-0.4745300091719938,2.9148174917128036,-0.1864975082665481,1.0549430996290141,0.6148468630582221,1.3644804407194273,3.0323046489885495,DoS,1
1.8689759057200757,0.868377155894614,8.218106848932495,-5.03590445943384,-4.5229974492374705,-0.26689708357186426,-1.2435385894057442,2.509017446290582,-0.1828059019120402,0.8969623725662395,-0.4815100377796474,-0.7867861606606995,-12.689141038994642,-1.5939995321409755,0.6557938722327803,-2.175019999412937,3.3700245724233824,0.27267162329428735,-5.410873909034383,1.0533363257905703,Shellcode,1
-1.0547167233168784,3.3976004161862416,-0.858674762619532,-0.5573222714113268,1.504007778872698,0.9973161939983471,-0.830144469504538,-2.8229703687137215,-0.9488772846345702,-1.9919640032241994,1.1337955202216703,0.9837088542817662,5.33210355612076,0.8892586038240726,-2.7486027148908794,-1.810114805740338,0.49597693796400333,0.3427499744111674,3.531486334590907,2.3479570979897755,Worms,1
-3.9350806150448263,1.0382442304974773,-10.672376330078341,1.124621160251186,0.10237892057051878,3.17076712931048,0.8650219854106229,-1.65629339498618,0.5704466162353741,2.8507723228093704,0.2694971098094204,1.544705160058812,-3.991989377520936,0.9457686862437302,3.048090573082704,2.4505594364509,-1.8850263742323938,1.7065244722114994,-0.5906461410223094,1.2578370128531047,Worms,1
-0.22454366764882128,-0.16969171588500864,-4.873504259166661,3.9012603131725356,5.780308331867845,0.35581617915345476,7.516008821528431,0.7699585694825988,0.5866838142124214,3.9774687775436837,0.45415790519185606,-3.113006730330371,15.900988441850624,-1.1630671542720423,-2.8318540230983196,1.3213633339212516,-0.3103159764382617,0.7839759410154511,4.000278405210272,1.0243806123511094,Normal,0
-2.2520927184540125,4.178459973491735,-0.4521822412698251,-1.5459475171583872,-1.057931583025383,-3.3157963676852393,-1.3559359761587846,-2.523494768112089,0.8719633817672413,2.2938941520484235,-1.245068253983848,-2.6562270577651406,-6.441006673890081,0.1360492341914411,-0.9510050578155376,3.7249238356757295,-1.1478511068899584,0.14559750682566203,-0.145290854420983,-5.502295425668487,Normal,0
-0.052280730163854816,1.5925828862048461,3.6624076621029475,-1.5512646374565031,-0.777824786883159,1.0957461879252062,1.1193319978265663,-1.0346645658648697,0.8628588414252775,-0.15488806618259665,0.18351446075409206,-1.815785737657392,-3.741056648737981,0.08251910420798274,1.3097627680652641,-2.375988153870133,2.275922223592387,1.3108568630090647,-1.0521773660750948,6.987709688908516,Normal,0
1.7692688603600688,0.29936544564893963,-2.4016618712268087,1.6285039906691676,-0.25272866033585617,-0.15382027493751904,-6.377545682884508,-1.561204041540789,0.5405807704929594,-1.2959686969620945,0.04667533965586018,2.553665933565132,-5.373562945911829,0.007531312048537615,4.959518084451242,2.0526735411325436,-0.8699310894271122,0.3260208066275943,-0.4668003167172945,-2.6852177818840257,Reconnaissance,1
-0.31407168484827286,3.119057929136332,-5.479971557633245,-0.4926735277583072,1.791951963303118,1.786561120104461,-1.293756981785384,-1.2023479608268692,-0.05374118290622152,2.7638226666673305,0.06846807707050838,-1.3028394753031494,3.609675194377367,-1.5071018688416722,1.9114554309739504,-0.2218824308830285,-0.1153442626157759,-0.1591906597549413,3.67256963282852,2.952268374466437,Normal,0
-3.296872204330489,0.6845403713220729,-2.1596803553415507,-0.003019348766662988,-3.0850875272297453,-3.065870282223977,-3.032149690914271,-0.662963336179158,0.6856818462013826,-0.24943500800427243,2.150388392817886,2.117955033731472,-11.12219526457621,0.3762049997251888,1.1465524218386876,-0.45413921756600395,2.390668909176645,1.0108276976651238,0.6249049001146569,-0.3347044018135481,Normal,0
-1.7231689120379055,-1.8796510786992766,7.016811346595974,0.6313929785785728,1.868934900109045,0.49036205740055483,6.923840319114028,5.35313369595987,-2.145136244093181,1.0534673042743443,0.9142130009833046,-1.8260829925170796,9.081183836568322,-0.04382681674573605,-2.558545333951859,-7.363211478509665,2.6715881381236897,-0.4002856524124338,-0.6767930291259967,9.718243296760173,Analysis,1
-0.7292669007126529,-1.7185198555813268,-4.578603458103497,4.88967116963293,-0.7793283100906598,-3.2325305524761703,-3.287326177292587,-0.39949546581360507,1.6355997301020948,-1.5152230694987834,-1.1241160901204668,4.022759217258532,-7.014775714559406,-0.15843691540299218,2.527121002977274,2.3044694411592888,2.7047387595798793,1.089620398339243,1.2816727718218206,-3.035151131872329,Normal,0
-0.8435566751775059,2.8699851579434643,7.27332605289593,-0.07331387404315248,-1.274064378296908,0.672921875272859,0.9376259020138402,-2.2254171191330165,0.49084951079858347,-0.40596761698589345,2.2179595665285503,-3.7327267024169677,-0.8720157739004382,1.0097438963954772,0.9534640925380161,-3.2367026200422964,0.5115933957208261,-0.7984532046458039,-1.1604798962123932,7.967562886935511,Generic,1
-2.472713559018965,1.5575319193121326,-5.439771673234372,0.061787905299635515,-0.3432162836833419,0.4763422070095338,4.68712133330263,-0.7997204249728069,0.13376734707099258,4.983062697253194,0.8562264445972516,-1.184329943597922,2.855253418660534,-0.15999032037438216,-3.8480543389048085,1.9616984565559115,-1.8117176918512263,-2.352625570054302,0.1332707000769331,-4.1775765274421985,Normal,0
-2.1618969273087076,1.39335821717229,-0.5727242418978135,1.168313374428825,2.2091726237637612,-2.731343750736345,-6.832343352298547,-0.5114378522120705,-0.6212343649322007,-4.775184114601556,0.7966304793356654,2.3195334164221046,-10.060337293278597,-0.8826319163179022,5.550775071717881,3.4796776814433072,0.6091595253023783,0.17346566566864968,-0.7673996382613482,-0.4560920534785695,Normal,0
-4.564775734927592,3.0465036726264723,-2.066216425511182,-2.7393685816644697,-3.858125283442859,-0.49269061929295677,0.6065178019069504,-1.0052755701846157,-0.4883132124733428,0.6619649831311523,-0.6094406290058797,2.3276200102272777,-17.969290549764704,-0.10398918889688247,-0.3139448460740182,0.4124773055202935,4.695984779230504,1.1593295983306997,-3.3659735742496717,1.860853905201422,Normal,0
0.25905080047264284,1.0092927678176697,4.95051569962874,-3.5445997214326406,-2.0249370907768274,0.23539703904955567,3.5408255322162194,1.4201868235885908,0.7562008106610872,3.0297364974232144,2.0193716110532445,-4.418556367515377,-4.8923509431220245,0.3055419412611747,-0.0478067079213047,-1.7577083009775043,2.53407253878177,-1.395549194700143,-2.1699567434949336,4.933753590991978,Generic,1
-2.2377966985673625,2.83992294561858,-4.806044762401387,-2.8636132982969515,2.2951809498581577,0.74153462696477,4.604815316085193,-1.5881081761757923,-2.2821203741757694,-0.03843465268749613,-0.40713955817638847,1.3654328163568978,-2.050198252178302,-0.1319268896084457,-5.342771033205024,3.9653014525664565,1.772172953836452,1.806391680231676,-0.5278420714231762,-3.385061790852917,Normal,0
-0.6861889283728085,-0.8402702069300072,-3.6664100560225577,2.2424089948062704,1.2644584344651775,-1.7682658028672522,-6.514761006521921,0.2650258385262372,0.3671283190533627,-5.531752523526585,-0.4877280190392609,4.66600394813039,-8.193344051076261,-1.0140248941583359,4.291447375361412,3.138919844445877,2.6373917378422473,-0.55063491515459,1.3438889515177683,-0.8896421346589778,Normal,0
-0.08762867296070187,-2.5568590346011053,-4.916430874140536,2.9834404255120233,-0.2439474815464986,-1.6070120156561947,2.119975310747241,-1.741653782016371,0.02943669074238712,-1.2979287744755243,-0.4093018882339617,3.3286739890774792,-9.906252320256511,0.9261708048199818,1.1891078850172077,3.9233330290921398,3.8201842683924236,0.06436382686707809,-1.4114096960676492,-1.6252376112415667,Normal,0
-1.662623371358165,3.1598637883481544,1.5943404788345723,3.4537351090107102,-1.740496820454259,3.064562209345354,-5.9840823686070035,2.998072909203322,-1.1922005533657254,-2.182553395998738,0.5158043878138158,1.2661638584423338,6.008283101880722,-1.2523197329106066,0.8243138116508558,-3.241999298756194,0.8764119275539717,-1.1225892759611076,3.0064347546421706,4.82022729280705,DoS,1
-2.2220522967415635,-1.011409492556015,-4.334595334930943,-3.174405986182654,-1.6051144216221602,2.4216087443506575,3.2825448141001767,-3.6040481665467503,-0.9437910910215415,1.4604239110989565,-0.3491426171312394,-1.20319058280665,2.8547112503910874,0.8006528811128376,-1.938361583906365,-1.2763972313159861,-4.782476722267829,-1.2621394297883517,0.86975851586182,0.9882873695792802,Normal,0
-3.23717287471111,2.097102042561269,-0.8664586363073428,-4.745476031133331,-3.0692837251424194,5.331905779170535,-0.8115758787853744,-1.2213744177381338,0.8615301965088477,-1.082931241537446,-0.44964573618608233,-0.726583078706514,-6.481163250532252,-1.1578365887232838,1.5924147254198715,-0.5446698367495895,-2.4463494955443337,-0.5101669854062516,-2.826854772438538,5.473628200222429,Normal,0
1.3346399437850232,0.1948545166020499,-0.9573501060550167,3.8474351989234146,0.4531934130285453,-4.445761720880805,-2.2615209799274307,-2.362768303864635,-0.7378551296404019,0.13411305952137353,-0.5813900212799901,-0.07591709408846548,-7.677704663967464,-0.006837197764784593,3.246734631135717,4.719793643234102,1.6397727301101535,0.6858752327081286,-0.2685839656630339,-4.520814180205179,Normal,0
1.4514961113267892,-2.2844881049279833,4.596304098790454,-3.5442349331506837,-1.5987170120609888,-2.027793910469855,4.3238040335394645,-1.6305053759366435,-0.8797227004728718,0.19469376462127252,-1.7169486370974874,-1.1227369101766467,-9.495424295988709,1.0744356694758708,0.30738992439100365,-3.098139358763495,4.198337980294747,-0.80432757912384,-2.2809336196383505,5.392150590430696,Exploits,1
-4.578322992130213,5.448355768885613,-10.35198799681305,3.105145711827773,0.1911487453294931,1.976236913450855,0.15217487790677708,-3.9018637703798413,-1.053315526083957,3.5360013907089374,0.38229044060488176,1.7338209105765245,1.1752886548467165,-0.9343581850344876,-1.3485777155271632,2.601026565661581,-1.5308933965733784,0.33704677463669824,1.9815116521900182,-2.3291795223649086,Normal,0
-0.3912291851646863,-3.301100305131873,-3.394469646183013,1.9281374213258045,-0.7862159510350558,2.7370933087494285,0.1307844877922259,-0.2086834649759246,0.4460215482320883,-1.097214438596912,-1.0923967256965348,4.619767644714093,-2.568136789990397,-1.5695800321850586,3.0120100999414774,-2.5850139651962873,-0.1541250282323703,0.9687025207058747,-2.1787186833441035,3.7020002703369017,DoS,1
0.23807316537070777,1.7391803632869742,-4.438127184938701,-4.795547421960209,1.6702579376416262,1.244544151141703,-3.8035861341616,-0.47920278691829754,-0.6757091022731422,-0.30175801425913207,0.5652358327980154,0.6651485348730062,-3.5875970970736875,-1.4028247831062919,2.8225719439851202,0.44643050136392237,0.13340471326702996,1.3933908486791173,1.8373904833981372,1.3260582044327098,Normal,0
-2.5567475724032267,0.9710221765750948,0.41720701332579724,-2.8156814659217404,-1.2714801703161493,-1.907293183386158,2.2833955351075477,-1.1169317941170653,-0.07540184706659356,1.8173481473136976,0.9400258953931735,-1.4471165893216367,-6.833219051908073,0.4678971960549774,-1.4271372955815997,1.0897959558604642,-0.7188025465990608,0.9070110131446675,-2.361279392789667,-2.0902143613953967,Generic,1
2.0798091117394772,3.8031371544884105,9.80678587108304,1.2142414592349313,-5.43511248808635,3.2963011368649395,-2.842035006476948,-1.0374889453136609,-0.1958358636053409,-1.3734747318608371,-1.1936547861257185,-0.7414999905705639,-2.201605481302646,-1.2834034883112222,-0.9443275253185042,-1.623573296896403,0.02462767145704081,0.05996947931600299,-4.398435161983123,1.1268433082612364,Normal,0
-0.9241659911535084,0.47157066275278814,-10.318156471731431,2.1967508011851518,-1.4471952109876147,0.34001160315048884,1.3778323745597523,-4.577237923910328,0.2120268120864632,6.643546934442847,0.34252339838453455,-0.03600061144655187,0.4410090153421211,1.151030141335539,0.909584715299923,2.041815050824245,-4.1322901078236765,-0.9017515254120243,1.1221076552911446,-5.113630848213131,Normal,0
-2.0737282430192567,1.164559863927893,-6.340820343797892,-0.2828698133174139,0.44841500064774786,4.638044101168014,2.256712331444,-1.851253494527012,1.693941703681118,0.8307726177642446,0.19062804868205002,-0.15875127988254634,-4.487998711545567,0.9901736647844482,4.226735127832804,-0.6597568616567319,2.4011072559425886,-2.33433581935981,0.42910878753742887,10.685550898561281,Shellcode,1
-3.5523783015038,-0.5464867536567883,-5.968393076749645,-2.707417452970851,-0.5596821406360731,-2.85365345954805,-0.48852145988734197,-2.052728930768754,-1.2321846779285617,-1.2017306576833426,0.6791173315494465,3.740385427049838,-11.545813573451156,1.3522810829223855,0.11680498422805918,-0.2615886255604054,2.960258166024504,-1.040948901171178,1.3320715330903576,0.3017504901673771,Normal,0
-2.232784750750504,1.8941932152990684,0.8666768847611692,-3.2354040764344068,-3.6658754078252906,1.3172703667576078,-0.20570828232356875,0.8357229377454605,1.9411705915114605,1.1789819141392455,0.49444705660209215,-0.7760999656828182,-12.150560200543083,1.0964371507002373,2.034007854799045,-1.3088590278779555,3.176351796672751,-1.2967486568768198,-2.498131920338751,5.53607422945716,Backdoor,1
-0.40694862732581805,2.128449896122291,0.5363546204102045,-2.673418632441806,-1.920772535089653,-2.6232219441429843,-1.1643769224412868,-1.952226596496046,0.3672342793221149,-0.0731856350888842,-1.1195832538226196,0.7668296554140559,2.2356925123539537,-0.12369866625929951,-6.734361654546257,-0.3438675429408027,-0.7782707824505072,-1.973972741411612,2.802875683315442,-7.508565126040944,Normal,0
-0.5420815194536448,2.573734998826245,3.582233946985248,-2.3213688031032103,-0.6936998833148287,0.272875565166111,-3.3531221025714584,-1.3620522985612125,-0.3865748763290467,-3.8504907927914345,1.5648304050350645,0.5565948172410092,-10.595500434704473,0.11076762892799707,2.57544192122901,0.5543431992441801,2.6034637820110778,0.6136795028204439,-2.1362264555154145,3.895419730404807,Normal,0
-2.4951394570024057,-1.5891914214752871,-7.465929677287206,0.29812473105538007,5.1801782661651785,2.849242497348838,10.844558293142628,-0.030517619092358395,0.14860109293705115,3.3585103956694917,-0.4159689898179365,-2.4689762585714483,11.05418829126011,-0.7097275428712616,-3.210618815490495,1.9017693450941748,-1.7635948011174585,0.8778268248772584,1.1100575895873719,2.8050717064751893,Normal,0
-3.729723647596913,-1.0883133283641588,-7.920803842414081,-3.4146925423952363,-1.9824642857433599,2.2486152789842313,4.605250627674554,-0.398733438365668,-1.1526848356518202,2.955004172404304,2.571696186254963,-0.1539159614795278,-18.513581335569732,0.4227425550085925,4.746439996759772,2.6754601228788464,3.1757914534806964,0.2805569934405463,-4.195988447750128,6.20594589264557,Exploits,1
-2.399241725191718,-2.1575314968223527,-4.611590754352058,-0.9647940835774624,0.6531474344293682,0.2691702501455002,9.101336627254343,-3.8080650472912945,1.3385029274794717,2.434239346053492,0.21640618481281831,-0.6549141862283643,-10.783380442536934,0.538576666828435,2.1376131420952684,0.03082012006980972,3.1042638542514203,-1.1884377829607005,-3.1594877250807856,7.9087603123549535,Fuzzers,1
-2.546334436816838,3.3021789499184884,2.1428009914724164,3.8969856786251147,-0.0778261930223394,0.9922465453581046,-2.750021780189712,0.5310992470409082,-0.13013307172873764,-0.43184592538533095,0.1275436494695905,0.8564298601210267,0.7773179539462678,-1.1559595864304373,1.3009569143818502,-0.0014319369754194344,-1.6066913241721767,-0.7215147780859675,-2.2880174193597957,0.29652621660411005,Normal,0
2.5508492054750653,1.0870559112087543,6.544597875841613,5.05178408967852,-2.654317969802006,0.12066418752329966,-0.4410550756201359,-2.7918904495779593,-0.4070360469627019,-1.5742119296525077,0.7948518354882873,-0.6008630932029031,-0.5065243361653806,0.2751884167742996,-0.4706147068067301,1.5597944796986336,-0.08900487898139775,2.2757700482854415,-3.0086844186229333,-1.8778388137487003,Normal,0
1.7335462712436713,-2.529995978239061,-1.919683156033217,0.15890749681072047,-2.6435804443763673,-1.337782281931709,-0.6364064556119213,0.2801127690248333,0.45530190347754224,1.8809845676391124,-0.767331292708044,1.1475471825067687,-6.466764693189327,2.033782511765904,1.8929504838489484,-0.26087210321615295,1.8179189752767164,0.39676885883697566,-0.36595018580810734,-1.4380326608395482,Shellcode,1
1.0211247581624043,3.3024459807092286,7.92648542069036,1.2437332463136308,-4.400213899066333,-2.877184958232487,-4.27004167712093,-2.540460809255915,-0.4946103468956681,0.7203464642832573,-0.6811269601357584,-2.939869252100623,-5.964824425461427,-0.3835655644061074,1.173347867412323,-0.4352846954201621,-0.39568819529244603,0.615163203683238,-1.504947174185937,-1.7298967053002534,Normal,0
0.3655860726260536,2.698300571239726,-0.30260222280994564,-0.1966512103498863,5.05729261473959,0.43541186653339414,1.7290726019019322,-1.5972497788044415,0.08008414652605095,-2.1254034851475008,0.9670256374540331,-1.2820042997450574,3.5592624392272816,0.2204092150596172,-0.8082283283244385,3.07348526843009,1.377285332716621,-0.5128098456173313,1.2684262382493867,1.627082242885972,Normal,0
-1.8304520430079128,2.11432594149766,-8.890252462925005,0.09891602860567072,-2.28689053257718,-2.171306288893037,1.8284038692097753,-0.9807750417063623,0.45320291727956896,4.935830091235089,0.6975475348785649,0.25752350033942006,-5.330063153731711,-1.4216328800766413,-4.121923301687776,5.737338128597124,1.483839258357318,-1.341530570826467,1.7756125073147566,-9.65650423813701,Normal,0
-2.8933312488050094,0.2875428578205734,-0.4342310437115433,0.5111723676318988,-2.472463218089463,1.746069725161136,-0.2886001356454919,-0.26367309431777386,-1.710808116317977,-3.0739897625826726,0.3087628210367523,4.60991186928058,-9.888856105158021,1.1137375141386876,0.3413420866506145,-1.2512259320875856,3.1705637561105195,-2.26554779163971,-3.1633757945086183,3.7845759400723535,Normal,0
-1.1057960087907992,3.865276977014987,-0.2371182109087403,0.5339581437043528,-1.9892811971845046,0.6176867466345128,-7.384704889971082,1.7157856170179016,-2.927059842508569,-0.001250761909445064,0.2825536507424994,2.4346420911693283,-5.907259532482578,-1.1357428928950708,2.3618796078805184,1.1077669514000796,-0.29860605133874607,0.925797043432969,-1.656169664204636,-3.508576646661396,Normal,0
0.27778742044433546,-5.166836867120974,-3.4267449696511467,0.9295177899942002,-3.8739909135748753,2.6202012402273014,6.201025971612474,2.366872834280814,1.2847378690390905,-1.024742217010765,-0.2646082963626374,1.1371432096949425,-1.4540610853380427,-1.0188608634928693,-2.345666484510177,-2.7480411962619993,7.590452870217909,1.2000559646274422,3.298019088969978,8.794130093673473,Backdoor,1
-0.5295926842202247,-3.8512284707435285,-8.50290930370578,1.2086465998447378,-0.010521939394543933,-1.402682113623237,3.2793531029735834,-2.3393341672479595,-0.9768399153964802,1.396595564281489,1.1196510169859355,1.4674883561530683,-7.311885570845762,-0.5976575580599799,2.4658061774112845,2.205729061859596,2.050108224183123,0.15851615768696828,1.0119727200579254,0.6787828379755021,Backdoor,1
-1.02637990069874,3.5018146609327365,-1.0142477473053562,-2.2534996623834695,-2.4068112449429875,-1.8183964401861799,-1.7778159752063765,-1.4043395729839059,-1.551215612881027,2.0986857350184778,-0.7145303822258926,-1.4688453833047515,-8.05553462865915,0.059704439372370216,-0.8156768587491809,2.928726538148056,0.7616953315652636,0.02539465250022721,-0.13535097392171713,-4.295458534561443,Normal,0
-0.6126486529743609,5.405497992341977,-10.893552562527987,-3.3736707120052998,-2.429490460325594,-1.7173289209342482,-6.553691450847488,-4.418553487292342,0.20771926485610354,3.9057060973820565,-2.746502852690445,2.0054281021145304,-7.610305035667001,2.58880311838165,-0.4997392110213015,2.940444525167929,0.320323237788128,0.058007678578289895,5.090499392591081,-8.29309806712808,Normal,0
-2.22255415188621,1.9644519729181118,4.6103609383775455,1.5555542723251623,1.5171795440787728,5.009614298600836,1.725490398196147,-0.392321386953031,1.384203093387719,-3.3858293833153565,0.9717694688979771,-2.980491309506631,5.456727730912253,0.7558583335773799,1.6786388433738408,-0.6567010878984185,-2.0642629127623517,0.31752592031489413,-1.899290667239319,9.685755218683838,Normal,0
-3.3691437499604913,-1.2704711787392164,-5.639737407111554,0.301389821972198,-1.1748229416016298,-1.374492251726958,1.1318279984092265,-0.256178344740738,0.4696844810908235,-0.8651864792237945,0.7984514218594542,2.7179311637180406,-8.196384874442227,0.8430693010591931,0.0002224082592663379,0.4005693114555723,3.7247738383283027,-0.5622218265457437,1.4314303673560613,1.9156554768706724,Normal,0
-0.4564854252057826,2.052022720501894,5.163694233711428,1.3666547270842835,-3.412313669351251,-2.4748700062773556,-4.984801826500278,-0.6125171008428603,0.42151364715646206,-0.7963984791048193,-0.4984379811732735,-1.2437733330802985,-9.390315621357196,0.23938089074283816,3.4134285994319735,0.03964813668689371,1.240711528577394,-0.9786374886096714,-1.3935401005500498,0.8128459679670749,Normal,0
-5.389791380499808,0.25020794967098325,-2.34709070956306,-3.5748498930461787,-2.0340626894730223,-0.019766311959322547,2.219931889837603,-1.8681601571867912,1.1377974715820798,-3.9347843774126927,-0.1195917173778594,3.420562067794018,-14.293641969716866,-0.8831624100244786,-1.211975249201208,-1.609917519585499,5.181277093370837,-0.4574906044953215,-0.7721573400606635,6.942161144457939,Normal,0
0.06128509889014899,-2.5646760008565956,-6.149141890213059,-1.7700929960555438,1.058978432463578,-1.738494019669159,0.4813041327963583,-2.055105164193032,-0.0057697164272695525,-0.2845236667280562,1.3181456363396653,2.1319166461351537,-7.8422621915536554,-0.3368490973137053,2.3813158539978145,1.398292445322193,1.6532959828147367,-0.688505233070774,0.8225036522429552,-0.12372470503857616,Backdoor,1
-0.914941259876185,0.1282286471470928,-1.4228012584789305,-0.19398642884502504,-1.9327292747140796,-0.5627830212196925,2.921145880752432,-2.378503255467728,1.1507415009103594,0.7499052924143106,-1.3720804354370215,-0.024381855090611193,-5.711702188551882,1.02464564210721,-2.0668786573881905,2.640826659935181,0.34841253205617506,-0.17885782559576285,-1.8816344321515206,-2.918639510805664,Normal,0
-2.4342956238346924,-2.0354609594775708,-12.070776793336062,-3.5553098815193915,2.432904978758417,1.8952388959300421,10.07181153607008,-1.6949371255302448,-0.32360102739263297,5.538341543891224,-0.8692228139146668,-1.1907065357500228,8.22128956995836,0.14394199312767722,-5.421628979930119,0.5827654971479367,-1.9476109280867746,0.21443495432848378,3.644955704278921,-0.7483339765113315,Normal,0
-4.375351602610706,2.6534929932952296,2.520332827728327,-3.530640233617278,-2.081101365602889,-0.7857331771905978,6.634894375450769,-1.194816781434033,1.0799115704789886,4.509832504591582,-0.25605534853692824,-5.111411363055764,-8.027361455977292,0.14397862488053753,-1.8647696970534824,0.5003580269810131,-0.3300611587923372,-0.9120201788346913,-4.266876703545346,2.361801106484891,Exploits,1
0.2419029629966234,-3.947191433698918,-10.248798929288641,1.504285315521529,2.068468271863837,1.5455095407230568,1.8942652014931678,-0.7077156246282623,0.5179694275492406,0.9941380381038032,0.3706382986453923,4.594458779216913,0.8665917803901086,0.20241778729041893,2.280539133239124,-1.0013111622005393,0.98531626208819,0.9419721325922739,1.9655429641185842,1.9829233525821797,Generic,1
1.5408348999074089,-1.2509416819303596,1.632377744961539,-0.17249993114963336,0.7389869799743838,1.3732974189498093,0.857503739962213,2.398890932053382,0.21022959850421466,-2.0996174526370837,1.2733784899006386,0.9587238779763937,4.9793547980418555,-0.9181996526405863,-2.504161488868151,-0.1570080315313911,1.105575131829735,-0.6468217753169699,0.4397226129160958,-0.3883478484991413,Shellcode,1
-0.663078276605132,-1.9186668621247807,0.5752150791646211,-1.2896393456385122,-1.812806835073053,3.4038845254087926,0.7642982249425017,0.06393016163719589,-1.052986106374446,-5.359655606011835,0.4979327656021008,1.038102444853703,-8.621116145037032,-0.4071498377934169,3.086374003301141,-1.9494265968139404,5.803259420436763,-0.2214274927634512,0.19099278239109552,12.682711038861136,Worms,1
0.5296064348290432,2.500400450663169,-1.2242463432864659,1.4783226942869927,-1.2780783790928458,3.146262900594458,-4.918872809140712,2.2016399726461735,0.01976919103722762,-2.582012006313554,0.5411596362978963,3.949748478384498,-8.582385475784832,-0.5226488881400086,2.642526797477842,3.3022400705819632,3.4868596815240607,-1.7321861581367204,-2.951893593165443,-0.5992357545119112,Normal,0
1.590687181302826,-3.300782808639015,-2.3767721695192345,-2.2081828079955925,-3.4314284825732675,0.5841539409807535,-2.8209236568497658,-0.19310730234725226,-1.3098467919710959,-1.015776935944051,0.8157614364251219,2.3022966990252876,-11.652167757275484,-0.6644352515834226,4.432471088588821,-0.5055596178035014,1.8927672264713322,1.9152644957176617,-1.1365728473815997,1.889642371321873,Worms,1
1.0642053655478856,-0.10025760354647595,1.5943174600390821,8.002116687152574,3.3405086383405864,-3.186570994743453,-5.20686101718315,-0.34215813022611863,-1.3023372395011958,-3.183165152161184,1.2141436360610967,-0.2604377424617468,-1.3184865302918456,1.2195012431978693,6.5071763587622655,5.914238565849895,-1.0448363620370786,-0.21111389571485958,-0.9042777972594755,-2.9558375236294134,Normal,0
-2.1802991193885672,2.785657439575056,6.036308464857423,2.1039919985473285,-4.13749863987055,0.9115931459707993,-4.751087463634297,0.9462215496180355,0.44391679585482646,-1.2688317003749212,-0.07218341453010418,1.6481687799828648,-8.299604546816926,-0.08348174807542144,3.211369782673721,-3.601662521862857,1.4250169452709176,-0.21662164208216775,-3.828423803740119,4.840537715822771,Normal,0
-1.459002710197578,1.8742253226494894,1.2634508581964954,1.4929001928037966,2.5732400641890862,0.42338457974395094,1.5186926466581165,0.5361355223302011,0.46514281729915463,0.245059517230092,1.6655189720713688,-3.1638889141778943,5.902777132067085,0.07615874962444937,-0.2478237565593866,1.77128815021516,-1.7238522462612376,0.555069839527698,0.32278423768035513,1.1348799901100413,Normal,0
-1.0827926566162995,0.18967059474767556,8.199256443914658,3.940954286636905,-2.59284772091477,-0.6814845596091172,-0.1538708542012709,2.906728433002228,0.9178733031451253,-0.7127830681923228,1.0106008528835686,-2.048421788830181,4.042600710942146,-1.5973939442063654,-0.4686970581478862,-4.728981159855002,1.9885034267100898,0.6293669026011512,0.5901537990632469,6.091582866646375,Backdoor,1
-2.3208760983252525,0.09752621520459193,2.8662408237227464,1.2296115331501847,3.7750311134465377,-0.800693090677346,2.7169159252290944,2.709238555863122,-1.2173397321082118,-1.211111536779577,1.9093031537309764,-0.2990590283673339,10.462629007668836,0.36565418686936824,-4.005975616323504,-0.5342320451998805,-2.0982054703815587,0.6501807531879694,0.012207070260483732,-1.5090084268177533,Normal,0
-2.1757617283846438,0.735951066726457,-3.834553171388283,1.0491004488328213,1.5821527444683792,-1.6084465224781752,-0.8011568305319283,-0.9232674113565967,-0.04200020796551447,-1.7091872040167142,-1.4891599781454952,1.035182712001251,-4.832031148935364,-0.6116574084743284,0.9388018289641338,3.723316164912722,1.201369892279371,-1.2032871296724998,0.8102472494148172,-1.2928278109286484,Normal,0
0.9140905559045054,2.2193038333152337,5.826091237760693,2.2525567820791856,-2.794603577153232,-1.1667936712816052,0.3176886908330864,-2.4993318841171486,-1.0976697749222168,1.0901434387206348,0.7579867595478953,-2.5685944255781172,-5.314670507275141,-1.4413375938153115,0.626915261883856,0.9957640037716239,0.5718945718318493,-0.7549731358372088,-3.157593113141687,-0.19693926780419868,Normal,0
1.8301726392855984,2.043631260361776,-2.020297525644788,1.1702944549695813,2.8287908515178986,-2.796458039371797,-2.218472292046858,-0.48884626369940676,-0.6043931462494799,1.541349991960456,0.3659063396404938,-0.8931607095938939,5.6385149750963555,-0.6654309301806954,-0.6968509407321494,1.6543710301079666,0.49316538916229646,0.27358082267759304,4.375960006000783,-4.3818227086620585,Normal,0
-4.794425882053728,-0.2130880390857386,-11.37807437156123,1.2878106987262732,3.3784352708462917,5.688867431247735,10.194194655190747,-1.7116807637416203,-0.12896922641411837,3.5601678934134218,-1.7829098972858857,-0.9870514585441846,6.236512514666847,-0.13600032419034236,-1.320728047523084,2.661478062455892,-2.3722109189160205,-0.20976524563626447,-0.41025722840795664,4.918420170934246,Normal,0
-5.2940267414686994,-1.8386592344053687,-13.61740085706491,1.5627174538562103,5.544133844064209,0.8630175335521213,4.445414136864619,-0.8253653743235194,0.44695880656915554,-1.8488941947789146,0.7703796352365477,6.077048333704261,1.7621130956995197,0.8058012141499054,-2.6647684610142726,5.125158127931487,-1.5146737281189053,-0.865738728396943,0.46296927684722244,-4.681372717634673,Normal,0
1.2931978832943223,1.7218106961100417,-0.004495010625754303,4.097983029672925,-5.149332272621076,-2.7298472740572652,1.7994018790841495,-3.6640928207168253,0.9203460103519285,4.31644988475941,-0.5062353352023726,-1.624496610320573,0.12192799811622235,0.40557236905180105,-5.400975113075036,3.5382803144485244,-0.8532529990757851,0.9864685939910025,0.17597000057205148,-10.579297818096462,Normal,0
-2.4412731776947143,-3.1474525821720176,-2.2758380512059206,4.62256954625232,-1.9905361629934555,-3.484206354493739,-0.3067794608503782,-1.6256231795922396,-0.12054466785068123,-2.48726748834968,-1.8870935241978417,3.7863679555101255,-8.486178755106131,0.7153986180867128,1.6383734578568623,-0.43275057077752166,2.970908126142249,0.2442085948870853,0.38745323994671566,1.1734279054365806,Normal,0
-1.515295849567507,0.3734744939488841,-0.2364540763143953,0.9582168096566913,-0.616879004277134,2.5298944282598144,-2.9525959700890363,0.9166100190795223,0.3653918191297132,-3.834929792086741,-1.2073319968398417,5.136780269688467,-7.839425492248459,-0.11283198831147859,2.853760470610751,-1.084353954720921,2.514461439972166,-0.8247039091345449,-3.185591396313723,4.094944293724593,Normal,0
0.4558172829429463,4.088473004515664,-8.670931523396735,-1.5409780584637864,2.5417324092507503,0.8258586198252127,-1.692485398863603,-2.5069397952620074,-0.27792387201509405,2.6663315286623437,-0.5179305623209891,0.5030518036144016,-3.5561155970430303,-1.6516535641991223,2.0038160410615613,3.5506481234591862,1.9066673016275058,0.9206621456615383,2.5714463331893813,-1.079248198223788,Normal,0
-0.4595482173864158,0.4880449841225085,-5.021151305410481,-3.2322604156773407,0.2716931436999037,-1.5982576674255187,2.026318882334363,-3.7446045928865925,0.8017250016967087,1.3569852423232174,0.2057829114810756,0.015351914535807865,2.444828718073331,1.3973129752469309,-4.880360456036692,1.2798556664999874,-1.769901338259277,1.1553747187866779,3.2707070395530202,-5.781185896788056,Normal,0
-2.665542245002265,2.49230426555478,2.0572587222647405,0.4117427966036473,-1.6432243446728156,-4.931473804558004,-1.679292346449304,-2.859503628467002,-0.6038386269228911,0.9918927059967033,0.6199160472041114,-2.1056521780762036,-10.325618538691453,-1.1228059331585614,1.7148349934906637,1.4421937300165557,0.4573816758235456,-0.8889970083822046,-0.8019908790754229,-1.2526967828930184,Normal,0
0.006202820496658434,-1.961451708039038,-3.9052071900897127,0.7174682389578727,-4.201026728333961,0.12892413908020406,-2.255411879492576,0.7476108183973958,-1.2622868177332438,0.3874420675507342,-0.8942798314073706,3.010099319876776,-7.435763645846611,0.24912024654008813,1.4788806384920732,-0.8219731860612468,2.689487443158608,0.3562275463363117,0.7474653233371594,-0.007109624694198663,Generic,1
-2.48797653698863,4.2686045768005165,-2.358461535669194,2.267627149317304,-0.05202038767466188,5.483679040124239,-0.20244098211126338,-2.7731679672842513,1.551779919298436,1.844039607921951,-0.9166420194219062,-1.6592715304846006,4.596444104833184,0.7298264345456617,2.9279405817380564,-1.740345165627912,-2.912020821020948,0.9599663437990721,-0.06518415856714155,7.674027016331696,Backdoor,1
-5.404098293653987,-0.8716674595561766,-9.631720771340074,0.06426721941829294,0.7031262078555751,-1.8599723164309987,4.417428833257537,-1.4788319856429837,-1.7218405409656807,-0.7165493145173509,2.1387301072682567,4.888366131580914,-17.71898210569896,-1.203596215393132,0.5986757738395402,4.140141494749299,5.770551821764091,0.21648535648784556,-2.3143258976384793,0.8333035130236759,Normal,0
-2.549909792343041,-2.507623041600443,-8.68893770783043,-1.878141253036928,0.5694335793023406,0.8689827689453922,6.39397762608121,-0.023370784049364657,1.1912543194591607,4.493993330707938,0.6615904071032149,1.3050527291399776,0.8757480829107558,1.8103776151382756,-3.1251491301386585,1.8006986531692581,-3.098635037846292,1.219267577181673,-1.555523860675616,-5.212323339878944,Normal,0
-0.4896045641792919,2.7935221246782636,-5.216088314062663,-1.6816536323432143,2.9407299734871226,0.25750535923336315,1.2873313812434466,-0.3426513869885257,-0.37112799059578944,1.8839673681083948,0.7302224586486861,-1.2853571735435934,1.6392869811292656,0.013103258278297057,-1.086558458413731,2.9026075351937317,1.395372281520904,0.311303605987119,2.7487875836351625,-0.7893702270655198,Normal,0
2.1424109265119955,-3.3441524625933887,-3.5586398840727638,1.4935666756359458,-6.0413340811635425,2.6076301416930523,-0.19180506887330773,4.908501542140513,1.0288133240380664,1.6188754280671653,-0.694668187760602,2.5785663809856705,6.598489134989142,1.3905701575757772,-4.852106151663873,-2.9878117558800845,3.2685381480177234,-0.831666596053687,4.707860269628839,-1.9909880082767586,Fuzzers,1
-3.4321857647985956,0.738614590502217,-3.2969201722238157,-0.12118513382280272,-0.5179876173700566,1.8746899669471695,4.29462687847589,0.15717287893687515,-0.5054976982602105,3.5615256205806656,0.8012400360243159,0.26106228953548416,-0.694304603077238,0.9007679761936869,-1.8509338403105298,1.211674854440965,-2.9828078455099556,-0.1638308303391922,-3.923228006573755,-2.4796755263048644,Normal,0
0.8360954206439886,-0.8192354472589639,-2.5376043261835752,2.387941998198547,-1.2399852845152295,0.8453249190266205,-3.045365078636597,1.639267848592999,-0.13160363825591959,-0.6293371908269899,2.0308815549228307,2.6187167809172456,0.9581777989251645,0.3423848998712967,0.819833460044851,-0.3114341278570907,1.2933127988039994,-0.8733360538143778,1.7428220118142748,-0.8122314106870524,Normal,0
0.49061503029134235,-0.8145633771970564,0.3972150850744136,2.680664172301605,-0.3938044410499718,0.47052613084185435,-0.7046036408766789,2.6142287796127817,1.1512538739550502,-0.9051810744292351,-0.990752808860645,0.9616568230714913,8.546334803768811,0.3228579583511724,-2.729642847179341,-1.2909519485132521,0.5120923947464306,-1.1078134759495732,2.946011013395748,-1.0493134261109796,DoS,1
0.7742638656876424,3.6627073982199385,-11.345945178900815,0.07307357833076455,3.3499465614570028,-0.5020816133914485,-1.2571921373961645,-3.6632348200140927,-0.6592768441234605,2.8104686671162673,-1.3122638325531277,1.1702214988796507,-2.783924401751603,-0.018266049166709257,1.2101997216999245,5.690029111736067,1.920887189381924,-0.2490197436628734,3.720812993573834,-4.426948124374551,Normal,0
-1.456878498368514,-0.48955959387571646,-4.3840795190957,2.466968792874014,1.4199012241886808,0.2865812107142922,8.692205617351526,-0.8737339663827393,-1.0322736333158675,6.07071601581951,-0.9729362321020011,-3.048028326063859,11.616932889878733,-0.11673553103181841,-4.907061941522308,0.5924074407117678,-2.748290819832897,-0.797835019014117,1.3710911111172577,-2.395053500172176,Normal,0
-3.0639701733956137,1.2308814480487722,-2.6653845374757403,0.7873390375232467,1.256067822446088,-1.562748907087665,-2.9017579124046184,-0.6138673199374579,0.11091107340960563,-2.338570536456256,0.5563076234483254,2.7472561123253154,-8.618208706338741,0.7523933811268934,2.858200269869991,1.9573706165855234,1.276675005711318,0.5022035512080119,-0.9475424954055687,0.25031414279227904,Normal,0
-3.248506125130739,2.5022807734202965,1.6861818981717538,-2.148106940213156,-2.325486957410467,0.8841618240414646,-0.5679948248413709,-1.1315674324642175,0.09172302362698188,-1.8520601682163975,-1.2159980106134696,2.642716339881878,-15.081231316325477,-0.6972345168506925,1.6357078351134104,-1.1257606183297013,3.4426688178261613,-0.2259709545173762,-4.757580616732904,4.897313218567188,Normal,0
-3.0663971476349094,0.4656728040271314,-2.365382998825648,3.573585652429689,5.436988067890395,0.18242135686850203,-6.353318931947556,1.500396335809512,1.6004017554481238,-5.742677622841532,-0.0688549928182328,4.4255695060564015,-3.491532598698873,-0.5587573964470904,6.740817225996185,3.7094081468419207,-2.14547919832388,0.010192915306325904,-2.6161798555691007,0.08934097265521301,Normal,0
2.0785064844520535,1.9098894621152942,12.08653909650762,2.8181938957687596,-3.181955677837748,2.971330998321376,-5.102565456895188,-0.6015270943953035,0.20706572414105803,-4.9655951436685,2.0864397820278957,0.6511385710047679,-1.5130845481260724,-2.774477242639241,2.994058212217002,-3.9764922239203315,0.013456001525862904,-1.1967935339162115,-4.39212708874399,6.27648024272719,Normal,0
-3.219192841759085,3.026031310093175,-13.157700136853846,-1.6330325612155012,3.7881812959154013,3.9490115706612885,4.25711764791664,-4.049418779411914,0.7237607119254739,1.091620891675975,-1.0162678567278296,0.5586224017830517,-1.502276418736943,0.4659601202162137,-0.20228043280477004,5.254382828664309,0.6114855365323206,-0.6504844860472723,2.0918034041965594,2.333609291237933,Normal,0
1.4366298296179907,-0.5156992115328105,-1.8610702710149392,-2.0388499354690537,-1.9300959899265089,1.721564302605139,-1.4016006274218162,2.0210388092535663,0.034114653677361086,2.674436077887125,-0.005090897581514398,-0.6490477193341644,-2.161116841111292,0.28874118659739295,1.9941380081547058,-0.3357719785350265,0.017213705029244686,0.161167396656318,-0.22797113300205663,0.06860013215353433,Analysis,1
0.3745542528794574,1.6526854150324335,-9.404113277420137,-3.29909984055056,3.941167510008382,1.4213579944028534,-0.20044420034063845,-1.773444258183304,-0.12445652284259297,0.667127034779345,0.2722767812109982,0.4494348843643885,-0.2035040546290076,0.1278724954109077,1.3011858518655672,2.768409819810409,1.5794083981845928,-0.2221367867485983,4.165637218057464,1.1027847873952534,Normal,0
-0.7141332168620276,2.042790422303216,-1.0209758302319796,-3.496484089038344,4.213620912500563,2.6404230919530614,0.9388630919997991,0.2370676367550837,-0.6229437386484142,-2.5689286178765656,-0.5356757166597507,-2.7071160709725675,2.4935047598423967,-0.7630155041847068,1.0051419668971637,1.7529325377572254,0.9718426105280069,-1.3205827873200229,2.0608673115246754,6.371045397386416,Normal,0
-1.6983666966123634,3.659875660128697,2.3073080373723793,-1.4054873289616543,1.5024963808040315,2.898200072779177,1.000789819142958,-0.45054915255193084,1.8243783904790996,-1.620288668924839,-1.0418552149661804,-3.364234451157257,5.784220037098414,-0.14741672371430772,-1.2350546359839139,-0.6725894622077182,-0.046356140043751104,-0.43738476382806546,1.9322650424968963,6.558635716742657,Normal,0
-2.2557767728208296,0.4835971099538138,2.5904938275089626,-1.3551010793032998,4.162040873126159,0.15198216306191648,1.7787462784672565,2.483009224141277,1.5393663028842566,-3.8606643552970255,0.08121213732536764,-0.9320814717343042,7.52990559166585,-0.22794078592272754,-3.3147163120614027,0.7402265458749121,-0.6559676840253988,-0.2775714733072315,1.0962678483641464,1.140884062389482,Normal,0
-1.8337283225057395,2.2196684494280783,0.9522853111384311,4.0536782465624945,-0.6926270587679698,1.4513942737828223,6.100710839569223,-2.8756308102904455,0.0132091450647669,1.5685169330019004,0.017829860006256772,-0.37580980108612794,0.898379170474332,-0.03205826148594767,-3.8265299769601198,2.5503932976870827,-0.9578276502773329,0.5529788371458881,-4.347779254957459,-2.0415109241100184,Normal,0
1.3647655483521062,1.2864457926639223,-0.27056132313129466,2.0277362658304754,-2.286724227679786,1.2216135721761074,-3.436082619477774,-0.8941345110831965,-1.2639407698251313,-1.5884378460416495,0.10958322757742063,4.028391370630628,-4.010475356242645,0.04103426005214217,-0.3565465885199832,1.2364307290096963,1.0678928090250497,1.4766934307459842,-1.8409388564580222,-3.9003765474384484,Normal,0
1.7383592880756682,3.5364070790702837,-5.20628780767518,-0.0667470566916748,1.937488208044301,-1.874529495697705,-4.809277483511435,-1.566375615287836,-0.2955659644704337,2.032119664519744,1.189508878964265,0.42007964049703905,1.0230734364133336,-0.2052326450350451,1.0549995983995246,1.858583478836961,1.1867185159847438,0.24374992358908618,4.798422865749787,-4.057248128182415,Normal,0
-1.5007636849719672,1.163685036260902,-4.6035319582868945,2.914610980748571,0.7945868733095377,0.9886870376217118,3.4463139309127433,-1.3630825710835608,1.3252978342221797,3.805738700102633,2.3764091927591937,0.008581962004950094,5.134304731325863,-1.4767810801431691,-1.748852802426056,0.9605440632286011,-1.9762371717460427,0.9027619892851401,-0.06811997785951363,-2.2484456086253988,Normal,0
0.11063749439699899,-1.900536142877824,-2.168047188064066,2.236822081099231,-2.726638924445737,-1.3797535999163186,2.5979999880608293,-3.3612442395196065,-0.21230454157659961,-1.2026100384095246,-0.9364311967413436,3.0849393697147938,-8.543882554328613,0.9202587609701054,-1.884505378468618,2.6087872208689578,2.3529325539152,-0.2974641746572593,-2.032559722457172,-3.588903535636967,Normal,0
0.45362677856162215,-1.5366312910531024,-0.25375366239152136,-0.11602487433425468,-0.9111282571574313,1.0723179754198975,2.6558301155607293,-2.992717228386242,-0.6667936022751275,-0.232690189928759,-1.7014352225909024,0.3206130036648329,-6.9792423517288995,-0.3346197046571146,3.569886346806098,-3.2422461759052803,3.4151499867427355,2.927368898218181,-0.8534677552273765,9.502148237896906,DoS,1
1.8500918072351324,-0.24883760930080334,-0.10836292687959381,2.8901649226506207,-2.1299806234138803,2.7170261232005224,-3.781674653610147,2.8416848647178954,1.2492893562748564,-0.8106847008600281,-0.9964186623966719,0.6511673918135945,3.888900213042249,-0.7612422386905463,1.9053364338562635,-1.9050861746456276,2.291198263390056,-0.8464548166555463,2.965648618568045,3.8637679799981655,Fuzzers,1
-0.9303892447670723,3.7972898693869857,7.292477695834781,2.8112080397554484,-0.47632647726904054,0.726138750169718,-1.4796785795205447,-5.780404712470012,-0.5558727755402949,-3.764625715779796,-0.08018157143024374,0.5785702471634333,2.300238161856994,-1.2767775363839153,0.48407173601210407,-6.779503567034919,1.1133105367286655,0.22480248929562452,0.7689217893029174,10.260763246740229,Backdoor,1
0.08905636951616414,-0.18936408713768582,-4.991843466726673,-6.3350960709982935,0.6583978159980397,-1.5937001078268649,0.3257229562533973,-2.538012610396703,0.4849209461622381,-0.4253140126717174,0.2004826426914454,-0.17969044978111648,-6.086222557600465,0.36236757539154196,-1.968380044862323,4.354933428483045,-0.8372922707867605,-0.3785453991953894,1.119221196803477,-6.02016782777684,Exploits,1
1.779287320131977,-0.9756581157593551,-1.5690444508185513,-1.5951529303805927,0.7634310851644948,0.6608183686023895,1.8844216559802514,-1.423472336235844,1.4542222190538747,2.9248382202952756,0.1446473844881631,-3.584396311037937,7.68254024079285,1.1436279925648152,0.21793790279350245,-1.7688823012783845,-2.3402438214061663,0.7655864846038705,3.3434966296928965,2.0771543352173634,Normal,0
0.03673986183137634,-1.2895800308362002,-1.5172532861533812,-0.9714643465071751,-0.04535237671844672,0.010595718776524876,4.352103800942979,-3.269183793254721,-0.006227678862969813,-0.7145515369723698,-1.4581508429458965,1.5924061952793709,-4.765605563967591,1.481574790554385,-0.16720322866358472,-3.7845601584402484,5.191758725656699,0.013480019696702055,1.222472775715878,8.192373533370665,Analysis,1
1.1010055849303049,-2.111549449778343,0.8857344997982319,-0.3668667073149987,1.7779505866903795,-1.0821968788882343,3.7220551978765006,0.18575482416322298,-0.05185956867838815,2.3693350474198374,-1.3780000916634214,-2.9101296228035327,11.564838872354464,0.14019557372691713,-2.741864942117096,-2.057304535490456,-2.9661420303229793,0.20992157221867755,2.5209822616975464,-0.9815969078033977,Normal,0
0.18750270621884968,-4.020715101246607,-4.689058453808585,2.411828028258801,-6.809199235505668,2.0324210779083782,-0.2936561059301832,1.5714076524739191,-0.023717762536903313,-1.1112916119506937,0.7727814664596581,2.760093791026571,-4.776149451306769,-1.1698611063322188,0.10221271590022063,-2.864821733386974,6.232154830173519,-0.04818292697839048,4.301924890785974,5.982805980381553,Reconnaissance,1
-2.4312909735485233,2.3382988609763236,-4.8421550931758155,0.7104982866101248,-3.5802642850067454,-1.7182875944026557,2.59147668959596,-1.6002259544782778,-0.992615040953912,3.031242104577051,-0.01681184682324336,0.057653019993627375,-9.544414047479547,1.512375137495705,-3.4260966519630784,4.644070981693078,3.1204759640836244,-0.396956132474094,-0.3737044890704171,-5.390823176540474,Normal,0
0.7689234104027656,1.2658494920698602,-1.9560564557025544,-1.6413200902221758,2.8136316977220077,-0.5066226399080365,-1.0330878630674494,0.7329385027174138,0.04832674582102094,1.1419632390444419,-0.8500196911431195,-1.3593174990420935,0.9955872641109682,-0.45574330933421564,1.3993325914167962,1.7862289907354514,0.0484681613473692,-0.3388794525691018,1.3684029584494366,-0.8474810345457207,Normal,0
-3.9903154160025993,1.5493727633539836,-3.6244095995900074,-2.0585170794893504,-1.872679734478061,2.5546230614798078,4.160015505438577,-1.8098492205361842,0.03163807757917268,2.4171488129486853,0.13982616113750748,-0.5744272887454663,-12.491847476615538,-0.46358547363126407,2.5880750078912285,0.026168229710155977,2.111934113838702,0.042016603335285854,-3.793202478472469,7.315153543535511,DoS,1
-1.6237482939597712,1.7429927817008757,-1.1917196830527375,0.4085450861574451,-0.3840513158867047,-3.1690027256025397,-0.5662180689102063,-3.2756648393094965,1.3454889562051204,-0.8719284097743836,-0.8574726516251461,0.19454832720333126,-7.717659764259092,0.49414934480535166,-0.47127552309630216,3.468443924630454,0.9580051613108254,-1.1753190489050744,-0.14313402984667922,-3.4271094540407425,Normal,0
-0.3686072941925125,1.1706102139770307,-2.3709507821426414,0.8739325272137569,1.3949320922962243,-1.5056262758714851,-5.986083882430083,-0.282944282869826,0.8942490069679787,-2.7764197268057003,0.27480546415529944,3.7178208970901787,-9.789155382573131,-2.997073439243503,4.670597259199157,2.8327963209276126,1.6363507586041472,-1.9198704101423343,-1.1820486858222714,-1.819543102265417,Normal,0
0.570640554361122,-1.6460277305383886,4.7066445179298215,-1.1824148428872059,1.7380487384115777,0.09217112386822213,0.1717440155919417,-0.6023923580095443,-1.3238096372662078,-3.367188667553482,-0.6654797361254308,-0.12642813231013683,-4.970798506813312,-0.8213893735490084,3.9941426765415664,-1.4350394721514577,0.612879054716717,-0.8495603536747404,-3.1093992290502,6.246671339816241,Shellcode,1
-3.3575227908240404,0.7520995217444801,-2.3155944260273986,-1.100212185133242,2.539763825247034,3.3286225262085654,2.449047434095831,-2.3246067485710107,0.27804697228430375,-3.1655517485223355,0.7418382515930123,0.14377947754965947,2.9588871172388282,-0.8914168626960192,-0.5955351510034984,0.8653939067671984,-2.8020883375154515,-0.04374794602212695,-0.4893795180027327,4.143980531506869,Normal,0
1.5656827958428163,-4.933269320903101,1.075485214806088,2.0655211237991393,-3.631184487982005,2.4368510129891305,1.0134578268126835,1.8285530765036837,0.0745751909381243,-4.065111560954063,-1.236913723593805,1.9792621520270084,-0.47662879577031114,-1.0219434869195063,-0.47620572424677077,-1.2777281420189674,2.9973847335084685,0.6033888432648137,0.5354711892650865,4.062339083351543,Shellcode,1
4.59768976428901,2.0150782781239807,4.3087264062402095,5.157667438856352,-2.0559067337546306,-1.610192497192023,-7.919412760138922,-1.0641415004730148,1.2294856818066993,-1.7165383903260114,0.6613180596003198,0.38358271640868913,-1.0854817020719199,-0.961882966805388,2.530330623897807,3.315682809277022,0.02659072473238444,-0.930617319726204,0.027541656236388823,-6.450728065933568,Normal,0
1.0436239655286659,0.5494566941429984,4.288097701932958,4.8540741331008315,2.3763824100250326,7.649297175834022,-3.647917064537107,2.5272612629763307,-0.49929067929880716,-8.606947473926049,0.389214166993086,2.496893339871018,17.25040940724093,-0.6943757656665552,-0.3245772236621862,-2.539294985502668,-1.1036403508044201,-1.1282308449907394,2.208102962646585,7.919185632244197,Exploits,1
-0.10246614601080806,4.46109222118111,-4.9409570692359654,-4.451384170182722,-0.7674633000144055,0.3525261974312238,-3.7306412353081075,-1.9471968665259394,-0.7038260165325425,1.1600949117595842,-1.0524716931310973,-0.02573737492098327,-5.405847673678438,-0.6586633472108137,-0.3326992533165454,2.085690200921988,1.4751567118586726,-0.5529594331405667,2.9113235088397627,-2.1870075880174076,Normal,0
1.1032868753842764,-1.5371925387239491,2.408443333881498,1.7216806634727142,-0.8935709073173944,-1.7529865842238121,2.688786994949562,-5.149974895077416,0.300600001229167,-3.273901629999271,-1.1861924157388257,0.23927377755341195,-3.440654443583608,0.8319088999891613,-1.8688092839982064,2.23871956719645,0.23647970596706358,-0.1300588525263863,-1.2984619517243357,-1.6796213151516923,Normal,0
-2.032563695804174,1.5270946960770388,-0.6722262792129458,5.129893837230577,-0.3398396284689891,1.2134365621533725,-1.0245477369500322,0.421962820438162,-0.8237888751853936,-0.21553459373359107,-0.5013920459765787,2.6855167110074936,0.20525672562178343,0.3339136813532421,0.458190351125249,0.974762234277045,-0.7795291123274009,0.1469036729158661,-2.5736953063749572,-1.4780403754335625,Normal,0
2.4113080305701495,0.2547270740436779,-2.6476327597256057,-4.012807863409165,3.940260354141731,2.6802181516795343,4.119091761222798,-1.1064966778493912,-0.8340826319926368,1.35576539352498,-0.513012208933418,-4.6102358099311065,-0.8445646823267163,-1.226150963231532,3.1249915467776974,3.331803942484562,1.1001610611481012,0.2155303419444229,0.0740038312204101,5.519056957020458,Normal,0
-0.6398514421014273,1.1598898782371005,-5.07416311458817,1.5267190294454447,1.0643807153087033,-1.6351000927297021,1.5458591161419637,-1.8460757090068185,1.0440838688443583,3.900100979481757,1.1613079458683726,-0.01710194347526084,2.3177251177156943,-0.08128405123786019,-1.69983131935848,2.5823005378906276,-2.0088796131216426,0.7200136557275078,0.7200640172033995,-6.465423027446807,Normal,0
0.06304287299821998,1.5168497623281314,1.5865210969297312,2.4860794458402524,3.9364380165731983,1.2007551363517859,2.142568960991313,0.778511797036824,1.4474076331296724,0.5191394122533821,-0.768222060123887,-3.857418984927907,10.319346472762904,-1.070380547503318,0.7132930591930167,0.09995224503821754,-0.6189023349930496,0.021317308413626567,1.9896328080426886,4.79265621869757,Normal,0
-0.8462491801738157,2.093108099485021,-5.169340501327856,1.566360404083997,-2.7003987817298394,-5.386323802452495,-1.6201114212461174,-2.5448155111452344,-0.1660561178166235,5.224141227865604,1.1898542038281024,-1.0064815236816154,-1.316295157803391,0.19797212515287052,-3.2402317301212236,3.3389079754939375,-1.2918231748277753,0.6238667842924046,3.6706326227052033,-11.542665728228414,Normal,0
-0.512341956484154,-0.41684458483482434,-4.120851500382209,-3.7302988688718868,1.013627495582682,-0.233313430662073,1.0551685581584516,0.1503702170602894,-1.6826891384009004,2.045899106137875,-0.6284649825014651,-1.1259015069593894,0.7043961052518979,-0.8718636075653284,-0.7718734252984604,1.066793470581956,-1.6433634172573925,-1.2244430652472726,1.429387089119317,-2.272074013562524,Normal,0
-2.1786117749913982,-0.0736844710268818,-0.10342686235690435,-1.0859921377001196,-3.195798731068283,0.8395750655413783,-3.5944388880304787,-1.4868831480623685,0.20116639256583332,-0.7892167548394218,0.24179550101917074,1.0444008397746685,1.7325926896416823,1.0492606649689424,-0.5398945106354331,-2.646102632089958,-5.152886454541313,-0.5114730692800988,0.49378640722568723,-1.6396952223095478,Normal,0
-2.7909693122822787,2.5821673593450054,-4.788491857351823,3.4480614862867487,2.654806056619617,1.6946348390309203,1.7560111146445507,-1.373685662108214,0.1345257396949132,1.437710316619445,0.36338695581851566,-0.21098718833991637,6.805884182814373,-0.7055711977561145,-0.47649099990748933,1.264407441138332,-1.769268690358883,-0.4198892083193451,1.4901372996770093,1.0128347443560357,Normal,0
-1.3723746331591724,-2.291892128702269,3.717411193795407,-1.060353901576558,1.4227287983830847,0.7166278750806652,6.520607232721128,3.059960796324683,-0.2152995854486113,0.06164049043602726,-0.1489354307216377,0.1372670473566857,2.923217350958714,0.3798996569304171,-2.4013847268170245,-4.628490580198164,2.378491471747239,0.44923101318499303,-2.0031056691943703,6.453313444591324,DoS,1
2.2244613829281787,-3.0650872635621447,-4.898149512267133,3.3981244731753515,-0.2726469930218445,2.8124084130126032,0.2893951750313184,1.6169648380587078,-0.5180261795188524,-0.8210921956076338,-1.3321611832378866,2.6727409779302835,8.042712730479733,0.8068246153534645,-0.8249685064282004,-0.8214296311624019,1.6439870329799138,0.0033033568882679405,3.856641171711787,1.0459110697619018,Backdoor,1
-0.010907679270960147,2.4284320898568694,6.764683219458477,-4.864769061139085,-4.421093785668697,-0.24130683947718068,-2.999539345422997,3.865926109945673,1.058361880246356,2.183978525138203,1.2247839845092354,-2.336254232169109,-10.02846066359117,1.541714084646772,0.5009807505702262,0.024060043545014898,0.2338034832194591,-0.00945847792291747,-4.925361505493487,-2.5108365134599677,Generic,1
-0.49317454890271617,3.440405989232973,4.18594801321657,-0.9217100053756853,-5.035244666305655,0.6550205710672572,-1.0730058119670125,-1.7118374030074313,0.10538486060849363,1.5265571054331883,-0.7164398958102821,0.33299727932435874,-9.07948293017548,-0.6271061079587706,-0.9685055238090223,-0.8666243012071262,0.7007083352804595,0.7238200157405074,-4.4349955067639595,-1.1989187187594152,Normal,0
-2.762578023659385,0.37147480052585435,-0.8954551491231824,-2.04944590240164,-1.6591238076955703,-1.3152732128650553,4.161394753610328,-3.0919446503931054,0.1475991755843489,-0.7466982541668095,0.15063434031844264,0.7151069768350671,-15.051228345470392,-0.3571356287765226,-0.16983849627629666,1.140646150061533,4.4534502454835305,-0.6885163614520564,-2.944848889517017,3.617415684388676,Normal,0
-0.3291666315960531,3.049667421211038,2.617230715892819,3.0136582345154026,-4.348673376087132,0.5811629183356462,-2.892124085660836,0.6995224120877235,0.6235203553783256,1.23389873859567,-0.09438457605968514,-0.41881832532465,-2.4479058496843407,0.9667333203445074,-0.3870403640253084,0.37546549957665565,0.931560878274704,-0.45790576499444,-0.9257785998829835,-1.5610374984490565,Normal,0
-3.9592210536172576,3.4719388261237754,-2.097408679141684,-1.5945641686089145,0.1129588581349148,-0.21624513109855203,-2.618950303553091,0.4413693289095175,-1.3920938025032232,-1.8093413888001377,-1.084166203198927,2.886927386714709,-3.330959213292336,-1.909119651113275,-2.9512755188947466,2.296404612268766,-0.8001820568663676,0.15918182118326307,-0.7865931031649689,-5.116167725411977,Normal,0
-0.7668670349401991,1.5098625028596584,5.73438145241677,0.17520922587993604,-1.8105749439372518,-1.694774083478178,2.668025787620504,-5.268812381006175,2.1492972491782596,-0.34494319194237266,-1.5092399730805282,-0.3040191187751825,-0.29046488959580036,-0.3215067945773522,-2.7561335168823495,-5.647033273024264,0.8642556064126258,0.29244359119502505,-0.14662728666057623,4.652962258174573,Backdoor,1
0.6095872920347791,0.32285637045062343,1.0120716646746957,1.4897690926024134,-3.957155298965119,-0.9784529306474676,1.191075376004963,-3.272866013965541,-1.4184043274872655,-0.7321241130126651,-1.2515531395949613,1.3343444089745728,-6.059302839685336,1.0659650683253792,-2.6963984360861644,0.4165456328077898,2.9240132820186906,-0.08054367303887512,-0.5098960314578673,-1.4697135982605734,Normal,0
1.1307703454205966,0.397350965516827,1.593245032806428,1.0859776758797448,-3.881541316587285,-0.08759181004575067,-2.7063377812678464,2.7035002573757017,-0.7483982739469809,-0.18177672624744168,0.11905828865931008,-0.1383806441997646,-5.089954674230421,-0.12884448941784346,1.0174778857908593,-1.1403173722456061,5.635459100942196,0.37244071281082763,1.9802382840593533,3.3036698084702714,Fuzzers,1
2.306460900854648,-2.03929197964313,-1.6913534109835098,5.070404888855471,-2.8241429083716603,0.7809574200799456,-1.5072433603650837,4.179930192326371,-0.9628571052335393,3.053715561924018,0.5000482414457211,0.43606800071617413,11.187653349688109,-0.6091335023449491,-0.8871182478038269,-4.374620707044164,2.193864214960501,0.2289989646791519,5.777516701000099,1.239102452105567,DoS,1
-2.4723878971400577,2.7882945057028006,-1.8857292084055621,-2.395634476843438,-4.181677209119979,0.11893923392161021,-5.76616346342196,0.8131696937358459,-0.5614401067555266,-1.8776453046816246,-0.0648016984815227,3.3902987456039377,-9.430172522324934,-0.40826510999561705,-0.47247519793332104,-1.4018107172340128,3.6501625784102716,-0.3954836389866858,1.81728732416079,0.5662672778117335,Normal,0
-3.159017682468289,4.991256329900697,-7.846252185512389,0.29604035856802224,-0.6164290434595159,3.4076650845967524,-6.299260962510588,-3.2495015939332723,-0.32079786148604456,0.213607457376068,-1.9040927924156628,1.6986606261779973,-0.8221638372323479,-1.0691979935618996,3.5026111163744718,-0.3703887735260869,-1.9218750908050497,0.22418970382801603,3.504749620348235,3.1965061833217536,Normal,0
-4.2278586215836995,-0.4015258000915942,-7.700525015982802,3.6508718704151875,-0.2831964451562754,4.491843346102826,7.299430952810192,-7.988696702200365,-0.28160075549523694,0.6010353819717966,3.0016686377903152,1.2293707873081412,-10.268289089654475,2.6567283494641583,6.42091602424881,-3.138212839199481,3.492968921444844,-0.00015677064726898063,-1.6632102228099186,18.157316556855715,Analysis,1
0.6479103677535845,1.5001656640881909,0.5674291498743465,2.1305465346449903,1.7497792056756905,1.9183464236587868,-5.075901444322909,0.6445601040382551,-0.2485944077180711,-4.803831947513746,0.6652556949544319,3.4562199091965455,-6.373487024018176,0.5492414784287455,4.407529900223628,3.5683438361936934,1.340455522208277,-1.0657463125955868,-3.2970091656835816,0.2956914101520855,Normal,0
-0.8273827915276077,1.8217446279531708,5.51707115378394,-3.848693182707553,-1.1473561571311763,0.6885239668627275,5.308144599268505,-1.8534940590350133,1.886856835109503,0.5635586881330024,-0.9024949080578915,-2.6965520808344468,-8.834423461732415,0.17302244693420957,-0.10668527942535166,-3.075820443813353,4.460759470931633,-0.6615414275288143,-3.251789493413974,9.54577004559769,Analysis,1
1.3264323868724865,4.162698474981586,-6.599786289287474,-0.46631793316791004,2.422077032561035,0.6406646997818617,-1.6303087027155878,-5.038756434677414,-0.2837343497884642,0.5760507475880426,1.4871391479383496,-0.7567711569450253,-1.1449564619614598,-1.2034750580700446,1.435213532286117,3.835160311333557,1.4973907601837273,1.341465825240393,3.948676014665986,0.08978780720178758,Normal,0
1.0965144390968793,3.1488037354798513,6.299347575045983,-2.987868324420716,-4.329236067398022,-0.43834994328257915,-7.247782701856675,-0.5115503146765061,0.8108480569628599,-2.840252617563367,0.45852566599624855,-0.2275612124146673,-10.339579584512073,-0.9237453648017658,2.5641034686817368,-2.43885471325845,3.336912798595624,-0.035840980146165276,0.15788364426527668,3.807902856366187,Normal,0
-3.2764143350591195,2.417268929671973,0.7740277870059318,0.2905176668774334,-1.0574137287877021,3.099713813085045,-1.2664172028628113,-1.1110447811705249,-0.8613653699590184,-0.29736861242294155,0.050555751583816436,-2.54131601800624,3.3628970388855834,-1.4606820976709431,1.5301985308288528,-1.2091439365001584,-4.102579203342356,-0.26532879976370544,0.05114860752930217,4.838102020596458,Normal,0
0.9175576337519513,2.9468325109575875,7.4459394204575196,0.76352668632013,0.5427301857926079,0.20357591865972302,-5.388947023523962,-2.2335049433918157,-1.115929614872567,-4.252964974275202,0.23212204880842066,-0.4140205103437613,-0.20765873706863813,-1.1909026081270546,2.339259957666628,-0.12241542223090418,-2.4336287107374224,0.041650920160711244,-2.0859457737366864,0.7811583091922648,Normal,0
-1.166643830549508,1.3078546064258432,-10.773123498307559,-1.0964709953483114,5.533648600408445,2.50730207052071,6.750986732263297,-2.4239901123034695,-0.8947329982105616,1.4185031042410607,0.0850245902830276,-0.5127021474335132,2.594047657857218,-0.13055922891086488,-1.5910802965472017,5.272424045194587,1.8079288989347653,0.8392769797993096,2.4251770483032633,1.4631855041094632,Normal,0
-1.2586368347501087,1.055203970135138,3.475163373441105,-0.2781752064364671,-1.8946267209786072,0.8359138879521728,-2.9717169784902375,-1.016725794804959,-0.5498536065274171,-4.583521950678384,0.456697562490096,1.860571716805779,-4.987493297360071,-0.39995673927634884,0.6923690900646959,-2.0331793535460396,1.767189613083727,-0.32951734867031085,-0.4873686880211875,4.570829726709252,Normal,0
0.5580603863241043,0.6528464472522728,-5.503352538612385,-1.955944927299735,0.484642493555824,-2.21283182557583,-0.9243591167776006,-2.0745191225565334,0.3413083973938672,2.6970513438352475,1.1497819126384554,-0.18461704778460697,-0.002804059243838586,0.45954494190042305,-1.2523441734950327,2.3620950776770853,-1.5319041840310939,-1.6585810306791373,2.7339759775868426,-6.702155515998862,Normal,0
-1.2058047430623635,1.4004892711825003,-6.8658173012977,0.4871465856623498,0.31464746221212847,3.323266180132296,1.1142728907506907,-0.7046894231216362,-0.3786084835482334,2.8811866065103184,-0.898787219459433,0.2505636808958185,2.2851255881400765,-1.5583738322793752,0.7938412351768201,0.4915663126262262,-0.7775028972056872,-0.8294174893138989,1.1700704532156867,1.7317675440141531,Generic,1
-2.385240620695713,1.7829253578352344,-2.6394189632140765,1.576781432151357,3.196741975467795,3.8027138035118346,0.619919633659894,1.622944763065398,-0.3085915214863439,-0.03953465642446807,0.44845906189263157,-1.77451391836499,8.565622437438561,0.057329747937781554,1.8796680315876202,-0.6105842956964214,-1.1184523982876262,1.0866698988430352,2.239655603744734,7.066416880944705,Normal,0
-1.8605809175352228,-0.17026366933128223,-4.983024686074955,2.756136771131202,-3.0667680327309004,-2.25067271607602,-0.16390972841012041,-0.4438293723645148,0.9818720840361634,3.4626385441856184,-0.7688088656217581,1.3710236117261885,-1.5576140921436314,-1.1907234558638244,-2.04821622969149,1.3440829477607252,-0.8000528030319018,-0.13920816432590252,1.1372180192197971,-6.807094324403811,Normal,0
-3.773176057911262,3.3059890238584004,-2.0264405241820658,-1.6311151549131826,1.3434444113139348,-0.2733128104557083,-0.1419311954546747,-1.2745387830472017,-0.3705617528676653,-0.6515104976225262,-0.6870701980098629,0.9649377571554831,-10.2139066555178,1.7918874440747117,1.28556454603046,3.4352467899539345,0.4647824926849574,0.14423793223703035,-3.472772822733828,-0.40851013259214985,Normal,0
-1.418229841860593,1.5500423360855202,3.406136331447496,-0.5210580117879686,-2.693253120312903,0.5643643676567833,-0.44218522311870045,-0.7926244898318238,0.7408289758299179,-1.2013674259781266,0.5831627124828029,0.8651363219073545,-11.681255635924128,0.3262267357202956,2.165679210457772,-1.2949480058317309,3.2668694379725114,-0.3708395252458204,-3.800220890753593,5.17331845862597,Normal,0
3.664856244629873,-2.6486972126588735,1.4345169994551563,1.7488098281844506,-0.9493730626400452,2.1642624902454752,-0.7270917319601593,2.0653894082242172,-2.0064726150369934,-1.9043576997413951,0.6823570129132595,0.38310213715058083,5.916204933960441,-0.12399644788834857,-0.11765966563533437,-0.971982665549417,1.4741335847351529,-0.8395608608844418,1.9433622232682497,1.6754998716583316,Analysis,1
-3.9395260878990674,1.7856305466753133,-1.9743151077381644,-1.5654913564309745,-3.8147619299993507,1.3458889778778613,2.0855328392816723,0.7567375262356535,-0.07424546273191043,4.405216636226173,0.24770816249270644,-3.430511836857769,-9.273619351008861,0.06271380898291594,2.0761996170565955,0.7876884058126059,0.22443499289007018,1.4716694130232464,-2.409039367942074,3.707078787019208,Backdoor,1
-0.8387213900396844,2.3466166710949152,-0.48877330192173696,-0.1705731999519724,-0.6185661941390103,2.0170136189264136,2.1907876233866643,-0.6302261995118097,-0.08526524063259272,2.7283930659763733,-0.5383501814500483,-4.090092228432,4.694136116301538,-1.1508848207385451,-0.2441806185924169,-1.7877372377110632,0.5856659973521791,0.273649452541014,2.878908150829912,6.190407504371857,Analysis,1
-2.2429600675434394,2.065213133703983,-0.392154665739586,-1.5065493856204302,-1.1548233956514276,3.1330525732545986,-2.6820237197912062,-1.760431177570137,0.5338419044002284,-1.9197850957659925,-0.99419135018988,-1.3028838037585215,2.3344660086795757,-0.6044837085446303,1.0905200859840236,-1.4573629960667485,-2.910462968804206,-0.0009418654939958937,1.800099623859761,4.777036207684404,Normal,0
-2.604997251019588,-1.885361980076948,7.632792430783188,-4.158167719336044,-0.6952085253865539,3.6373222300134715,6.168804972769079,0.5543049264992328,-0.3860039345465349,-3.869661218882687,0.003806834228125691,-4.788341627993521,3.298781393289448,-0.23430091500583808,-2.957547193532603,-0.3550011341909851,-4.094308063494762,-0.9857173794825126,-3.931491971420942,5.843902857854627,Normal,0
1.0729709839942503,1.2885869320564125,5.412233681445354,-4.829889630218993,-3.0316560801352033,1.9042737526080875,0.9194057923767255,-3.897252739002843,0.4047481429082984,-2.083950801111545,0.35190906662870847,-4.130644575464803,-5.362737072047268,-0.16058190326942479,-0.7234855023358653,1.5833103254979055,-1.837656410253306,0.5665957344899969,-2.482264726586276,1.7565983875127893,Normal,0
0.9906542953174581,2.712258898179549,1.615030314802286,3.5449783148372185,-0.7227348827259272,1.0771430550220458,-10.46508982966688,1.749817883454054,0.20006816346281606,-1.4217063984453437,-0.8806071255411663,1.0143706606599188,8.097834220555363,0.056129453697272465,2.9648734336230786,-1.1847072165108092,-3.9017197451800287,0.31016128644227375,2.839730288104208,-2.7306427351308127,Fuzzers,1
0.7629123498277752,1.468589428118109,5.538319467172395,-4.555290923012517,1.6777356653818858,2.049194559082946,-2.988833554575796,1.3935683194614126,0.5001986209124233,-4.394485083278909,2.1143762679708056,-2.7932541042277697,0.4763215119256754,1.4657903738483646,2.157831639936585,-0.7949451928042799,0.2815932048467118,-0.10593290668744614,0.6330956301288907,6.569745620727351,Normal,0
0.19959313230777265,0.4959717713623579,7.010690419010463,0.6374597620473929,-1.8352959403156346,3.8956371165819736,-1.580884693308663,4.14068050358147,-1.0716305127955148,-5.098312985249067,-0.828857008980842,0.14634404833763637,8.478071540992326,1.926275237011487,-3.387910152623018,-3.1924600310256874,1.511971879001142,-1.369530489384829,1.3331872820544644,4.967790199527888,Fuzzers,1
-1.0934578583935406,0.9153200011115603,-1.0412160610646775,6.547468290902148,1.4456148129542097,-1.7075997843899222,-2.8514697136415768,0.07307781671660951,3.1580734261856236,-0.7209442313481336,0.6082426625071672,0.9514511846080842,-0.806172888195285,-0.3074323454493165,3.0407466098752587,4.054439627044385,-0.9313193060813703,-0.4476743659563957,-1.0523130016651159,-3.4574122850108737,Normal,0
3.6653790432545637,-1.9883016137327418,0.6638857724496656,1.1002016746865455,-0.2835295614836383,-1.166812295992377,0.08522114345366805,2.106411546258704,-0.2561706752715692,0.0378161955673022,-0.561394510902489,0.0040806666059105545,5.475109743433455,-0.7008636538282025,-2.7843574443501105,0.9289257677977001,1.7528990927382795,-0.2291246270097348,2.5911899345775646,-4.471198695761725,Analysis,1
-2.016556304018614,0.48534425098025613,3.6609015579439763,-1.9906824421180556,-2.2681488268110326,1.3677177456417586,1.2004525421765049,1.6303643231053524,-0.2630027072885298,1.037593963881608,-0.7662762034069569,-2.153075175106037,3.3339025971594465,-1.1159351683896994,-2.5023113839360382,-2.1167411670437546,-3.113958790438515,-0.6755183781824743,-1.4504096502397594,0.27673436871612034,Normal,0
1.9023293122454992,-1.6206107694951464,4.651203555219912,-0.5499242099576998,0.7126579074066486,-3.230942408570547,4.713807222380451,-1.7345084095371288,1.5516405281763492,1.1580836153205918,-0.17165304392731837,-4.306772902022175,4.407703052035459,-0.3532274585042625,-2.2572496070294448,-1.8989719789984014,0.9305216156607127,-1.1707643466926043,2.095439871833571,2.0294659214801603,Exploits,1
-4.217200345735309,1.3315673390878802,-0.19079508226602204,-1.0826164081692085,0.5787455690272871,-1.4040671964392069,-1.3103731644523537,-2.110328917529817,1.6460188393686188,-3.3064110190364127,-0.07459358515516813,1.6690635420588311,-6.628274381882298,-0.5791725341077932,0.6124586187220393,-0.0428872741017825,-0.1687934383394245,0.22871132527442153,-0.7568586929468906,1.9597542959813152,Normal,0
-2.27009946871328,0.6436558729343228,-3.2444526966039513,2.998055621738401,0.9191569603601208,-2.9419491630320582,-5.347202972325979,0.392525134062887,-0.5876859536890603,-2.4009622388802137,-0.38624495149849886,2.5444632117735226,-7.4471362094918945,-0.7067496589653025,4.129278529040861,2.469169372134779,1.997700067944565,1.042293473702551,1.3624658961691702,-0.7004756399283274,Normal,0
0.7104160098640077,-0.04550811506544994,4.158521533376231,1.777183206557845,-4.142384804348911,1.7778857896157718,-6.124168041584511,2.074963956996964,0.7292151829307869,-2.5172430773855052,0.7639281324111726,0.729396516432528,-3.7644947257770096,-1.004024613444427,3.926417059814255,-2.391819890308291,1.1000676451674845,0.3997967407687113,-0.43239027269128627,4.272069334855911,Reconnaissance,1
1.6044605273170691,-1.564824354783907,4.486445476774595,0.66866687626037,-1.2709397891785248,-0.30014406927004056,-1.3159113360833419,2.473050488007072,-0.0585620505450542,0.16846292839444255,-0.9729967645226961,-1.7024063654273496,5.112633051678991,0.6753876060860706,0.7859013349672449,-4.113313071756096,0.43548218227580304,0.7864301081167289,1.9626362925612102,3.6032753100494173,Generic,1
-0.8839600402665089,3.869060063913875,-3.7835310821035018,0.1963806841603002,2.009742024341673,0.47462283966207597,0.7731682552450558,-1.151066928768,1.1442272902939772,2.5186995451233427,-1.6629677600826385,-1.4121598453504571,0.2942382829155339,-0.7210515970716772,-0.2042273550759499,3.1951148267565834,0.38345468591968634,-0.9625918106764075,0.7457024961040186,-1.2796088784346238,Normal,0
2.371514391883832,3.4799485000361523,14.176947691810781,1.3034023456103427,-5.139878192680019,1.3542957212502902,-9.203170325979789,0.11589669874539088,-1.0756676095682847,-4.343375306946519,0.2979146051656283,-0.6221781933238004,-7.491952861546952,-0.9565790247845786,5.112845980988355,-3.7172432192276927,0.6605229560213102,0.2866572685671504,-4.441047306795129,5.367158034820927,Normal,0
-2.824685177023568,0.9512890608989117,-5.23940233298157,-1.332950297295156,-2.2628374817875545,-0.337483526627261,1.2261003472795309,-1.234606302527747,-0.7866936589316964,0.04294907071343168,0.08207327264957799,3.245189863361182,-11.693365567657548,-0.17416766528098634,-1.64094806393345,2.255829128764132,3.3956093525034934,0.2742837157058423,-1.3266235548512322,-1.844208551000787,Normal,0
-1.7280676490336102,0.27871902106702584,-0.21461921686556884,3.737870762395134,3.8601992798183558,0.5018230030789541,3.4363409833118888,3.9473365601664936,-0.07138178185512896,-0.5956076965231859,1.9508570949969837,2.372600241899363,15.859046425212147,1.8083008710890636,-6.406667810788865,-2.168383999968394,0.7519396157564828,-1.1754623837759852,2.6892973389242556,-1.0499695827649433,Backdoor,1
-3.162737069832593,2.3824784490763533,2.3395741881914067,0.5204783151744046,-1.1677462760544939,-1.6623595933206592,3.6847229813928157,-3.596071465476136,0.08469963671290325,1.08659725061213,-1.7325613427047113,-2.1018083769945015,-3.88592981962335,-2.5632897868965667,-2.1056839716862785,0.36138421475444615,-0.5001596791109508,-0.27358801891233037,-2.0389626800741354,0.6754143392121454,Normal,0
1.441271635366253,0.7173767034201032,-3.360571619540666,-1.9661208162958115,3.664284788667998,-1.565076192798915,1.0349778515693258,-1.4363754718692032,0.982176172838533,-0.04563783833530688,-1.181935869887245,0.11461739930281145,1.2899205760506276,0.5057373418959664,-1.6594376701962608,3.035894011741076,0.9588025939528366,1.111355313029831,2.08771215740171,-3.725682794533129,Normal,0
-2.2498511248956166,2.2938369421093907,0.47191070459200013,-4.77936576580071,1.1647516909186093,5.060320794736516,0.5411020538659527,1.542305411546839,-1.1754437473511672,-2.0081391288174846,-0.6256864237493913,-2.302656501199993,-1.727988128475164,0.4569204641757125,1.816262927090829,0.08951735756219459,0.0752124831021812,-0.686812733680816,-1.2015698821191654,8.417459581240204,Normal,0
-2.439102860027263,-1.4961514710489827,-8.707937832046932,-1.2823560159754108,2.547653113887514,-0.24581792886223286,5.279050227920668,-1.6751420841594735,-0.2823963202979205,0.5514009170286002,0.04412991539286865,-0.6048987134028662,-5.522632357965546,-0.5765124719563917,1.1817260472456925,3.0638865192043063,3.1959323057908504,-0.30256426671990966,2.201028730752861,4.399484102951075,Reconnaissance,1
-3.2644350987017674,-0.11889753971642603,-5.231729098257295,-2.9506076148162803,-1.7057263013796529,-1.8113388050276904,-1.1808670337003258,-0.6372009488618202,0.0967572679141856,-0.24532829759510588,0.5653541872859558,3.097545352861387,-13.036371177074775,-1.325635909572814,0.9174902653996552,0.3939049234242976,2.6637516661590315,0.0025040613663185603,-0.1546743393892165,-0.21060923777865392,Normal,0
-0.10101323667983486,3.531220278446898,-6.696007444029161,-4.978133821558503,-1.9739354005907024,1.3693083215361004,0.43956710056865994,-4.0167822116381915,0.6747339831104918,2.839410182879802,-0.07289945915915559,-0.14379941468664525,-6.635880288140685,-1.0616269454591876,-2.055061866486169,2.4200518735531453,1.0141143656793,-1.528938905350083,1.3944141173832159,-2.6310969983242054,Normal,0
-1.5242910300754815,1.3584916658242907,-4.268933421929171,-0.08975960017839624,-0.004184442707710456,1.2098903811149413,1.7078904334449503,-3.5355020535754096,-0.3146421758635465,0.07156946893824667,0.900583002617879,0.5204642135267474,2.9866516444151268,0.3118669158454754,-2.9134405791003317,1.0102695417140826,-1.712618918280103,0.43025301660559856,1.7314383900597172,-1.4308756492069346,Normal,0
0.9458942581226903,1.3645725968488098,-3.56054957735413,-0.8933101107429571,1.0500751390974334,0.21381056125166698,0.2344068856131924,-2.20559700141688,-0.031167103966363498,2.9181604486662067,0.9174610113311096,-3.3755344604430975,6.347552182628135,-0.845095315193393,0.22916356693115114,-0.14005927479447533,-1.3882809654815476,1.5365168642817006,4.739789662484177,1.1052882715529835,Normal,0
-3.7995101117266254,3.7386855379454147,0.2670645707464363,2.12608086763984,-0.5483394836649811,3.0673339836028912,3.692795160136982,-5.773467493056871,0.7977332439097289,1.0550615034115798,-2.4263263961659067,-1.1331520798583583,0.3242986593399433,-0.7082019045090993,0.9068600892140484,-4.126146731610621,-0.6624918052755884,-0.5640446141319949,-1.0483997376143703,10.473624344462682,Backdoor,1
-0.20270333694020648,3.4103211812952026,5.421932869002813,-1.3343867892317274,-0.3889475748328215,-0.03966419209985195,0.04970496835540936,-1.3391317489299293,-0.4097836774922467,-1.0690811578289598,0.5868750103603017,-1.5106517228323388,2.9865349947124336,-0.5567939785173809,-2.781292950439056,-3.620256172493618,1.914777453604009,0.4917657813116944,1.7536176893069761,4.371882349450242,Generic,1
-3.8275262664998735,1.142471128463109,-0.12571361308551987,-1.1032417307277393,-1.0347135674146604,-2.261408131143133,4.706568598546864,-3.509176941598677,-1.6112536278021696,0.5256697692318608,0.4760824897782047,-0.8655867603785126,-10.027464389074504,-0.03713844494438515,-1.0934890175986225,0.07917986299193935,2.5448481738622,-1.2055232791399972,-1.701104609520596,3.40771699759859,Normal,0
-5.932195911967021,-1.7753893076981129,-8.391078392825296,2.64067545504965,2.057513531942952,-0.43501206518201385,3.3187876798051557,-0.8026807970908337,1.2811662176111773,-3.2460612994604867,1.9938690905087253,6.144566778416481,-10.044567122397421,1.568836448134763,0.5226846514014158,2.89386217436018,3.0642818120508024,0.05934679468340926,-2.025268584588823,1.577292179777078,Normal,0
1.4500245044692694,-2.851238991470672,-3.239481294268508,1.609601076265236,0.48827319935218005,2.7227918884638256,2.065253487062221,2.4720459882253563,0.309939726625601,0.5507235793656513,0.322142467578984,2.1916132106801935,3.1973205594871583,0.24944153005985417,0.9696510887167872,-2.2201042078830064,2.7227322059368566,-1.8810370478674856,0.890408772478589,4.38298518528925,Reconnaissance,1
-0.18742606198495215,3.0730927696300747,7.438208968809033,-1.8426270774003202,-4.439224915664387,-2.8607046125986786,-6.235918337360356,-1.848244917913982,-0.3600148598254862,-1.5246600677478523,-0.7007245777190404,-1.522183127920142,-13.4513173358538,1.3359605561206054,3.437674430096356,-1.4073838188062635,1.7684096979693256,0.8858407471328126,-1.7375976037561225,2.061293804313432,Normal,0
-4.954169802127222,2.094011671373478,-2.332019226246054,-0.6461900356915893,2.1007037635698955,1.207271257529356,-0.07691024818018688,-0.3739265535685443,-0.8103141571972697,-3.948691058751762,1.4884708301231753,2.180609390346034,-4.955077808296991,-1.3690918596562172,0.2703631953739386,1.822640956463465,0.703093503185365,0.8378567782763992,-1.2253312912099945,3.1782143714786106,Normal,0
-1.0019791482915377,-2.066591385332387,0.8530777798553544,-1.0877228292729446,-0.900136458841333,-2.5075966018326357,6.376856896924874,-1.97207026700457,2.3476493875881523,2.478211449122826,0.5434236092876236,-2.59435090517268,-7.705317879206365,0.6802798027944731,0.37027669099866845,-0.4303311942774778,2.0341870164342803,-1.0956490489243764,-2.098711680427622,3.439564146515319,Reconnaissance,1
-1.1745880594858296,3.453362833444174,-8.024309187425432,1.4877069584629616,1.1748103289641159,-0.14730201950085764,0.2660639342778027,-2.8944293013069284,-0.7827264930341773,3.7622378509605037,-0.7931641335333789,1.2018279707222357,2.478592012245884,0.5087974252632415,-1.7315742029822703,1.8525375223454859,-0.2649307070690652,-0.6927034002684951,2.8777832762486515,-4.075316210179368,Normal,0
-0.39677562385244536,-0.4091150473812346,-4.340004863893223,-0.15279938670255722,2.333458954207999,-0.07582013888448591,3.894306815043472,-1.7320782236166266,-0.44973279557851237,2.8954589591733293,0.22795273801134772,-2.912042725411797,6.863187428416083,0.9804029948857341,-1.1257794909222076,1.4899743623194548,-2.639315964862883,-1.3389062817493245,2.4666094837639347,-0.8599144874224338,Normal,0
-1.2158799249305525,0.6334727231107704,-3.4826670440334917,2.1408925320237904,0.48142272232688144,-1.9674347355828616,4.002586040332032,-3.401990556561794,-0.895914875569927,-0.9611697632252507,0.6989449140059846,-0.10780183065953164,-4.914155181319971,0.15032388659522092,-2.5056032214969943,5.147134094746784,3.1190795513723284,0.5595469343023752,0.7622027996590002,-2.070748893005196,Normal,0
-1.5577755900665147,0.8916736184280286,-7.1938771524781115,-2.6203436633813117,-0.6771220223759498,-3.794923268170974,-2.9212856254893356,-1.9733909793851547,0.7730533060459779,0.19137238943282675,-1.3326856451477445,2.8033749046891203,-13.601248142294143,0.6827036310893113,0.5900585975879766,4.379653864787839,2.3508985313664894,-1.1259149070880428,1.029929394844828,-6.423178593412206,Normal,0
1.471480472431152,-2.361533875575129,-10.444989023242165,-0.14290257353795788,-0.379457323972336,2.1159337346043157,-3.9724322342342298,-2.4206382154677577,0.5061612257039468,-2.0455342631603193,1.04166512261565,6.1298561074313085,-11.813441730221435,-0.5237335073779237,5.227724527084549,4.5114212001846035,0.7425023492617236,-0.22830139936169067,-1.2444964682966075,-2.9726843557495486,Backdoor,1
0.19648537650333564,-0.30796852774750016,-5.775102551963957,-5.346441565512768,-1.8914277331125149,2.8795885161391124,4.247029813689824,-3.6369370386870528,0.2935268326453018,3.2435415956614353,-0.44819471881736234,-2.6377012873940733,-3.2362595973437696,1.2223178496279319,-0.7832801901142699,1.4618060216993203,-1.6868427515383988,-2.4167336501455954,0.22824417535954322,0.8970318011166807,Normal,0
-1.1752751080086483,5.3660859172002295,-8.52334540910937,-3.1780692875538135,-0.9157451145666666,1.7530420268451254,-3.5129051719830255,-2.3504546520486844,0.38483529560789026,3.5011857235538244,-0.9468823193535822,-0.37731767223211155,-3.1822994867088803,-0.8944957572277883,0.8688843439213856,1.0141537567149503,1.0845992918998673,1.6919153911091072,4.436434756596067,0.3322753849703972,Normal,0
1.6958956089923722,0.39304845129377797,-0.7988782499260378,3.164634487681327,-1.1203508233378017,1.8718296771023097,0.6404820309928936,-2.047893527566197,-0.3030367639869885,-1.8294502338597394,0.7843795699167146,3.791060873899919,-2.447824374498044,0.07638298968727418,-1.7776370337994907,2.630162880545628,1.4959777995683246,-0.5890308789061413,-2.7637191192004393,-3.506337887621296,Normal,0
-2.8093167042050555,1.466119549720083,9.206317237649293,0.2641156195094432,-1.6652774196144513,-0.39860124301601596,-5.887852682487856,-0.21007508343721293,1.0832711990364863,-6.378276419919639,-1.2284873178523772,0.14957908559197874,-7.3480402157163205,-0.17696933434322135,5.0383689619854195,-5.090817464870277,1.4540169430250693,1.9072635092042913,-1.2707501677024466,11.007649554122706,Normal,0
-1.6933467271721403,2.268345109425095,0.6849102653144701,-1.7526611252419189,-0.111171249746016,1.6851855665852233,-3.003325244576243,-0.6658415507726507,0.48103681309431556,-4.083016422351436,1.1691180434137616,2.770816241342284,-4.438467363469851,0.12621846762010605,0.3316868246230058,-1.2325167425390413,1.7791265075210232,-0.02181879686992613,-0.27275456694957945,3.7097639295917975,Normal,0
-2.8159976887622684,1.835377445179665,-5.124982384805393,3.3890269742525447,3.493596076250541,0.5518296412941794,2.65734661319487,-1.2545435720873408,-0.40146921448108014,0.986713933547035,0.12790916211779632,0.3542770225871963,7.221677043731679,-2.6044599784501172,-1.836684851781495,2.2840389800957617,-1.827507515025498,-2.020851990845319,1.4302342716967285,-1.4764208151260154,Normal,0
0.1672994143075126,-1.0237674903411198,-10.200587804374983,-0.45426365080161,-7.599959103539468,-0.6678260920083328,-8.313333271612514,-0.4694239953245456,1.2107192037321692,0.41741227024828764,-1.426196021775116,4.535242403177185,-18.353426567734264,-0.4426506960487956,4.354788648487054,2.7537702981758168,4.233631365151119,-0.8188874874106598,2.9497428548905043,-3.7741757186734843,Shellcode,1
0.761050717020975,1.6910642604175736,-3.7847920194471953,3.976350081583758,0.02510715362407212,-1.9863086384900894,-3.1014884605698905,-1.6056921725144595,0.6694701644574631,1.220563799168704,0.1591436784075838,1.9265687580539441,-1.1641166542904,-1.405322954779475,-0.4310966064951671,5.909353373473504,-2.032091429105325,-0.09117490907576876,-0.7028445601398627,-11.225279049918191,Normal,0
3.3561847397855398,-1.730273511322638,11.530448227487483,0.9992245573154767,-1.1782906973948877,3.3498212715306543,1.1315226024478178,4.497234878312428,-1.7084413658844426,-4.011809218389147,0.28182008601658365,-1.7794587799438188,10.498315338671006,0.7246049784433547,-2.70046768159734,-4.104782810494265,1.3476365043356608,0.4379633459741576,-0.7801068051541504,5.679186211278947,Worms,1
-4.834605810100442,0.4946311881139699,-8.312316764292007,1.7926921675808356,1.0649199535798761,2.2616097465915925,9.375484142974248,-3.9334351444003977,-1.320235415922634,5.231242532242035,-0.8781245781931819,-5.135722057173053,0.10676518743026753,1.496102641339802,1.6482831319282252,1.8010486083430366,-0.8478659912507891,-0.37078519144491656,0.9366466996687821,8.474191165057722,Generic,1
-2.5663968717463272,-0.0465290972571486,-6.509697799741035,-0.8203563487588221,1.2263101766823317,-0.4999490890994126,-1.2154709894820892,-0.7650859515878717,1.0518590322005363,-1.9830139259052455,-0.3274500079234857,5.305590053352483,-10.619317396757992,0.02034271181057728,1.5512398655601105,2.297574114790981,2.2851886229572473,-1.0333002418218002,-1.4690861396770891,-1.2863670871467459,Normal,0
-2.5606108751519727,-1.0757425678015813,-2.946746864140896,3.5909018450937835,1.830794413718014,-3.72600195285066,-5.370581102255349,-0.6395369433708112,0.06638185002570449,-3.983971316578404,0.12954670522009643,4.384986562842525,-9.132030406074623,0.20438134207027742,5.361148684414611,1.809892351077236,1.0964273361115655,0.8855832342134344,-0.10573215866358132,-0.5054522620157766,Normal,0
0.9708862886127942,-0.18925878055785783,0.2951625958031483,5.726529475240981,-1.4366326931400386,-3.7562102077474986,-4.13967312945731,-2.0614441943708943,-0.2555653103707719,-0.646189476513165,-1.193627213107529,1.9734905484235743,-5.419297360004087,0.879400580053997,2.3631594702824152,3.1925710033326755,-0.2570283403744864,0.1147348742649906,-1.115105869411288,-6.513763992329888,Normal,0
-2.451565397429934,3.13822912361674,7.837180460983188,-3.79629336334593,-2.095746016324631,-0.15401892381637117,4.2845057065012995,-1.1576059630975106,-0.015677959380999227,1.932485125158832,0.6102840858930481,-6.2345919131879635,-6.2478543205723,0.9744227391657111,-0.5332669476443239,-1.4645533971812044,0.3623676229474804,-0.1944176423063835,-3.6938374274173897,6.3261480788131434,Exploits,1
-1.1498848074289083,-0.28171179649549094,-3.906715320466689,-3.309766711428806,4.389974072702836,1.9377996326645845,4.405401693761085,0.02428602473919872,1.386519732148224,-0.2774800848457264,-0.58856603632002,-3.2165855080971495,4.739330657183035,-0.9298255726647608,-0.2623861908813563,2.231553050755732,-0.7130307747434326,-0.35675252915266065,2.1636951143736236,4.0776926181675295,Normal,0
0.7056530611181253,-0.38881822419837686,0.7355254452102142,-0.040147507896435286,0.1250456027134994,-1.9838626015804772,0.3556652628679435,-1.168543087713885,-0.26522157299398447,0.5566421501492376,-1.5511349013736393,-0.20469809433124975,3.250793016276508,-0.9783419323035398,-2.013264490192867,-1.02508778360769,-0.7573488256623455,-0.23213479857668998,1.570751681287918,-2.4835229287286893,Shellcode,1
-2.0835669537385564,0.38187358936161064,-2.8380308636965843,-0.9399822418647323,-3.674072889262485,2.8413585912156702,0.26319037553781377,-2.524639707629457,-1.5503105856192012,0.419299676016072,0.3572945583682187,2.862422234170964,-13.843866713865252,0.7767644692483656,4.052644021638975,-2.8164857212622003,2.9636646042816515,-2.367032684118776,-3.3099703243777725,7.9495137150420465,Worms,1
-0.8017769162931451,-0.3010391405316888,-3.4813507396586427,-2.386425539870541,0.40295746721700043,-0.6329119155056326,-0.2829110131711602,0.6005918750029353,-1.562325869192201,2.687737681151849,-0.9219880363264148,-0.945656523878968,-0.2247976450972936,-2.2276461225073305,0.457920430726547,1.196317972295224,-2.68885498863684,-1.2832516215982426,0.2543829789326161,-3.5098784107614907,Normal,0
-4.5461527095664085,-1.7061892478379348,-6.0875641689765025,2.7513099668590755,0.6310285990668016,-4.424189578009116,-0.14691921816865383,-0.5134975141096348,-0.5917974648158657,-0.5184707771466852,-1.679484458356459,2.58639297415686,-12.63407693231671,0.216094866352704,3.6757441438365457,2.8480611674028893,2.565700782821779,-0.5661469398585538,-0.34234063601743125,-0.14870727317955756,Normal,0
-0.14618434109912615,0.016052524445670846,-2.883184198645557,1.3859723457885502,-0.2588674860311899,-2.6661488933692477,-5.082593470502156,0.09108484815753215,1.2352297779931256,-2.0217333538805784,-0.7206666241293449,2.2889388784409617,-9.659683610676817,-1.4510913607849394,4.027197230172032,2.245129341825889,3.575925449442137,-0.8945698475865421,1.518420679729589,-0.4793571961456076,Normal,0
0.4055928048052144,-0.3395554223622348,-3.0341318673184206,-2.037825393694195,1.234378908660061,-0.9978336282955556,4.458336539859905,-2.294952962364299,-0.539836330936383,1.867028041124268,1.6770126838649397,-1.3990999568850868,4.553397405594508,1.1875894738309067,-4.516707584644871,1.5328499808576135,-1.1204133284538595,-0.27466013095650416,2.0419296181443523,-3.977647970804089,Normal,0
0.6919397712794062,0.3116317461026883,1.0486248716364817,3.106109374918281,0.8103044486786439,-1.1303981117926418,-6.923378932824808,-0.3326711241132281,-0.22897866919380577,-5.022021872967246,-0.3117977833928547,3.804797383688411,-8.60192670292298,0.7975201115267103,5.535065699539089,2.2722712871834423,1.7497388663631623,0.10543112294902098,-1.727445868044563,-0.16016681580637038,Normal,0
-0.663710457157503,2.5710407042264096,-7.1387423000709695,-2.185295576183278,-1.668014668123992,-0.806938253223549,-0.5244353906148578,-1.975773194151626,1.1224812759745062,5.572455290351527,1.980289033690717,1.5463727401620155,-2.618220165886254,-1.0600331945736106,-2.2219121893514435,0.4140562496992535,-0.7310003916363124,0.8289866125010245,1.234475606943629,-6.673608428295148,Normal,0
-0.747274690020018,-0.9877429813392089,-5.042439565055259,-0.6365755358037262,2.9573447964577584,-0.8676582946920584,3.7998777861108235,0.2377099461419565,-0.7665912734450884,3.07159880233635,-0.2544427915317947,-1.3858312606043022,6.263130526614909,-0.11343649661990776,-1.8779314983059248,1.4578761706662853,-1.8918496445620294,0.5288920961330046,2.081002527120714,-2.837440253859047,Normal,0
2.6318083656703983,-3.5915081184070856,-6.030347145674502,0.8958635952548992,-3.593505527812696,0.28290636280134596,-3.5534256053082056,-0.41107199647835246,-0.4602363372270672,-0.0015238978022387162,1.9184677665297645,3.0513560371782646,-4.612421765276307,0.12832608405840165,2.6756355885753305,-0.20825559971852892,1.9128125338017667,-0.4812822223818036,2.9837801528296004,-1.034594015893497,Fuzzers,1
0.5362183118005477,1.3374917156297172,1.1364412400736024,1.1423521074802925,-0.6249646646654976,-3.1826990449044423,-0.20425035314860915,-4.322314343200359,0.029491194598528805,-0.331150881378938,1.5583607791381355,-1.0119341498373098,-2.0320943175446256,0.712036459360953,-1.5344605076433036,2.1188844162960963,-0.3268100311645332,-1.3782187035199713,0.8417282934281363,-4.011373416179204,Normal,0
2.5313112603964023,-3.9765991641332636,-2.4842309751477942,2.004846262547133,-0.10990950874033034,1.865234191656505,1.411069224819591,1.7748873220246142,-0.5933995685820381,-0.7652162667564089,0.38863606406226525,1.2912618330992107,7.139588437723388,-0.12764006947894457,-0.4813213544050696,-1.9297264296544814,1.8349444132871375,-0.9800285772120445,3.400769137497743,2.747233236503879,Worms,1
-1.5419648206025243,0.07604990231312225,0.43881413645984657,0.8077588031628794,-5.597596947861972,0.8102204169537899,2.818529828775302,-0.8173442265719595,-1.576397712709427,1.0670884847903186,0.6717108651021763,1.6244301225477025,-10.782047670658162,-1.634546121008871,-1.5050674428197421,-0.7718763682428391,3.788362306784202,0.8132003852843899,-3.3900801762402675,1.700573174058802,Normal,0
-2.538441340886602,2.6345831142272456,-13.250901621737333,-0.14886029455827998,1.6461230774665963,2.879463303256899,-0.3723932690801812,-3.6009465516665657,-0.2856235405223195,2.143645230100593,-0.42670419347843885,2.9206696945555537,-0.6131603764014977,2.5011688279318114,0.9273373360643107,2.1829147621837945,-0.5999828076237462,-0.5259367197893287,3.1229278904440405,-0.12878279958276995,Normal,0
-3.5692391489601563,0.46045474756464866,-10.444839192132012,2.644680204160154,2.469149137876304,-3.0737072331153623,-4.549704402231566,0.5862987892748468,-0.19194715543278487,-0.5852688903394004,0.7187512431068305,4.3979163561100725,-3.322627339759464,1.3410338589611683,1.219917445816988,5.346439766208758,-0.6493133001876896,-0.6663329518217799,2.7865637415709044,-8.151874029582451,Normal,0
0.7238089557642351,2.7469966789988844,10.67079999359231,2.7629731014036434,-3.0116503558716623,-1.02305730925682,-8.267776722528906,0.15421947583872608,1.5478560687920102,-3.0892417705623623,0.6955004804472307,-1.6435074240868213,-5.397246618939175,1.2586184290625015,5.61658499805082,-2.0543866338120655,-0.30882836694200466,1.6607470181586967,-2.322303329943658,3.8131366799611084,Normal,0
-0.834590390111563,-1.3435077391087422,3.887471777173478,0.404414411549594,-1.9410933349942863,0.8554674486868378,0.019369677762281545,0.44369239205043853,1.8588559982040431,-3.736778954376495,-1.8372639073682737,1.0652342846137834,-3.2842274211594,0.6468815545208564,0.019744957187792123,-1.6499601937437303,1.483637184734579,0.17572471303499634,-1.5037265310866221,4.1149824360623946,Generic,1
2.2249181655136065,0.12248782638941713,2.9896150776801402,-0.0723257291155377,-7.4169580706014155,-0.4859041217898611,0.8855584660239533,-3.496623391336549,1.1653018662957284,-0.02860242601707519,-0.5295275414536538,1.7481554790992582,-12.74934763149075,1.6638880724084701,-2.685872358979104,-0.03679965624748527,4.482109857701737,0.284482462996506,-2.857200297018088,-2.0718617194825306,Normal,0
0.8168318702370314,-3.5853098592647523,1.5768998839756168,-2.88637809030297,-1.7674572099077648,-2.273357608882208,1.453981627874011,-1.498920590834592,-0.015194776796849207,0.2235238201945393,1.8140712001120263,-0.253330090008717,-12.687755797795194,-0.5930063509160227,3.8842139171379073,-1.515756014003301,1.8423656963641344,0.5383016924465778,-2.9508014976266495,3.537452449118391,Fuzzers,1
-1.3978335960538746,0.2616658159573707,-0.33550904018521566,-1.0232749677698703,-1.0389747906299887,0.5060733160170782,3.9073376157306883,-2.476242427266991,0.7437563980333113,1.4341634117378672,-0.9328845213094638,-1.1476253641070377,-5.5660153585195875,-1.5260337530738342,0.7213755457209667,-1.501673194562326,1.6857720029043426,0.428741095057484,-1.3750330200697012,5.59307518096411,Exploits,1
-0.35565728708442046,-1.2930700520422236,0.969815698941828,-1.192909236117487,-1.3837051747820963,-0.4097610381279122,1.7660416548620996,0.156385320476623,-0.9160355644463679,4.037303660789046,2.257656890388458,-4.078366581697237,4.901701218868254,0.27185737922293396,-0.1715623280165417,-1.3488713540015675,-4.912588239798463,-1.1097220699849228,-0.016555703024515145,-1.3280594695392791,Normal,0
-1.0231746338143273,3.9940874032180034,-3.4957454692734626,-6.292007686311638,-4.176971200215656,1.6347697145013007,-4.044388454163557,-4.960995343225412,-0.5459219323030147,0.15700450240182473,-1.404541383995037,-0.6447790639919475,-7.8464644088554705,0.04312676211368586,-0.4381701462523371,0.29350349870869785,-1.2357672187360178,-1.8625886532292635,2.0545994072172267,-0.4138865354149326,Normal,0
-3.6570421456268494,0.4244127688586665,-4.172221996624401,-0.37776767637003505,-0.6003957910189245,2.4207663984680656,6.880267602814553,-4.112093243635815,-0.9661703877896614,2.2540420598771953,-0.3071195781752972,-1.0492827374048646,-8.792659217817516,0.23633300981270786,2.52551917958323,-1.2951316611840369,2.237476592946012,-0.34842708534788586,-2.3761595381873963,10.506857247888254,Reconnaissance,1
-0.49931279097084424,1.14106556050103,-6.077797482056169,1.772175475555323,-1.840337440678407,-3.505241358754865,-0.6507684686445976,-2.1669134414812428,2.4048047752660398,2.7447847217254777,-0.4842807298384692,1.221466049159309,-5.193925784144007,-0.3148740686730598,-2.1614863706349854,4.467118852014853,1.0456076586608598,-0.9759437437451787,1.7558897602860903,-9.048494728123746,Normal,0
1.387723471057595,3.390780541957677,-0.010923418935717577,-0.18272544450566763,2.3852777911314877,-2.234363291599541,-1.6596094997714594,-2.1561241581015542,-0.4454161283697726,-0.9948769281071161,-0.018775150674940892,-1.0353687344099336,2.499878884338946,0.69588402210372,-2.1951573511885796,2.881606046206331,1.3995206824536757,-1.4382485125368092,3.3981688284702303,-3.629574812901618,Normal,0
-3.558974277786136,6.201723298393878,1.912040229419759,0.26651710558820163,-0.5341973161301667,3.2177858925533505,-0.8960457719216754,-3.6583042441832387,1.0211384028132737,-1.040712916422811,0.964183434571187,-1.302322368325442,2.49114358404536,0.1358914143138872,-0.4715137709915902,-3.234799835627446,-0.44337795155596593,2.3803261335103882,1.1470598032314627,8.154279926793997,Fuzzers,1
3.1479392776166133,-5.966390236823589,-4.675292628797592,-1.5426626029040484,-1.3533747663216793,-0.33669150554792915,3.46747360413616,-0.1572579835498964,-1.0146707842916458,1.095509054450666,-0.09753395376879928,1.1554771402520538,-6.3815369651229625,-1.5724895241473331,1.898402054525541,-0.36188516629126233,3.785969178629908,-1.8754552388064587,0.7552020991399585,2.1931240988302902,Analysis,1
-1.58220935098305,-0.49695942235010016,-3.22390825635016,1.1995241741514506,0.3662193616489309,-1.5923259142933046,-0.9441352620595159,-1.9769157343756103,1.7951827631260182,-2.267179309467526,0.4399152112491272,3.699601528789298,-9.129037312873056,1.088183568933797,1.3673675463249586,2.789811270205876,1.1486449914965382,-0.3159785219134629,-1.9387141150468143,-2.3975322944490864,Normal,0
-1.8193755870161818,2.200759250003577,4.290763051243938,0.9612440946668633,-3.1559554664521654,1.3330289918086198,1.6747200324930551,-1.937189911582176,-0.4688053252108123,-0.6240199340152701,-0.3586146001587534,1.3144253946060764,-10.414154675222253,-1.2363834595359044,0.18958842535230103,-0.6706388728999804,1.9657548879215474,-0.3843931909668498,-6.127686114263047,3.102610294607536,Normal,0
4.801387969942663,-3.044466187785064,4.876295261179371,1.9695944002542831,-1.4537103713373973,-3.419064916529752,0.9009754461784714,3.335254565278708,-1.4484174747755116,2.944107104547575,-0.503893690431518,-2.926932561668081,5.638294934398681,-0.1809742644981515,-1.4294523589009378,-1.1893283740470522,1.9154862028197965,2.170254862976325,2.0590747969428094,-3.3595044208975295,Exploits,1
-0.9924561124292408,-0.22487435828586588,5.550586263797383,0.6958722897820525,-5.217196156210845,-4.500368761474114,1.5151331517805002,-4.2991599616380585,-0.3195766085961834,-0.49689241586289523,-1.3571274196708971,-1.9918133486632268,-12.906016094141796,-0.07787405267969207,0.13743773664830994,-1.6144670336168319,3.8005619982100214,-0.7565532540471878,-0.9250052373496755,3.4881791824025816,Normal,0
-1.2395490906329674,2.2749706282740934,-6.581735979571616,-3.3823989919645854,0.3450935762663766,1.4683042393491892,0.7991087313356916,-0.5705058248834332,-0.405151874802948,3.051657355578994,0.36026499762700365,0.16596977685602354,-4.820648880356271,1.3985807959181764,0.013165265657221203,2.5471941060996386,0.3097510675756765,0.3398500543522677,-0.2458099299416907,-1.7099675744251197,Normal,0
0.6592821487001888,3.016209657175719,0.8627888498528163,-1.1212844519283482,-5.4127993347086845,3.5217381054566665,-0.9380038269803737,0.18793714434328623,-0.45631683001923196,0.9923720801437548,-3.083464793168555,2.1813746969935717,-8.492404444742125,-1.4762779164322268,-2.0277612044298987,0.9381455820186513,2.3731333791999383,0.5305862065927699,-4.186397380399052,-2.3089384806440147,Normal,0
-1.79562526865455,-0.3781614205985746,-3.741705529573859,-1.2318487585097335,-1.2960786859649587,2.0004036497386384,0.38565598972988535,-1.3396859527099112,-1.417710494192718,2.040093858810337,0.40054017860904645,0.18449873634986802,-2.1630200746349786,0.7294185467742927,1.4588679767893096,0.3815044949902503,-4.045277943243322,0.6786152455503763,-2.155584225179064,-0.9062564550708088,Normal,0
1.4486135175487167,-0.1242043571632454,7.342050114804479,3.935248416743565,-0.378698774062717,1.2576021756046467,2.311072398313362,-3.2141947900833854,-0.049923946869495056,-4.183308545343552,1.448754116136872,0.3644677284768213,-4.555030944137233,0.3391816709708394,1.6300978958171437,0.0924559215301115,2.109795050214845,0.6527431539021201,-5.002245251795406,5.5895713065113055,Normal,0
-2.0983688828677245,1.5281015679091492,-4.862738301710006,-1.7436864611881147,-2.747598993845296,-0.22410548544353626,2.761754258181894,-2.334836994934143,-0.04085233955940816,1.3148105817952493,1.1760790596352249,1.5853941761732395,-5.526852428653328,-0.11772948986164354,-5.027462471978324,2.2209448555216627,1.6601126822879584,-0.44579271549194277,0.2896211074220649,-4.437140260671187,Normal,0
-1.999110786606103,-3.272588476850837,-4.250474446873563,-0.19851337109446954,-0.19201221918418065,-1.0940185783841585,7.115248631009854,-1.7891714281370992,-0.20624409497419843,3.1944322285479356,0.7494795235012255,-1.696100486959088,7.894206879763103,-0.5122335084433345,-5.682051132347245,1.2625088844017696,-5.2768895623233245,-1.3105125647186946,0.8454801878959707,-6.203304189767399,Normal,0
-1.146605075131268,4.2101451716517575,-1.809479934304401,-1.4642416553994764,-1.012393796904668,1.7872442188736675,-4.537957588335844,-2.070430840117929,-0.6882614475232963,-0.640217228603132,0.7800120015428897,0.595765912081673,-6.298181350921943,0.5920777214487154,2.3288404256108266,1.7187936545389448,-0.48520227968395235,-0.011891411161768305,-0.6903838335465338,0.23289699073149261,Normal,0
-1.6932168298202948,1.3462248926864868,2.6408218348678183,0.3990320608673873,-2.0701036614054265,-0.8471004123240854,-3.259292899240551,-1.0956652450485682,0.9821126297311122,-2.8395134887154834,-1.1784716159185302,1.339556885718136,-6.813918181211393,0.7910709861135836,1.3159233005230435,-1.1989343934766206,1.5155328103266352,-0.14576844551003781,-0.5949508179668589,2.5237360837211695,Normal,0
-4.076690264843405,-1.1915145375930472,-10.47788741747835,2.1575583201994375,2.9671069653565567,2.945556854973231,12.43170453372008,-1.2356476917417936,-0.4807556850236828,5.368820364354962,-1.0039231502429298,-0.7177488423695755,10.48580517312145,1.316863389509753,-5.853825036308119,2.3273126520979033,-2.4739448026986466,0.8708887535465665,0.3867704585263967,-0.9401126106606617,Normal,0
0.6188497508730588,2.3239166592560876,2.5122146713546742,-0.027526436603989568,-2.1687952741151157,-2.453059514449332,-1.3969624143251145,-2.3731710914155384,-0.9028441590357865,0.665945752240436,-1.8127877243469486,-2.4350361208004254,-5.9455454197778925,1.4531154862872384,0.17053901578687847,1.8801976512563827,1.3138291544825131,-0.12430481128872417,0.1920811056849805,-1.6567094589592513,Normal,0
1.3608295976083582,2.438742642726524,1.9992268571197949,2.555098979609244,0.13838260977000383,1.6427040003991262,-2.124083770752724,-1.6038374770511825,-0.06796238616481728,-3.1699616627267644,0.4364086675380921,1.2284403828329329,0.1328715432455514,0.18545943811694546,-0.5738020434065083,3.2169074952263674,0.18908045199705947,0.28242052056637684,-1.4768705689495212,-2.2702568631447315,Backdoor,1
-1.5532555067452087,-0.31548215122406864,-12.355953519878051,-0.7027808663579611,2.654812613571476,2.15368795558624,6.749188777118702,-4.6627315835059635,-0.12285566158593705,3.0437509003835,0.8116248595640048,0.3468320480075868,3.485757415715535,-0.2205555959641318,-2.534832214136922,3.4631829356039434,-1.4725708820341479,0.9316074949748296,2.522100182334372,-1.3311828229926876,Normal,0
1.2914820572256898,1.2771888134867524,-0.45365681029266713,-1.6792096296322714,2.486056136807303,-2.538305636387066,-0.3156726587798143,-0.30181131487845725,1.157321897908742,0.7261635183760771,-1.9496103915437153,-0.9400474532538117,3.8124097309973664,-1.786399087503442,-2.395863207534953,1.2449926959338136,0.21119564586560324,-0.03251684239197869,2.7582230081854218,-4.324718989286444,Normal,0
1.9950555228523483,-0.5262275069282999,-8.262374912061933,3.217763035087346,-0.4465505383684978,4.7582619898912935,-6.913075112967151,2.5022701321454184,-0.22845734308866938,-1.6295590442064245,-0.15925230681381658,5.2719248078364265,5.777224701200728,-0.376466527081863,2.370763211613901,0.7440528350090969,0.034965328812773366,0.22038281974204063,3.9200149322820157,-1.6014078544153398,DoS,1
-2.1428172297668198,2.4139911941071066,4.86137287660346,-3.3534880767275164,-4.0220249084201,1.9986415488257343,1.2117861999378852,-0.9511420335503734,1.2772621273506148,1.0465224601583918,-1.0417033354840541,-3.2235621858387677,-11.587088085757468,-0.2429427766523051,3.2497209443065618,-3.8475789729459335,3.0055723714100835,-0.03603877499436187,-3.0626368956733296,11.446580681300919,Backdoor,1
-1.7433087964282763,1.2064736419482363,-1.2513652716405217,4.741931663463657,0.08429235270557323,-0.6521925819830048,-3.8640273353984327,0.12842472841823294,0.11362736123754591,-1.2421939387875622,-0.5826431185221749,3.334119215649838,-3.8157570942833843,-1.3016907276335221,2.4485590459518463,2.3346855864571556,-0.8001629730565609,-0.6111050820544977,-2.351913305638259,-3.437193316774965,Normal,0
3.680204004980418,-1.5901008140217092,3.9625553632120893,-1.0554234490690644,-2.2037745012454018,1.8320256725729271,-5.982954019727013,0.7150504716862397,-2.9010706290439163,-1.9869881776819014,-0.3340981759418081,-0.06275881671129668,-2.8175744839190395,-0.12655384335933345,5.246749333601054,-1.192845147329792,-1.7679679372793817,-1.0782245441907738,-1.6400510098663852,1.4671959922490028,Backdoor,1
0.10944231826205253,2.7690090111224714,5.635583538304308,1.1517129709019613,0.8115501663628262,-0.6346264544148326,-12.10336043549097,1.690550514454444,-1.1950183469888551,-5.7051975951751235,2.833580429456599,1.4710155031388779,-6.785877232413979,-0.7749325381750329,8.313574110392016,-0.3026543691725414,0.07471548590346289,-0.6058085741543605,-0.8977781755008165,3.3962977081645365,Normal,0
-3.426248573300002,1.6056122891474207,-1.6725949192210452,-0.6115205531760373,-1.4117968018838138,-3.5045479620221975,-0.7999653590640721,-2.4752176539524893,0.06647298793083903,0.005300635976948742,-0.6925639658695976,0.7229913134433349,-10.640632072337258,-0.00010277460339985703,0.2833144082526585,1.1540388196435905,1.4902031492106032,1.2326359719167155,-0.27272930851713917,-1.124067327579319,Normal,0
-2.841825271347324,1.5139966875692419,-4.838102478677076,1.5480068672259506,-0.10620345538687426,-3.2503807290159203,-7.5266434695422735,1.2007638011056851,0.46543309008077954,-1.4890174297581324,0.6654187002964168,3.2346973660735374,-9.214303784401832,0.7900325675403224,3.899421528152863,2.503225724375201,1.7289716016363783,-0.8447591476159557,1.9551656983351204,-3.037708997906124,Normal,0
-1.6723008828285175,1.802376631142585,-3.7315743134236428,-2.4101175163841413,-3.0508639521787857,2.471577274736479,-3.2800740588809845,1.605719704522428,-0.594345708009482,1.6797448076320363,2.026988756200049,0.789015465890146,-7.376802834912401,-0.03882772723444496,2.3086917103821127,0.34520658682478533,0.40539978199233506,1.7511835130121287,-0.8035203257246324,0.7650759472084103,Generic,1
-3.410249907030929,5.418249048929221,-5.046017034024538,0.6431994225665982,-3.9391244574141187,-0.21421461604985303,-6.699752764570147,-3.7769334097301943,0.19392775587428454,0.7973085690202508,0.38583571438791964,4.228262398873266,-7.518359370946198,-0.4767324706503288,-0.8956024266997293,1.6542877166873633,-2.2703111461801035,-1.239229843952728,-0.3546887509462038,-7.599760550019397,Normal,0
-3.7579790390580365,2.632331515831954,2.467420420053265,-0.7927790370322393,-0.7985003459005844,2.0869809689525836,-2.306090266115761,0.08768711797425799,0.6185239710746582,-3.3799789670367,-0.24943827309476763,1.9298145026944313,-1.997300415936153,0.6522914486348891,-0.93405738713724,-0.4220213426080637,-2.177089018852155,-0.6051049235994194,-2.896406471464962,0.6424408239901958,Normal,0
-1.7515498995584522,-0.29486502768127876,-6.261255020725749,1.9154304310776467,2.922463118098319,0.08857388377099396,3.075550534979819,-2.261569994489317,-0.16379382902566175,-1.6571408817374411,-0.5214465283925217,3.875251356401991,-6.711554670928441,1.73818111507634,-0.11740809093244353,5.936497522279476,0.8861107869284466,1.0670313567909973,-3.3405842295132944,-3.8244449403806087,Normal,0
1.5791986430498062,2.1052569291295375,1.3330134622729304,-5.813139197451247,-0.2596941715822645,-0.07193712888479098,-1.1897871760984178,-2.2067411238008923,0.9665398092365121,-1.502069661142154,1.568159398136567,-2.4743638854846584,-3.4268897444929785,-0.16309383857185028,-1.269440248619985,1.758269303232452,0.6990732043168775,-0.7510296034113052,1.5582900811280145,-0.4168278197560137,Normal,0
0.7858855326344223,0.2096662602856716,11.40612948580507,-0.06540055068273842,-3.9155069403873766,-1.661419837222717,2.523953767921736,-3.8919007253955766,1.1603678217171407,0.09839760580474177,-1.5747273583726038,-3.6488921762849205,-6.573652857378997,-1.0520842672347341,1.5395396065043874,-5.960888188382059,1.735800784343586,-0.3702335944758602,-3.323058152331812,8.994535235520285,Analysis,1
1.3962201174327424,-1.339614162824945,2.402614691685497,4.761934494125822,-0.6056276626029207,1.4259427934793636,1.3672478804197732,2.6295399897806084,-0.16647442215772632,-1.173017002956584,1.114791504961478,-0.29708502699918915,10.45131886245782,-1.0169124016784734,-2.241919435588872,-2.4867988893373383,2.5727984838628144,-1.610151165988709,3.351828050602179,3.8036050952913163,Analysis,1
-3.7816023420989966,1.0433048119597612,-5.0575942618386955,1.65013058940814,-1.2111901737037942,1.0795727606712349,-0.8686832806933922,1.4361876790938002,0.14875008718415586,-0.4833879606492646,0.12443369604736028,3.312941158526706,-0.16319717031435532,0.3501772153138715,-1.0936224898402052,-2.6079594093011753,3.2955000979207867,-1.4123630905147786,3.37508814531254,3.9959807235944966,Backdoor,1
2.1362924401413523,-1.8424794827215396,-1.487497281858767,3.7804343712796524,-0.09531834155061336,-2.301005375706991,-6.147976865041023,-0.9100641586940019,0.02365751219032361,-4.602427516583588,-1.1352191246785146,4.005748971043059,-5.050249125823903,-0.7864838042565948,3.379410296675913,2.4135286207128006,2.1385021395576564,0.3578254156223773,1.6490650209154398,-2.8412099160522555,Normal,0
1.8966377897118263,0.4441466140198993,0.8816562272689938,3.0073079964237532,-4.436804722984379,3.629072318380718,-9.879469347544479,2.1840376018890657,-0.38600522258115055,-2.951325404330688,-1.7285837757809521,1.512616879174437,0.9472949720614386,-1.5206935588047945,4.86329775364084,-1.8595943466624592,-0.05202059860404207,-0.8592192763599443,2.631842102330351,3.2058245726442114,Worms,1
-1.082073079608679,0.583793191081911,-2.804444090913763,0.15551759353117833,-1.6301707387313211,0.8476114809738676,-0.8660513959831353,-1.0076571101530356,2.540992132763023,2.2006711418757634,0.32923713886584877,-0.03978482522799909,-1.8056119578960317,-0.6349324900294716,1.390483773670068,-0.07329811702912759,-1.9026332593104427,-1.531903132621566,-0.4286534055382477,-0.5238138596837815,Reconnaissance,1
-2.45400946335603,1.483038596504189,-5.333851517318628,0.011945048438106953,0.5848819577105755,0.9226993286459819,1.2567359855090452,-0.548734718770605,2.131763959240565,2.783210159275778,1.6168947113489283,0.14422213071005063,0.9752274264173872,1.0638133957038243,-0.7061877526767611,1.6115191200452337,-2.138092370206426,0.8331599112859588,-0.06840174395664933,-2.361140327960842,Normal,0
-2.65634911401365,-2.7810925362283725,-5.994559537777911,1.2845488809557517,-1.0969078528007374,2.4235963374942004,3.3966910734651963,3.0079517414052606,0.3889420312172748,0.4447277048028102,0.324320080746912,3.1360208819144884,3.2928147660392733,0.09620904152697465,-1.4884742246957954,-5.074538645629815,4.4067448849911255,1.9852692047655414,3.901956885657315,7.8716010384374036,Shellcode,1
0.7874312496340306,1.0939822686588212,10.022371551839607,-0.518416961846444,1.345003864003989,-1.3197423021039238,-1.510586551702317,0.8003195767005296,0.2461924382181747,-4.257722688519603,1.6431862702990703,-3.841825404769953,3.9222186434125286,0.695722046870165,-0.7288114842747884,0.758758595982091,-1.475052574408995,-0.7068547044893564,-0.6728566591405389,0.7065784651498993,Normal,0
-0.8140624562384056,4.301440183774823,-1.4490697965440642,-3.7367633586532003,-0.22657312260637763,1.489290596802503,-2.626160538698501,-2.5794659544934646,0.7886845446289292,-2.285678635274907,-1.9795770714391225,-1.0348241381143681,-0.6487928952655891,-0.4740498833600123,-1.7361983460445067,1.1228044152488073,0.9060887998375735,-0.12504554572252996,3.627408932672618,1.5733807084615674,Normal,0
3.115637760036017,-3.383607893366097,3.6611632329819583,-1.7817281899151727,-1.888531908169539,-1.4138406870339337,1.7319420503338625,-1.874818785064442,2.6187288208686534,-1.5581134356070265,-0.2643833598497234,1.342143932583479,-10.64308174585032,2.193314956887976,2.5069355576800247,-3.7987949054874655,5.639478261144361,-0.5874428017008799,-1.6023313989525514,6.676397750739579,Worms,1
-1.6363255844416418,3.757061967545289,1.0427226710432524,0.0945268993096069,-1.691959921126194,0.019743393065170034,-4.321679261036376,-0.7912765486684777,-1.4665115847458894,0.004596196856117674,0.02108763563267661,1.784959268292343,-6.488928047560619,-0.3567798292390546,0.8079642415597279,1.3911308015616681,-1.4724584359739108,0.9721870698180928,-3.3352436428710748,-4.019970747163555,Normal,0
-2.849371065051836,4.060362143057782,-10.29257993294759,0.5826359958727654,1.0593635676339554,4.767997934992792,5.8690992128402515,-5.393499185700474,2.233240529868228,3.164054121910091,0.339064981418829,-2.8623618369348716,0.21421650637045597,-0.6595276746347986,-0.4854870812712335,5.116332587305026,-0.28117349135181535,0.9877781108594927,1.5647786710811675,3.7888306114924646,Normal,0
-0.5382853183674328,3.4517570113421776,1.2598409851107104,1.9016623449436136,-3.236123762999105,-1.869201539480331,-6.107312249808771,-0.35524067886495714,0.20150574625135806,-0.4475746415235926,0.7906010971403166,-0.13556958717133694,-3.1252346202884493,0.3210211625454386,-0.23373379565149222,1.8901291055460014,0.20404929823844165,-0.7922986835699833,1.6350594989320797,-4.695962821480358,Normal,0
1.597695153035903,0.09823637830122611,2.185493569544799,3.822806566210197,0.8975772348710356,-1.5310495714580306,-6.66254233560443,-1.0033775179139883,1.2759279527788632,-4.322491376833414,-0.19261441375760072,2.522439826797744,-3.311374993693482,0.9008423549798501,4.350494358565604,2.1029216891973737,-0.4344636325195279,0.47522958150662986,-0.8772157703461916,-2.213056916791406,Normal,0
0.007895740312262145,0.2988866445194276,-1.022155776632885,1.6837214328193988,-0.8734090648639106,3.3503228180703837,-4.001689468692539,0.23158973859474297,-1.725509601035492,-5.053652565181794,-0.3121020917208219,2.676946915775321,-0.6672449483886527,-0.9494023626628587,1.64856651143504,0.6305364752459701,1.4079586758180496,0.4283986104600037,1.1598961091624451,3.4331219864716744,Shellcode,1
1.9020198766186769,-0.39087493814203933,1.7898989045562779,-3.6713078526374963,-2.884316029921472,-0.7473007513995851,-1.251068811107363,2.729602703784644,0.3323854280480934,2.8369824650200526,-1.2497946413408787,-0.5891824761767701,-5.142900177969021,-0.023859829400176967,-0.6475907159986591,0.5141897226147896,-0.01915643845769388,0.11454570079432515,-2.3853429189722823,-5.374097045882724,Worms,1
0.6898111148346922,1.327139338181106,2.7642226472694036,-1.1750032701208677,-2.594979599384329,0.8279639557784724,0.01570836518551605,-2.3472674898709194,-0.8424737935365935,-1.096749967321393,-0.8574579097060389,0.4863610254960886,-5.166746747836864,-1.2455974395363607,-1.243479013749012,-0.04901932234340123,0.9046771806962728,-0.23576473702535808,-2.171065780867332,-0.034112124605995775,Normal,0
-4.317111022564847,2.3109364923595708,0.8002174576670416,-0.4585304284133209,0.1380059406525036,3.505993833432069,1.8619080898752263,0.03925921052607251,0.2096392171497065,-1.1304839077058508,0.4748016173397684,-1.8464286612729817,6.615774303615553,-0.15767558463058026,-2.1319441852211165,-1.6372799814325565,-2.8224137938808296,-0.1783695923664053,0.46362489846215993,5.1577166765542595,Normal,0
1.0677284174017339,0.02763219046329768,2.4061826455364788,-2.2619584809315407,-1.5481408356017847,-0.9779062779015804,-1.0172167871665265,-0.8332822174797984,0.28461595346505564,1.2397998734132176,-0.164240132075162,-2.163441290753002,1.8175620044129248,0.04510434950974053,-1.0034432876839934,-0.8842460008983157,-2.706660694492739,-0.9662565999100112,0.5216190234301281,-2.6510365234976287,Normal,0
-1.2701706331269904,-0.24156338979410386,5.416821021806055,-1.7307842533175417,-0.6259105141171546,2.533712355332503,2.3200661769686435,0.2197376362818788,0.712191778000765,-2.207828429707999,-0.9667097215323089,-2.5559833254737665,7.868867286010655,1.806056873606912,-2.893047169415728,-3.150928543898474,-2.8335652594693257,-0.013618159746420274,0.04101876293515816,4.604606915954269,Normal,0
-3.024523113468163,3.928859158583797,-2.246332130972167,2.2602594721127143,2.6898401596707426,1.8792469282045619,2.168485305563113,-0.37931134088865637,0.4215629025033875,1.863605946932033,1.1746443679507879,-2.780051880477583,9.019123562331277,-0.5922806960357578,-1.1385966433326262,0.36102442905987664,-1.2439051552376599,1.05629850798837,2.514953550065266,3.4731050995750263,Normal,0
-0.8429867296350002,0.34710920964542513,-2.3893752188937265,1.93306189232059,-2.1310180028037142,-1.63853336617888,-1.8732259498238808,-1.2982666787934372,-0.08009339349343572,-1.705660381624244,-1.0782252255970555,1.9297615044019287,-4.0580747172060905,-0.7123470522541273,-1.3193136434809656,1.755537759240832,2.2927671003674117,1.6812481390614995,2.179602912941796,-2.5157821297366927,Normal,0
0.42486777055304503,2.6486362413093025,1.3990920256517476,2.5837955034007583,1.5575568008686327,-0.9866154326570249,-2.867397830654609,-1.7104903557161955,-1.3823189752667306,-0.2266964507629956,-0.13480661196223848,-0.7754485918112719,1.5786627403315068,1.9679694467992683,1.0067857619809994,3.7442953444068277,-3.296512257170521,0.5816127512590803,-1.4686588439962753,-5.466296999220433,Normal,0
-4.687537737003455,-1.775298702162278,-7.711944294230566,-1.8508581258872447,-0.15717064471780517,-0.8449107207655948,0.491731311846896,-0.6800512760124864,0.8125946977485725,-2.5691419997244624,-0.023764587902756967,5.603076820202259,-12.156761712961554,0.4091498449150525,0.29221674593995484,1.1742040168995547,2.3897209140794438,-0.7916663054303638,-0.7878386158795005,0.14697986271393626,Normal,0
-4.363015469226632,0.31451692003251575,1.7722997024796232,0.997145386382112,-2.1816963007153563,-2.4198075126640766,-4.345919434230808,0.5933924695386754,-0.05252510169935318,-3.138009506734229,-0.6265133315848681,2.20972621348704,-15.134801343403119,-0.9841727817125441,5.524352970553512,-2.1499269189005927,3.733436258048862,-1.1286930007626592,-1.5808046163960396,6.91413704177997,Normal,0
-2.7841964177816134,0.2985033426187472,-3.402380075134704,2.023725836150818,1.7959200744512924,-1.77567094881959,-3.6116588317402716,0.048004040485452926,0.4259152425620742,-1.9758674076224056,0.06494838388705174,3.295851834795659,-8.808166482585163,1.2353666004596373,4.259597238675028,3.3452422974572986,-0.23345967681741464,-0.2601444187390589,-2.332263973292354,-2.1931944888709927,Reconnaissance,1
0.9712694908257316,2.3740347857470017,5.416374826018201,-3.4674423295356935,-3.0401246412754084,1.794001327163678,-1.9441872320772002,1.6964146398179145,-1.2887985140710847,0.903425007440422,1.3984964328033258,-2.121893030214808,-4.438867988865749,1.1078890615553008,1.2745700897160255,-3.261817449928769,2.273716978685764,0.03542734258159989,-1.2197750105783467,5.294452547035146,Analysis,1
-1.1683985976032958,0.5209401336144087,2.6797027881337763,-3.026359007967556,-3.8234953410995645,1.3814832165704878,3.8977845592171296,-0.9284945181874212,1.9490980756880327,2.593345379662961,0.060975503226572435,-2.066416414821264,-12.600683599367228,1.5730917201401613,1.8735932186725177,-1.834019776782313,2.67737669062302,1.5015948984991134,-4.880908444247286,6.695301315054304,Backdoor,1
-2.295547123113603,0.11505692132276368,-4.3891511301163,-0.7921617074714908,-2.681119943666104,-4.160278445289022,-2.2330451376697176,-1.6503326372499427,-1.8459744547432604,0.17681333349805284,-1.1470043661317995,2.6526824288099577,-16.612909155493977,-1.0461440007576739,1.7074284182621686,2.246130830701462,3.7713884851423316,-1.040610679884507,-0.2685214697136682,-2.7847104398092144,Normal,0
-1.902684921537884,-0.04763159756283275,-8.047299897551719,-4.037643445754929,1.8102720487576462,1.5224986099588698,2.997175494016804,-1.6586845087213797,-0.7491585255903087,1.0658001391026621,0.27662129151658,0.225955212649261,-0.6031696438649892,0.624056731915687,-1.4566181134756664,2.4158405009212824,-1.2604828665121526,-1.232520250191225,1.3771152021133823,-1.000810816806504,Normal,0
-0.8657064127094912,5.196577747963898,2.0377229636543763,-1.0305670138197045,-2.2563244709299193,-1.5012916951189814,-10.619886060496938,1.0629824424570122,1.3383685495365274,0.3068348282017688,-2.528715764293775,-0.13737332286963433,-4.060529066267683,0.105162305693403,2.53319892575496,1.1040645293043503,-2.7719470753610596,-0.5212665973235866,0.29585603695129126,-5.939744252140036,Normal,0
-2.4019296867382653,0.8432292985087205,-3.652169987347196,1.2286610414177714,1.3646138920175481,-0.8465594496144414,5.494662607686134,-3.538421388722396,-0.07548235316110327,-0.5947619070645462,1.0125206348103097,0.5143995369821022,-6.289968381837337,0.9542352819851656,-2.349773055668054,5.626475569913226,1.306755268718689,0.17191790926597708,-2.4309089921349667,-2.559315514154094,Normal,0
-2.042631624157406,-0.47558340757290685,-4.823906255952788,4.699912122560865,0.9818459782216182,-1.8737611634436708,-2.1014458014254718,0.44605299819697586,1.2581668124839103,-1.3828699517248602,0.8658490355174857,1.7744145483618108,0.09568803289681949,-0.10137731134975811,0.9977420109008526,3.3354912071256297,0.39933014436329217,0.7827480712298537,2.467066595507332,-2.852490112046166,Normal,0
-1.2295105185110833,1.608149929697431,7.047809927262051,2.516055323445385,-1.4981034248747105,1.846933781320393,-2.370341588557675,2.1456747215417833,1.0120309622323458,-3.8372932854486397,-0.5433937298246726,0.12605655109254776,7.822240063468941,-0.4530004526783817,-2.271321624414052,-3.940490141295361,0.03340074850897068,0.7506385840969886,1.1137686188218854,4.2894416614565705,Exploits,1
2.3805181916366234,-3.501701023513944,-2.15912006353133,-1.2516337205559367,3.5380517171879946,-1.5509964737455424,2.4640205625734537,-0.7777513345856195,-0.4074209264619019,1.7718322630753134,1.555851780056523,-0.140931226701835,-4.099045057873784,-1.4032273305335585,4.909709445528354,-0.2144252435684535,0.7833326441587956,0.02012341559603166,-1.495172691958138,2.586047250545428,Fuzzers,1
1.6475729191316733,-3.7748124757194352,-2.5939204844037325,-2.7111694698225732,-4.017133094872166,1.7489379226408943,2.743235478715863,0.38912186060348986,-0.44845009096976335,2.4120801185374168,-0.5340751993472042,1.1112465074974924,-16.730688282801182,0.157451526837732,5.363947882175982,-1.8943197011381323,5.626142037555892,0.9944720132749436,-3.688058449416349,7.5681897755862675,Backdoor,1
7.779223282917347,-5.92074534657602,-0.6861669872401999,-3.316768852553711,-2.2081821716551815,-1.0755375358519008,-4.109661224771846,-2.193701318398194,-0.593953518687165,-1.6635939627377412,-0.6336947713752229,0.7907123146388296,-11.971055124703891,-0.5756743521038501,5.922235383532854,4.250112916216565,-0.6359529095845806,-0.8744078870912738,-2.445131830916095,-5.780299182717867,Analysis,1
-0.10128073969083884,0.47585235147188054,1.0455447417963386,-2.3942434346090846,-1.4389638155750144,-1.0635581310207192,0.04972533582583078,-2.0672593665344907,-0.23689485262799195,0.6839324814104091,0.28441841139848745,-1.4537433377177718,3.8270941385467996,-1.0455333833695564,-3.430044475417894,-1.21843592240575,-2.8507421816109053,0.9273120345269271,1.8661567837323272,-3.148215438648389,Normal,0
-1.4260504969909806,4.676169372170682,-0.5861189021768047,0.5525382815934468,-1.5488850782571164,2.4395701330042363,-5.693600472737197,2.523815328434992,0.6277260531400652,0.4881701617690777,-0.6237930920425293,2.238429921938933,-5.284993940656794,0.5602642163576891,1.9804065383704157,1.3353499328263088,0.5978934827818514,0.47088781575401856,-2.529411309059197,-1.6482037163843457,Normal,0
1.0593228758251163,-0.9017475091686906,6.771300307855843,-2.213403292431124,0.1554572472544984,0.4379858753899234,0.4612167222492598,1.0476516282564179,-0.42307375324199836,-4.368064058850528,-0.08685014625147987,-1.2936436403555174,-1.7244388121819363,0.980082785457863,-0.0961501317070188,-0.9766843824632958,2.099994224717456,-0.6153471506330717,-1.088079194025616,4.852457195171196,Shellcode,1
-3.9622316015151227,4.332078536263687,-4.125619429210722,-3.2897450681443625,-0.5149061731076447,4.729489209774527,-1.0345752185854353,0.05126132396498018,0.9212357908422122,0.600243917544439,0.6703041192930385,-0.4642923298172009,-6.8110170131279135,0.6861725982118193,2.3693745045271886,1.8908560937439705,-0.6401490458558832,0.19016249365718166,-2.23827313129519,4.236204211153201,Normal,0
1.0481079535683908,3.684106922079986,-0.08785649811451446,-3.579551184931282,1.8619118226641431,-1.3634060390195613,-3.8535791640341364,0.43759393805656277,0.4670593545708863,-0.3818720682251904,-0.7922234617203057,-0.978170168124813,-3.5929812598261397,0.39764497401543053,0.5488474853020047,2.5914630048492375,1.991529121110367,0.3749015427999338,1.6438328616634381,-2.229993655120845,Normal,0
-1.3044517799444173,1.4329267664461367,5.030214297717043,-1.0662651932698648,-3.4035952978398782,1.4310698301514413,4.100423173889672,-3.000490927604541,-0.5195862624966334,1.6624496214552913,-0.4841993876773266,-4.46118849987055,-5.207909173973894,-0.5742154519063031,1.765758504661037,-5.126109557062307,2.751361244083877,-0.9242775035535636,-0.8542945079060031,12.87443200737902,Exploits,1
-0.004685939721201571,-1.5435093086325375,-0.08715431792071157,-4.255441654426757,-2.6643121560720187,0.1877309167099046,6.114121164361659,-0.07674924415210871,2.0932533254281216,3.899217944674912,-1.2394905976275907,-0.5384190966684774,-11.81997718954885,0.28095124885799544,-0.015330902138309899,-1.6848306940828004,3.7122484446488313,0.13917408865938882,-4.321515852357098,3.48374609199147,Exploits,1
-0.17826859712322207,-1.5206486258480296,-5.536767244132269,-0.16185092677008295,1.438029417662086,0.49918255899614106,-0.12155449002324227,0.40502731901974887,0.9853160736381289,1.0052874610639018,-0.4920674900349718,2.3496324100113632,-1.9627860681297973,-0.5575230612432738,2.830444717978266,-1.248320487394746,1.463984221971747,1.3271931036461422,1.1031396989953735,2.714938135749376,DoS,1
0.13072305536149487,-1.688371141807675,-0.7907423987565729,-1.0680778640639084,-1.0032940801539296,0.8005636302128954,2.0727264071751628,-2.2600170546228506,0.7302265725826957,1.3290911696846228,-0.05851409750547615,-2.7520806031273253,3.4756336751899006,2.731659000440644,-0.17931824721470124,0.020724166656508114,-4.2045462721400515,-0.6459965792539221,0.3961043831565477,-0.21101264846785373,Normal,0
0.7941783508025477,-2.886693864338617,-1.8245217905341657,2.081730967153816,-2.917887347551435,5.320163681009767,0.528831608788283,3.2462359839772414,0.4387350400574757,-3.149525018310939,0.5045642753344656,1.7203954836929882,6.0049763199573,1.2285293164406268,-0.7613308811843265,-3.8723232073606964,4.575798723641364,-2.8876138501461193,4.518182994479087,9.452361737518364,Fuzzers,1
1.5180139785462474,1.6878526142646626,4.428356255246547,-4.264737099284133,-3.7658550466553766,0.6402041047794316,-4.355320497876045,5.16617075078689,-0.07139256955863768,2.2761443899564138,-0.6879024189448028,-1.5435439103562874,-7.040008983816156,0.7367903744436601,1.1116661749941563,0.5786448345867357,0.49636819504417096,0.17336160995703365,-3.309291683957125,-3.4964392313302364,Exploits,1
-0.6466921893789745,-0.2947686404325798,3.9934077313361303,2.65603436023451,-2.6375450372125027,-5.0064631568569125,-4.51200326612427,-2.4147934615263633,-0.40877198484214833,-1.3138215596901173,1.806234538346511,-0.35424547327689315,-7.5500102468265995,-0.8323154695467397,3.2161818588116375,-0.7574226624513436,-0.10659024862839583,-0.21898674353356198,0.09352395079890696,-0.7285362122142521,Normal,0
-0.6456664649221703,-0.5072276835140044,-5.704384727948704,1.894315313369052,0.3946160319639047,-4.732995151305225,-3.987426363574386,-2.198607613661234,-1.010878142281039,-0.5379429864597238,-0.3097691784162778,2.7316942871564844,-4.503794809896709,0.49986161047286753,0.6701781549090816,3.5337806498336457,-0.33717841724309894,-2.0307962694660584,2.7297387357071417,-7.914819944195326,Normal,0
-2.044092177892873,-1.0159723820133655,0.836088478948634,-1.7667087619685757,-4.037341629288067,-3.672805685749268,-0.5659409806284175,-3.1470543763900145,-1.130804204552444,-1.860843241162568,0.5090683899290029,1.2249114884674692,-13.237443482611654,-0.2213709098468572,0.2354481223707836,-2.06234952405626,3.5335754131493715,1.412667803259167,0.5260861288951733,2.665789699574436,Normal,0
-0.4085809011769659,1.1583997552550047,4.882964751641787,-3.0125645029384547,-1.2049032960302033,-1.055957745300034,3.9111489463485283,-1.8290286041200758,0.8566434746138281,0.11755803493297212,0.1774182393621818,-1.4172796022785294,-5.955362847033875,-1.3280285570314605,-2.0137852444010793,-2.736652679332062,3.550435767649692,-0.03050666624065749,-1.6615363025312762,4.828368632350668,Generic,1
1.2186184599135572,-2.0409315731651945,-3.665089169427559,-2.5613011943345203,0.6619372141407462,-1.0154459530506355,-2.111126996807365,-1.7659831867425702,0.7165772397413153,-1.3743068388217523,-1.1063432565651852,3.267841057167273,-11.076489548500438,0.3596239213439461,3.4446780683033706,3.018136907578306,-0.26794402473879564,-0.4958797237393189,-2.9441018895828392,-3.83935719115218,Exploits,1
3.3978413147075677,-4.296808171207729,0.9426027749491419,-1.199342896008094,-3.51292987727013,1.0094315738122501,-1.4584523532145606,-0.8564150581174257,-0.4976276827539759,-2.93875970317636,-0.5908055511008885,-0.34947390191655847,-10.008037396389721,-1.4529813548115285,4.93092075512898,0.1585553029589697,3.059676686441013,-0.2362107809786783,-0.34347523344671393,5.443767755324396,Backdoor,1
-3.283283408006291,1.920803844513507,-8.905380661738405,2.006902532886432,6.6616403817777385,3.88395804956654,9.148329519875594,0.4783952846656949,0.6091953628513523,2.886868045543614,0.9788266599955283,-2.0712923681531406,8.17644290234538,0.6767224939729514,-1.3811371018259924,4.220039635595316,1.0739826367314569,1.243558559582438,1.086210301256767,4.783146103936819,Normal,0
-3.8840943057600845,5.065564462162419,-4.824538896452191,1.5039644234099194,1.556548365580586,3.5721481850922157,1.9980499403901317,-3.15206035753008,0.7380554120730056,2.1075763137653754,-0.8115996148578879,-1.0934660152555145,7.5632075511702785,-1.1376788652301149,-1.6341055353081333,-0.40012936627851126,-2.4313528578751122,1.933632702522386,2.0525735412160646,3.557937178124561,Shellcode,1
-3.092288888461181,1.984328537677567,-6.193940782983832,-3.2600070796123095,-0.1658697512649825,3.5141892065923552,4.597406218446043,-0.8069935013338593,-0.8247034572684357,3.2600739077140806,-0.3698655827853876,-2.4277571784884637,-4.668859099024366,-0.13407461084727904,0.8668242075237131,0.9280390403996623,1.4870493360178207,-0.0917842896280856,0.015188082185812801,6.545795158334785,Analysis,1
0.357293905851509,0.21778651364497503,-4.88533657324406,-3.5417329263911324,2.961403597594045,-0.33672176102960005,4.431751172911495,-0.5851651294991236,-0.12499866610595538,2.315381806442681,0.980358828441589,-1.4349237091857288,1.1623982658812446,1.0350527037239867,-2.5858175588640555,3.055650800110419,0.5611418765507754,-0.07257622631079434,1.2919183678288926,-2.673163922025417,Normal,0
